Date,btc_vol_compression_z
2018-01-30,-1.0259609064265456
2018-01-31,-1.017322865153948
2018-02-01,-0.9655998339409783
2018-02-02,-0.9564340514057758
2018-02-03,-0.9714210699691308
2018-02-04,-0.7738102084296026
2018-02-05,-1.0327212100312144
2018-02-06,-1.2907367161558352
2018-02-07,-1.2367854103792326
2018-02-08,-1.368919197308465
2018-02-09,-1.4081590321948003
2018-02-10,-1.2886809258546232
2018-02-11,-1.263305596109926
2018-02-12,-1.402359416474554
2018-02-13,-1.3914442029751597
2018-02-14,-1.552504128987202
2018-02-15,-1.2728350371523958
2018-02-16,-1.2586473298806384
2018-02-17,-1.3416884312421045
2018-02-18,-1.3676916513769497
2018-02-19,-1.2481544993324387
2018-02-20,-1.106054319840439
2018-02-21,-1.1091809049348706
2018-02-22,-1.161811009074374
2018-02-23,-1.1397325400646723
2018-02-24,-1.1628423035222746
2018-02-25,-1.159056218058575
2018-02-26,-1.2203723805930977
2018-02-27,-1.2184798268870953
2018-02-28,-1.2018578857358986
2018-03-01,-1.0697626104584979
2018-03-02,-1.0649347757587664
2018-03-03,-0.8949216106099072
2018-03-04,-0.8576316503647984
2018-03-05,-0.8412108529592408
2018-03-06,-0.7521057246847465
2018-03-07,-0.38738267406733906
2018-03-08,-0.2733370671870134
2018-03-09,-0.261453742643801
2018-03-10,-0.20321739548702744
2018-03-11,-0.25467529714103837
2018-03-12,-0.2791504298088181
2018-03-13,-0.20598306818144216
2018-03-14,-0.2281990615450827
2018-03-15,-0.19993808040678474
2018-03-16,0.018842752893808302
2018-03-17,0.09666035061713706
2018-03-18,0.06022674502082956
2018-03-19,0.17387351069862664
2018-03-20,0.1859648186161792
2018-03-21,0.28962515168305847
2018-03-22,0.29679873369578785
2018-03-23,0.3549029469605726
2018-03-24,0.4273103485324908
2018-03-25,0.44874880276716184
2018-03-26,0.47095993410344617
2018-03-27,0.43431052206302445
2018-03-28,0.5720332173030417
2018-03-29,0.43033260751771213
2018-03-30,0.4216620314964843
2018-03-31,0.5094596129264138
2018-04-01,0.5253284283561023
2018-04-02,0.5275973392146225
2018-04-03,0.4276406474014926
2018-04-04,0.3372484691688023
2018-04-05,0.3991438586729465
2018-04-06,0.4845850315280745
2018-04-07,0.46997682166575494
2018-04-08,0.45461326126561946
2018-04-09,0.47796773795052583
2018-04-10,0.6649664285386644
2018-04-11,0.664960931033988
2018-04-12,0.2199761238725004
2018-04-13,0.43551539032550063
2018-04-14,0.4324956728544842
2018-04-15,0.3911991708654462
2018-04-16,0.42727525242785563
2018-04-17,0.4537527595688858
2018-04-18,0.48838690568653703
2018-04-19,0.5109833845850217
2018-04-20,0.4087801195777109
2018-04-21,0.42463430278657016
2018-04-22,0.4310884648687388
2018-04-23,0.44711517461460865
2018-04-24,0.3108750477599049
2018-04-25,0.1618111288502176
2018-04-26,0.1825930498926384
2018-04-27,0.16012841896460173
2018-04-28,0.39807750279203946
2018-04-29,0.46227405580343794
2018-04-30,0.44893229175439686
2018-05-01,0.46316223601866924
2018-05-02,0.48545673466639855
2018-05-03,0.4880729497639133
2018-05-04,0.7061144992200143
2018-05-05,0.7242664187617813
2018-05-06,0.7440712232833339
2018-05-07,0.7307501093404746
2018-05-08,0.7224735517119589
2018-05-09,0.7908700621968677
2018-05-10,0.7527694348805882
2018-05-11,0.6110240533555901
2018-05-12,1.0776279632882388
2018-05-13,1.0687200828780878
2018-05-14,1.0761714035988554
2018-05-15,1.1113942170902336
2018-05-16,1.1430517212759785
2018-05-17,1.1236133432156443
2018-05-18,1.1500201215038401
2018-05-19,1.1615667097469144
2018-05-20,1.2775845659242533
2018-05-21,1.2783952119357636
2018-05-22,1.2210484265619583
2018-05-23,1.1299711983576817
2018-05-24,1.416535437347723
2018-05-25,1.6650165455388617
2018-05-26,1.7833225736573508
2018-05-27,1.7986531049996324
2018-05-28,1.8637964628952652
2018-05-29,1.733479729200668
2018-05-30,1.7306725394037956
2018-05-31,1.710032547998288
2018-06-01,1.710123325936573
2018-06-02,1.848390719656018
2018-06-03,1.824648923350467
2018-06-04,1.8247851027474693
2018-06-05,1.7958702677934881
2018-06-06,1.8028810389773318
2018-06-07,1.7916040800332615
2018-06-08,1.791902915336064
2018-06-09,1.805037593833684
2018-06-10,1.588181005520957
2018-06-11,1.5656555458235317
2018-06-12,1.5410611180896197
2018-06-13,1.5105670520527494
2018-06-14,1.37863255904887
2018-06-15,1.352739037496582
2018-06-16,1.3524542995057844
2018-06-17,1.3703680114476995
2018-06-18,1.3005974005934144
2018-06-19,1.3421284896532104
2018-06-20,1.3341457713942957
2018-06-21,1.3807421709328316
2018-06-22,1.1986367798420026
2018-06-23,1.1854282699404508
2018-06-24,1.1812970196991468
2018-06-25,1.171352500581276
2018-06-26,1.1570909934464464
2018-06-27,1.1687819424777677
2018-06-28,1.2164189022650926
2018-06-29,1.0994359398670468
2018-06-30,1.0683762323516557
2018-07-01,1.0702799255195314
2018-07-02,1.0288750784074723
2018-07-03,1.0317494399207734
2018-07-04,1.0387145701971656
2018-07-05,1.046448891945364
2018-07-06,1.0448976342284637
2018-07-07,1.0169183367361287
2018-07-08,1.0149840412916056
2018-07-09,1.0173553188850484
2018-07-10,1.2023446324096727
2018-07-11,1.2090099024529035
2018-07-12,1.2581344526774696
2018-07-13,1.298852846511777
2018-07-14,1.3935466988846528
2018-07-15,1.4208240740261475
2018-07-16,1.2996003723281015
2018-07-17,1.0747088743682882
2018-07-18,1.1034837995730618
2018-07-19,1.0974566096807363
2018-07-20,1.0808632264427707
2018-07-21,1.0775210599155063
2018-07-22,1.4177793404636538
2018-07-23,1.3727953722867456
2018-07-24,1.132142701839507
2018-07-25,1.077645372851989
2018-07-26,1.0645446857712606
2018-07-27,1.0496304319573724
2018-07-28,1.1275186229386807
2018-07-29,1.1790848616928546
2018-07-30,1.1802205913711086
2018-07-31,1.072633154475766
2018-08-01,1.0726944465519448
2018-08-02,1.0719569708894512
2018-08-03,1.0509274554642871
2018-08-04,0.9434404189183028
2018-08-05,0.9383138471289367
2018-08-06,0.943081983088656
2018-08-07,0.9169750214259323
2018-08-08,0.7863536264298692
2018-08-09,0.8402932271417187
2018-08-10,0.7382282801311253
2018-08-11,0.7444361133709417
2018-08-12,0.7397247041772101
2018-08-13,0.7353881900145962
2018-08-14,0.7288241345747737
2018-08-15,0.8220026169709491
2018-08-16,1.0619797746385733
2018-08-17,1.0008513947389992
2018-08-18,0.9918352557867961
2018-08-19,0.9834326050948586
2018-08-20,0.9641226868081122
2018-08-21,0.9278420711167447
2018-08-22,0.9822368973482847
2018-08-23,1.2849092735988161
2018-08-24,1.251371550857923
2018-08-25,1.2606022000726862
2018-08-26,1.2953880375263402
2018-08-27,1.2554555356801629
2018-08-28,1.2078327167648464
2018-08-29,1.2041723864429348
2018-08-30,1.2735975556565229
2018-08-31,1.2766500863309416
2018-09-01,1.2533233297205635
2018-09-02,1.2544109160745032
2018-09-03,1.3637683178498465
2018-09-04,1.3536509120740532
2018-09-05,1.1364113280878698
2018-09-06,1.1104687066952912
2018-09-07,1.2622915096542282
2018-09-08,1.2711506528866219
2018-09-09,1.3922918307729815
2018-09-10,1.398488263341834
2018-09-11,1.394137480572636
2018-09-12,1.3896436034795145
2018-09-13,1.3719056525791362
2018-09-14,1.3744274280067061
2018-09-15,1.3661255415337419
2018-09-16,1.4167302329349052
2018-09-17,1.377731590161065
2018-09-18,1.3676750890868932
2018-09-19,1.3971870108105513
2018-09-20,1.40740866422281
2018-09-21,1.3711336417127695
2018-09-22,1.3846478682219563
2018-09-23,1.4083160871807376
2018-09-24,1.3893124174459126
2018-09-25,1.3633775435321014
2018-09-26,1.384633754191025
2018-09-27,1.3838263825691517
2018-09-28,1.3763884943919382
2018-09-29,1.3701870569813646
2018-09-30,1.3654343711557546
2018-10-01,1.3826364660412094
2018-10-02,1.3827928707469743
2018-10-03,1.3736679377196714
2018-10-04,1.3691622295417056
2018-10-05,1.6346273935554516
2018-10-06,1.7091040926644054
2018-10-07,1.703195377437044
2018-10-08,1.7859367822186003
2018-10-09,1.778646946715584
2018-10-10,1.759034915583594
2018-10-11,1.5893025188297567
2018-10-12,1.5799363333196954
2018-10-13,1.6103257025175761
2018-10-14,1.599459545575014
2018-10-15,1.460993389581776
2018-10-16,1.45387304240714
2018-10-17,1.514572158695915
2018-10-18,1.5093113986655595
2018-10-19,1.5023589645039948
2018-10-20,1.5133624575488636
2018-10-21,1.5710497577256888
2018-10-22,1.563435364931795
2018-10-23,1.5560379393539119
2018-10-24,1.5632242728794148
2018-10-25,1.5856178042346025
2018-10-26,1.580911466270597
2018-10-27,1.6246626041456815
2018-10-28,1.6173645520202544
2018-10-29,1.5775928690227432
2018-10-30,1.5709946038281566
2018-10-31,1.563832045034238
2018-11-01,1.549744759945087
2018-11-02,1.544986714832713
2018-11-03,1.5456872743306669
2018-11-04,1.5412628558522925
2018-11-05,1.5308488768007842
2018-11-06,1.5201190405194418
2018-11-07,1.508348400304
2018-11-08,1.4931518658778646
2018-11-09,1.483155341480827
2018-11-10,1.6427885750125895
2018-11-11,1.6336434149609094
2018-11-12,1.6204260247220363
2018-11-13,1.609874755201778
2018-11-14,1.222892842008642
2018-11-15,1.2121292665413075
2018-11-16,1.2034954197590848
2018-11-17,1.1985096350757354
2018-11-18,1.1795035214356087
2018-11-19,0.6174906458386192
2018-11-20,0.46235536433567465
2018-11-21,0.41235742964416433
2018-11-22,0.37375669736330425
2018-11-23,0.3767024387657742
2018-11-24,0.17717183630517486
2018-11-25,0.12914002597858168
2018-11-26,0.09734539284009985
2018-11-27,0.08682848255710836
2018-11-28,-0.23698346580204996
2018-11-29,-0.23928024108354723
2018-11-30,-0.27929695572686547
2018-12-01,-0.3387068010332275
2018-12-02,-0.33489445064241924
2018-12-03,-0.36841349484164354
2018-12-04,-0.379182822597575
2018-12-05,-0.391920277558106
2018-12-06,-0.41642022235513915
2018-12-07,-0.40576920698366137
2018-12-08,-0.4307991267718791
2018-12-09,-0.49095200643255665
2018-12-10,-0.48959652647387897
2018-12-11,-0.4872504254018077
2018-12-12,-0.5109180614612344
2018-12-13,-0.5246437636688172
2018-12-14,-0.422046911703856
2018-12-15,-0.42962532481581883
2018-12-16,-0.4411956019849281
2018-12-17,-0.6289039239830128
2018-12-18,-0.6713855795371649
2018-12-19,-0.4256091799151874
2018-12-20,-0.517555298566072
2018-12-21,-0.5514155453308286
2018-12-22,-0.5362261874450985
2018-12-23,-0.5426792924732249
2018-12-24,-0.3447684293910716
2018-12-25,-0.41277114969570944
2018-12-26,-0.3583291002613822
2018-12-27,-0.4178578843420284
2018-12-28,-0.274937966767143
2018-12-29,-0.29356034805886
2018-12-30,-0.23260340548720126
2018-12-31,-0.20583212941115764
2019-01-01,-0.2279935081444559
2019-01-02,-0.17488522633784176
2019-01-03,-0.19601353880862998
2019-01-04,-0.14343957718220157
2019-01-05,-0.051438292042928706
2019-01-06,-0.1024338186124476
2019-01-07,-0.11386504671388784
2019-01-08,-0.09011398082611405
2019-01-09,-0.0637760961759507
2019-01-10,-0.2605501545180793
2019-01-11,-0.26108435645575045
2019-01-12,-0.2017755356735937
2019-01-13,-0.2194121356655567
2019-01-14,-0.2600107264451092
2019-01-15,-0.28075623016093276
2019-01-16,-0.09830425949956718
2019-01-17,-0.06054357394153589
2019-01-18,-0.06295733376250343
2019-01-19,0.23704012298409707
2019-01-20,0.2955083018415458
2019-01-21,0.32491353327231154
2019-01-22,0.3160209425652139
2019-01-23,0.32888451894024306
2019-01-24,0.45497101111252386
2019-01-25,0.45624804479649383
2019-01-26,0.5502255986199864
2019-01-27,0.7726500340434137
2019-01-28,0.7566657088430198
2019-01-29,0.7617788861965286
2019-01-30,0.7864266473938982
2019-01-31,0.8199452735697074
2019-02-01,0.8486496895876111
2019-02-02,0.8634877109224791
2019-02-03,0.8541849961143443
2019-02-04,0.849455959056025
2019-02-05,1.0520393024893746
2019-02-06,1.046388904031708
2019-02-07,1.0454023491816409
2019-02-08,0.7060548101580377
2019-02-09,1.0834253286032987
2019-02-10,1.079576857939483
2019-02-11,1.0723405543626576
2019-02-12,1.1241601566940365
2019-02-13,1.234715879898613
2019-02-14,1.2608622346269935
2019-02-15,1.2621271646914183
2019-02-16,1.2630412253899546
2019-02-17,1.2545385102931648
2019-02-18,1.0095562891517975
2019-02-19,1.088534366743647
2019-02-20,1.0875800814730427
2019-02-21,1.072747953703569
2019-02-22,1.0710697792678434
2019-02-23,1.0141622134990447
2019-02-24,0.6207903031554239
2019-02-25,0.6041818541020864
2019-02-26,0.5993936787007726
2019-02-27,0.6607174221294534
2019-02-28,0.6640126416686375
2019-03-01,0.6640082728948643
2019-03-02,0.6694009257094349
2019-03-03,0.6640647300992624
2019-03-04,0.6270932375494515
2019-03-05,0.5863263780681713
2019-03-06,0.5844043437102888
2019-03-07,0.580305327755274
2019-03-08,0.5955950279471863
2019-03-09,0.5897387812495596
2019-03-10,0.930628891813853
2019-03-11,0.9129865992281605
2019-03-12,0.9097027030093586
2019-03-13,0.9179497656387752
2019-03-14,0.9139527186886601
2019-03-15,0.9125483909839135
2019-03-16,0.8882439243903314
2019-03-17,0.8776523836089806
2019-03-18,0.8730001794480534
2019-03-19,0.8708442627845774
2019-03-20,1.164587405484016
2019-03-21,1.1428952254562614
2019-03-22,1.149634253224835
2019-03-23,1.1548738823475961
2019-03-24,1.1598347229651256
2019-03-25,1.2372716374157062
2019-03-26,1.910651899706839
2019-03-27,1.8590994834654322
2019-03-28,1.8510446252572093
2019-03-29,1.8352492958019269
2019-03-30,1.8224285634562196
2019-03-31,1.8085122015575494
2019-04-01,1.780940949446444
2019-04-02,-0.18986001152727267
2019-04-03,-0.15067853769508902
2019-04-04,-0.13744559054557468
2019-04-05,-0.148893486184469
2019-04-06,-0.15040685708891188
2019-04-07,-0.16179807736015941
2019-04-08,-0.16596073925933733
2019-04-09,-0.19370562683974654
2019-04-10,-0.18005711387925052
2019-04-11,-0.3429236781049044
2019-04-12,-0.34376707489441755
2019-04-13,-0.3488154525800921
2019-04-14,-0.35301601337628713
2019-04-15,-0.3851858804814871
2019-04-16,-0.40658686790293075
2019-04-17,-0.4088340227869494
2019-04-18,-0.41174103428577347
2019-04-19,-0.41639947332102567
2019-04-20,-0.39380551449647483
2019-04-21,-0.4009044494633712
2019-04-22,-0.40358473809874956
2019-04-23,-0.4184602648496032
2019-04-24,-0.43513712005845345
2019-04-25,-0.5895148178593532
2019-04-26,-0.5838690645071707
2019-04-27,-0.5871908862361154
2019-04-28,-0.5926606179028123
2019-04-29,-0.6059339372978989
2019-04-30,-0.6107076177536187
2019-05-01,-0.6138976594422986
2019-05-02,1.0374478103192895
2019-05-03,0.8966209877255022
2019-05-04,0.9088743103102113
2019-05-05,0.9186325197574168
2019-05-06,0.89968338094801
2019-05-07,0.9301856960350084
2019-05-08,0.899876693410869
2019-05-09,0.872341366551499
2019-05-10,0.8321982038776435
2019-05-11,0.08067014658538359
2019-05-12,-0.02984937397183933
2019-05-13,-0.624897581073614
2019-05-14,-0.6282899431535389
2019-05-15,-0.5737979293160176
2019-05-16,-0.6999982010943396
2019-05-17,-0.9930722336630865
2019-05-18,-1.0109918122735795
2019-05-19,-1.520161846748317
2019-05-20,-1.5750365964421926
2019-05-21,-1.5640743027878874
2019-05-22,-1.644575035867288
2019-05-23,-1.6302951518907605
2019-05-24,-1.5831791633284966
2019-05-25,-1.4383662018038097
2019-05-26,-1.5624103174473836
2019-05-27,-1.5382367016418566
2019-05-28,-1.5479979365680656
2019-05-29,-1.5378532390224642
2019-05-30,-1.6376739189431644
2019-05-31,-1.6324405465433207
2019-06-01,-1.6316729172939421
2019-06-02,-1.5859306159698574
2019-06-03,-1.7621202809650747
2019-06-04,-1.9079660383405557
2019-06-05,-1.8811329989602816
2019-06-06,-1.8701327227822753
2019-06-07,-1.8575755650673362
2019-06-08,-1.8429117191008786
2019-06-09,-1.8642934345029403
2019-06-10,-1.4006858865781024
2019-06-11,-1.3524978686245173
2019-06-12,-0.8704210428283772
2019-06-13,-0.8524947537428895
2019-06-14,-0.9382307966782253
2019-06-15,-0.8718527804036244
2019-06-16,-0.6545402631679743
2019-06-17,-0.6706971776884088
2019-06-18,-0.06780410225706252
2019-06-19,-0.0322200458387316
2019-06-20,-0.05154892021824392
2019-06-21,-0.11414041740502903
2019-06-22,-0.19650352847595315
2019-06-23,-0.1967926263271674
2019-06-24,-0.1969927844696578
2019-06-25,-0.1599674203777362
2019-06-26,-0.533223938732738
2019-06-27,-1.3789704165690047
2019-06-28,-1.6696877497273666
2019-06-29,-1.6498089895614132
2019-06-30,-1.9663806352709579
2019-07-01,-1.9751588641481785
2019-07-02,-1.960451226707987
2019-07-03,-2.056017352775841
2019-07-04,-2.045110889766057
2019-07-05,-2.06099993150323
2019-07-06,-2.041335515095711
2019-07-07,-2.021317827484688
2019-07-08,-2.076641141333763
2019-07-09,-1.994783042537754
2019-07-10,-2.02870147597015
2019-07-11,-2.159720591101715
2019-07-12,-2.1525981768257267
2019-07-13,-2.1913043876112925
2019-07-14,-2.40076943319743
2019-07-15,-2.4389708863135118
2019-07-16,-2.8028323047803174
2019-07-17,-2.752237288568231
2019-07-18,-2.873372190086204
2019-07-19,-2.837798254551944
2019-07-20,-2.796284093309559
2019-07-21,-2.7006824741228037
2019-07-22,-2.627799875171097
2019-07-23,-2.6262802754576633
2019-07-24,-2.591330606584375
2019-07-25,-2.46439832651094
2019-07-26,-2.210353610392944
2019-07-27,-1.8428952547354323
2019-07-28,-1.5446581920285543
2019-07-29,-1.5157043806920711
2019-07-30,-1.3180989772766054
2019-07-31,-1.363529717397564
2019-08-01,-1.3689349037394265
2019-08-02,-1.0793560683777348
2019-08-03,-1.0043146107198853
2019-08-04,-0.9928474562639505
2019-08-05,-1.1182665551508943
2019-08-06,-1.1260615930891014
2019-08-07,-1.0309379351800794
2019-08-08,-1.0134377433152475
2019-08-09,-0.9838303921933836
2019-08-10,-0.9166197595360555
2019-08-11,-0.8783498462853111
2019-08-12,-0.8452051955876984
2019-08-13,-0.6148448720329478
2019-08-14,-0.6776853492795277
2019-08-15,-0.17650029699450157
2019-08-16,-0.16310670718792122
2019-08-17,0.1820535015125939
2019-08-18,0.18227844963452677
2019-08-19,0.08761823231089347
2019-08-20,0.08938883435628055
2019-08-21,-0.012814412029581055
2019-08-22,0.05485932958891066
2019-08-23,0.03677917159854011
2019-08-24,0.016318445152769173
2019-08-25,0.018094005024417638
2019-08-26,0.06892087439044907
2019-08-27,0.054691834487482556
2019-08-28,-0.01382614539500076
2019-08-29,-0.03377571043399109
2019-08-30,0.05409233268644547
2019-08-31,0.09349941866308382
2019-09-01,0.09255899281174675
2019-09-02,-0.011068578074468163
2019-09-03,-0.028643025014491903
2019-09-04,0.1962841444898697
2019-09-05,0.2209930744095047
2019-09-06,0.28424430551723473
2019-09-07,0.27051011935595554
2019-09-08,0.2716836043296829
2019-09-09,0.33458385851181444
2019-09-10,0.33616691796290904
2019-09-11,0.33639065389024064
2019-09-12,0.3799468088513077
2019-09-13,0.6498675796086181
2019-09-14,0.6801760969704054
2019-09-15,0.681672699550889
2019-09-16,0.6891151910543982
2019-09-17,0.694429962191836
2019-09-18,0.8572007573696252
2019-09-19,0.861158301113674
2019-09-20,1.0493569196250372
2019-09-21,1.03204199817682
2019-09-22,1.0768896212858554
2019-09-23,1.0406489484338306
2019-09-24,0.41991363186966
2019-09-25,0.45198602456423437
2019-09-26,0.4008804176679796
2019-09-27,0.4366092574607513
2019-09-28,0.45504626928319175
2019-09-29,0.4582152807266562
2019-09-30,0.4278417891005827
2019-10-01,0.4382622240962697
2019-10-02,0.6312007478852044
2019-10-03,0.6847906270789876
2019-10-04,0.686883513927857
2019-10-05,0.6912281504439034
2019-10-06,0.6953928500514812
2019-10-07,0.6471961017360967
2019-10-08,0.649494402424412
2019-10-09,0.5311740762013798
2019-10-10,0.5456651040756151
2019-10-11,0.5263552866434362
2019-10-12,0.5657994224511853
2019-10-13,0.5681270902216262
2019-10-14,0.5653189346774159
2019-10-15,0.5614769057476988
2019-10-16,0.5577633019917214
2019-10-17,0.5517971667971677
2019-10-18,0.5520512905512344
2019-10-19,0.5604882863038029
2019-10-20,0.5028902256148113
2019-10-21,0.5070426426103603
2019-10-22,0.5085222001804081
2019-10-23,0.37327508991551656
2019-10-24,0.9398392147537978
2019-10-25,-0.11763358628001164
2019-10-26,-0.18168811155886008
2019-10-27,-0.19978804580960513
2019-10-28,-0.23822160866583117
2019-10-29,-0.22325406624975644
2019-10-30,-0.23499366805386418
2019-10-31,-0.23139337485786732
2019-11-01,-0.22726886557621473
2019-11-02,-0.20925999342440757
2019-11-03,-0.20759837731806197
2019-11-04,-0.20541548565964185
2019-11-05,-0.18405495025506752
2019-11-06,-0.15482281595118644
2019-11-07,-0.15640994766624033
2019-11-08,-0.1900719525999554
2019-11-09,-0.18541784440558134
2019-11-10,-0.16308975424717553
2019-11-11,-0.2034380304111194
2019-11-12,-0.1984374867058667
2019-11-13,-0.1933072729047253
2019-11-14,-0.17782586922512675
2019-11-15,-0.18376776923878274
2019-11-16,-0.17983077544821194
2019-11-17,-0.1629749719791528
2019-11-18,-0.20041762446794106
2019-11-19,-0.17734021523757906
2019-11-20,-0.19332552203214337
2019-11-21,-0.2580295200137476
2019-11-22,-0.15785198775593332
2019-11-23,-0.1637000935976059
2019-11-24,0.8344241551069972
2019-11-25,1.1206805511790632
2019-11-26,1.2016485611658791
2019-11-27,1.0675567162872899
2019-11-28,1.100489889126626
2019-11-29,0.9854868128497801
2019-11-30,0.9613226024168637
2019-12-01,0.957110077676158
2019-12-02,0.9610746112469265
2019-12-03,0.9529989912500366
2019-12-04,0.9897609339960718
2019-12-05,0.9151281249715053
2019-12-06,0.8916553742946558
2019-12-07,0.8838744956879633
2019-12-08,0.9884783503914975
2019-12-09,0.9695530847120436
2019-12-10,1.0254704772152674
2019-12-11,1.0620191679738822
2019-12-12,1.060709321656156
2019-12-13,1.0509259127681432
2019-12-14,1.035338529046445
2019-12-15,1.0458632431297337
2019-12-16,1.0132119867889333
2019-12-17,0.9425257491950763
2019-12-18,0.42431057485365425
2019-12-19,0.4221084650323696
2019-12-20,0.4325218655514308
2019-12-21,0.5296434069125809
2019-12-22,0.527587554394823
2019-12-23,0.5088855595928597
2019-12-24,0.6225487973435324
2019-12-25,0.623706555945717
2019-12-26,0.6226571158108728
2019-12-27,0.7183266928209829
2019-12-28,0.7171055743294542
2019-12-29,0.7936558105176006
2019-12-30,0.8059162734968754
2019-12-31,0.8115504224074127
2020-01-01,0.8172143522340088
2020-01-02,0.7639195515284252
2020-01-03,0.6161897496767308
2020-01-04,0.6470089063354534
2020-01-05,0.653245878478158
2020-01-06,0.5281003252681864
2020-01-07,0.4052220845990862
2020-01-08,0.423989638784651
2020-01-09,0.40172204640161036
2020-01-10,0.3534222705928563
2020-01-11,0.3310221713861367
2020-01-12,0.31723622716285754
2020-01-13,0.338324373162711
2020-01-14,0.057387389036507884
2020-01-15,0.11675499654880622
2020-01-16,0.21884825251497575
2020-01-17,0.5887193100978226
2020-01-18,0.6004694339044194
2020-01-19,0.5388259663199896
2020-01-20,0.5348893602420381
2020-01-21,0.6126068064515013
2020-01-22,0.6396592310788086
2020-01-23,0.567908698642094
2020-01-24,0.5738582375214847
2020-01-25,0.5669287472749767
2020-01-26,0.5405686344303214
2020-01-27,0.4935715880768461
2020-01-28,0.40219834027417123
2020-01-29,0.4282045709769181
2020-01-30,0.44861238032995027
2020-01-31,0.4183763093785334
2020-02-01,0.4984597517444645
2020-02-02,0.5826896240470586
2020-02-03,0.5732777522848519
2020-02-04,0.5558398071602878
2020-02-05,0.5626795036623535
2020-02-06,0.6693615780035067
2020-02-07,0.6866222515098553
2020-02-08,0.7457997712030804
2020-02-09,0.777450241798016
2020-02-10,0.7459329887393854
2020-02-11,0.7090414771629805
2020-02-12,0.7211595707769212
2020-02-13,1.0815969199262607
2020-02-14,1.0855569771401636
2020-02-15,0.9586824501407956
2020-02-16,0.98520020442727
2020-02-17,0.9361908374008815
2020-02-18,0.8814209664143584
2020-02-19,0.708760464608342
2020-02-20,0.710690063838424
2020-02-21,0.718407372307998
2020-02-22,0.7939157511073717
2020-02-23,0.7668842020798077
2020-02-24,0.7148006392061326
2020-02-25,0.6709016917612493
2020-02-26,0.5559116331187776
2020-02-27,0.7018002759710898
2020-02-28,0.6952526944083128
2020-02-29,0.7241451390126986
2020-03-01,0.7349045954455812
2020-03-02,0.6544911479387074
2020-03-03,0.651841824611003
2020-03-04,0.6521648460629322
2020-03-05,0.5799722914024016
2020-03-06,0.70634065640796
2020-03-07,0.6914024114606652
2020-03-08,0.3101172369008098
2020-03-09,0.3077683025950108
2020-03-10,0.36125503912469875
2020-03-11,0.37726669851634387
2020-03-12,-3.231150202746363
2020-03-13,-3.517765631490067
2020-03-14,-3.4911104579962102
2020-03-15,-3.465799292086311
2020-03-16,-3.4391656905338093
2020-03-17,-3.428746832383327
2020-03-18,-3.372207393942476
2020-03-19,-3.8470819412887156
2020-03-20,-3.745054629167443
2020-03-21,-3.668494981956705
2020-03-22,-3.6200660123793904
2020-03-23,-3.715841500513185
2020-03-24,-3.668978327408623
2020-03-25,-3.597847583542509
2020-03-26,-3.5288674763125516
2020-03-27,-3.449962415797585
2020-03-28,-3.404094237519357
2020-03-29,-3.37308737859085
2020-03-30,-3.4219533603721315
2020-03-31,-3.3672020853704225
2020-04-01,-3.298528697032169
2020-04-02,-3.253103698435437
2020-04-03,-3.1980247040101686
2020-04-04,-3.132725359066164
2020-04-05,-3.081944064605907
2020-04-06,-3.08917379962935
2020-04-07,-2.957435735639952
2020-04-08,-2.9125767720421925
2020-04-09,-2.87124653395821
2020-04-10,-2.869474375289131
2020-04-11,-1.0096285941294614
2020-04-12,-0.8021151461145036
2020-04-13,-0.7109538108151964
2020-04-14,-0.6963691033819487
2020-04-15,-0.6025345541935302
2020-04-16,-0.650596128954611
2020-04-17,-0.6501907413622385
2020-04-18,-0.02264109212075853
2020-04-19,-0.026986078879367062
2020-04-20,-0.07900878132932489
2020-04-21,0.014835889309385996
2020-04-22,0.22645406757213235
2020-04-23,0.2397532875917169
2020-04-24,0.23962348972330258
2020-04-25,0.23926413733964122
2020-04-26,0.2856364861646304
2020-04-27,0.33395136166742145
2020-04-28,0.4381119633449726
2020-04-29,0.21004037556813193
2020-04-30,0.192781212377788
2020-05-01,0.1972800510717876
2020-05-02,0.20810999635775912
2020-05-03,0.20929440902355195
2020-05-04,0.21300533863982116
2020-05-05,0.22719313100379163
2020-05-06,0.32316168721231564
2020-05-07,0.2284353652843236
2020-05-08,0.22119826214277286
2020-05-09,0.19571877735858134
2020-05-10,0.07890605559627444
2020-05-11,0.06518990258478496
2020-05-12,0.06138945877974923
2020-05-13,0.0346782007764993
2020-05-14,0.002886082450698889
2020-05-15,-0.025302805917404393
2020-05-16,0.06330184167646932
2020-05-17,0.05676900192748996
2020-05-18,0.05870889742141387
2020-05-19,0.06497720586029762
2020-05-20,0.11105876030312292
2020-05-21,0.030725799055086538
2020-05-22,0.04474759990845749
2020-05-23,0.07409761999607989
2020-05-24,0.0072686965207360635
2020-05-25,0.005233068015822191
2020-05-26,0.0013701520191682526
2020-05-27,-0.02460005096864341
2020-05-28,-0.047590495337386914
2020-05-29,0.3364873864118957
2020-05-30,0.3289875119915275
2020-05-31,0.3158417379691373
2020-06-01,0.1778813871871981
2020-06-02,0.06579297639653495
2020-06-03,0.06131857098179625
2020-06-04,0.05722395903432135
2020-06-05,0.06638833099033738
2020-06-06,0.20388620693304435
2020-06-07,0.20162026725352974
2020-06-08,0.2178955667534914
2020-06-09,0.45327861346886983
2020-06-10,0.4662594156893456
2020-06-11,0.368905463675141
2020-06-12,0.4398835138812024
2020-06-13,0.5164486757775526
2020-06-14,0.5691632114961774
2020-06-15,0.5668632189495637
2020-06-16,0.59497221463494
2020-06-17,0.5943432355106989
2020-06-18,0.5922131077993336
2020-06-19,0.6006244977692037
2020-06-20,0.6758021209429284
2020-06-21,0.6775053997690027
2020-06-22,0.6308911880191224
2020-06-23,0.7121944146007972
2020-06-24,0.669200877737453
2020-06-25,0.6689535134358595
2020-06-26,0.7131891341129722
2020-06-27,0.7585386469519961
2020-06-28,0.7515597303232693
2020-06-29,0.7779203091878717
2020-06-30,0.7945032579301645
2020-07-01,1.0403918723417505
2020-07-02,1.2248011441976026
2020-07-03,1.230672219092894
2020-07-04,1.237955142138422
2020-07-05,1.238060546669837
2020-07-06,1.1610088183682519
2020-07-07,1.1548685101929905
2020-07-08,1.1258000039609726
2020-07-09,1.1087622271142972
2020-07-10,1.1073173570799952
2020-07-11,1.2788906223435073
2020-07-12,1.291104298868997
2020-07-13,1.2836359940391695
2020-07-14,1.2821303685837389
2020-07-15,1.2783761567094631
2020-07-16,1.277751261863938
2020-07-17,1.2731142256190786
2020-07-18,1.2702238699237445
2020-07-19,1.275274127442111
2020-07-20,1.2714104935253672
2020-07-21,1.2291174944699135
2020-07-22,1.3048839747402126
2020-07-23,1.2967602190079517
2020-07-24,1.378792269252214
2020-07-25,1.3597464434242215
2020-07-26,1.3279722370271791
2020-07-27,0.7114505116830067
2020-07-28,0.7000352676005843
2020-07-29,0.6908649738408357
2020-07-30,0.6919853215139534
2020-07-31,0.6817752464220956
2020-08-01,0.6536655065849675
2020-08-02,0.4721024225950355
2020-08-03,0.46510629777740864
2020-08-04,0.46439786372074365
2020-08-05,0.424060148402544
2020-08-06,0.4365988794098737
2020-08-07,0.4185879118589893
2020-08-08,0.435250596511135
2020-08-09,0.42650909581462576
2020-08-10,0.4264246739004763
2020-08-11,0.34275793830563384
2020-08-12,0.34280517982207187
2020-08-13,0.339965746844104
2020-08-14,0.3420704926023597
2020-08-15,0.3491803140978374
2020-08-16,0.3486198202245858
2020-08-17,0.3353898369326066
2020-08-18,0.3021038300021034
2020-08-19,0.2779659730263878
2020-08-20,0.2841525680693202
2020-08-21,0.25160610908028747
2020-08-22,0.25094099734123854
2020-08-23,0.25235408240542984
2020-08-24,0.2533931900262584
2020-08-25,0.20788552242127287
2020-08-26,0.6271675150896068
2020-08-27,0.6172631240446892
2020-08-28,0.6119827674209125
2020-08-29,0.6091220344057915
2020-08-30,0.6091693059780462
2020-08-31,0.6695979141461845
2020-09-01,0.8219278764837843
2020-09-02,0.7167840889325121
2020-09-03,0.30277827196105744
2020-09-04,0.36597971070302704
2020-09-05,0.3374488347585481
2020-09-06,0.33330893529242567
2020-09-07,0.3374788579012688
2020-09-08,0.32463087537270613
2020-09-09,0.33274620199312654
2020-09-10,0.36965361762801846
2020-09-11,0.3799351449180077
2020-09-12,0.3939056272183954
2020-09-13,0.3923594752567085
2020-09-14,0.34464120564537987
2020-09-15,0.33922894972235507
2020-09-16,0.3663958157096257
2020-09-17,0.3797578304431031
2020-09-18,0.39121802212427675
2020-09-19,0.3889986683670452
2020-09-20,0.4031730877435242
2020-09-21,0.3465855415301463
2020-09-22,0.3442525676915271
2020-09-23,0.329376456514423
2020-09-24,0.2669039346290305
2020-09-25,0.2715118226275008
2020-09-26,0.27543487124699606
2020-09-27,0.29018861769074455
2020-09-28,0.2897136055674252
2020-09-29,0.2959315264150572
2020-09-30,0.29555487314070783
2020-10-01,0.317588460876459
2020-10-02,0.386607436334029
2020-10-03,0.8333957710047556
2020-10-04,0.8591862535982878
2020-10-05,0.9146866591372972
2020-10-06,0.896991500149585
2020-10-07,0.8968123290361419
2020-10-08,0.9035919190126402
2020-10-09,0.8983903179245565
2020-10-10,0.8824310012723955
2020-10-11,0.8790681440431144
2020-10-12,0.869516299633037
2020-10-13,0.8675843035574404
2020-10-14,0.9203697261895291
2020-10-15,0.9213653060753375
2020-10-16,0.9152362009508571
2020-10-17,0.913268381225465
2020-10-18,0.9059175530876933
2020-10-19,0.8872641565398589
2020-10-20,0.8916181339962247
2020-10-21,0.7481327836826162
2020-10-22,0.7452187823785911
2020-10-23,0.801627232160731
2020-10-24,0.8944250518499722
2020-10-25,0.8909297483422762
2020-10-26,0.8863147944674867
2020-10-27,0.8098828340681526
2020-10-28,0.7507912257735513
2020-10-29,0.7473962173989426
2020-10-30,0.7525438376108666
2020-10-31,0.7732916651081728
2020-11-01,0.7709262434963877
2020-11-02,0.7485961180628397
2020-11-03,0.7243223943715026
2020-11-04,0.7205467189075204
2020-11-05,0.396734606923988
2020-11-06,0.3891813590692296
2020-11-07,0.26594927827276266
2020-11-08,0.228230310653448
2020-11-09,0.21550335666307827
2020-11-10,0.2083171661150183
2020-11-11,0.1984117966670061
2020-11-12,0.19284251934342578
2020-11-13,0.19295860174819085
2020-11-14,0.16790444597165224
2020-11-15,0.1786555564108233
2020-11-16,0.13964990390609533
2020-11-17,0.08330589365706413
2020-11-18,0.0829909035272342
2020-11-19,0.0759962254070761
2020-11-20,0.16946187473406452
2020-11-21,0.16357628574938624
2020-11-22,0.14547569431758073
2020-11-23,0.14106694125908123
2020-11-24,0.12748363514297856
2020-11-25,0.09751852984916791
2020-11-26,-0.13573541789715737
2020-11-27,-0.09935037224727787
2020-11-28,-0.11714949718449334
2020-11-29,-0.12269896380915178
2020-11-30,-0.24767460155280677
2020-12-01,-0.3153867756965717
2020-12-02,-0.29908382410302203
2020-12-03,-0.28920040154571064
2020-12-04,-0.3492678639747701
2020-12-05,-0.12102315241368172
2020-12-06,-0.11769059247637444
2020-12-07,-0.03507620223572257
2020-12-08,-0.07803881305426474
2020-12-09,-0.07008221621102428
2020-12-10,-0.08014813090749007
2020-12-11,-0.07424254864726422
2020-12-12,-0.08146596487162948
2020-12-13,-0.08387863864241141
2020-12-14,-0.06884359180145189
2020-12-15,-0.06176336215607644
2020-12-16,-0.23817231438518413
2020-12-17,-0.2780609459519649
2020-12-18,-0.2775687997045393
2020-12-19,-0.28626864199226737
2020-12-20,-0.2692449247289357
2020-12-21,-0.30125900823808893
2020-12-22,-0.31677711231364947
2020-12-23,-0.338310584298351
2020-12-24,-0.31464238920639764
2020-12-25,-0.3152945763674418
2020-12-26,-0.15901145849665865
2020-12-27,-0.16151905399454333
2020-12-28,-0.15522207461281412
2020-12-29,-0.1505530451752611
2020-12-30,-0.0732231142208835
2020-12-31,0.017905172020557258
2021-01-01,0.02012151625068551
2021-01-02,-0.15025989788482522
2021-01-03,-0.0588706269955482
2021-01-04,-0.10969950013725958
2021-01-05,-0.16090288919774054
2021-01-06,-0.2403562320496953
2021-01-07,-0.16223546103604922
2021-01-08,-0.158174660405916
2021-01-09,-0.1520903085036334
2021-01-10,-0.25738962680097227
2021-01-11,-0.4795355757329092
2021-01-12,-0.5812473661210337
2021-01-13,-0.7070898513411611
2021-01-14,-0.7141388407421191
2021-01-15,-0.7341570479458552
2021-01-16,-0.700019670703599
2021-01-17,-0.7117983912134349
2021-01-18,-0.7043684115208325
2021-01-19,-0.6995985914859103
2021-01-20,-0.6737982313969081
2021-01-21,-1.0710943258946497
2021-01-22,-1.1076621275015512
2021-01-23,-1.1302465805260797
2021-01-24,-1.1104757173423014
2021-01-25,-1.0347925849889916
2021-01-26,-1.0258575822858367
2021-01-27,-1.1052782401749957
2021-01-28,-1.2485670087756486
2021-01-29,-1.2108778795099875
2021-01-30,-1.205646710141037
2021-01-31,-1.2254762025319776
2021-02-01,-1.0826339148409494
2021-02-02,-1.1252952670823226
2021-02-03,-1.1462327992822565
2021-02-04,-1.089926996018544
2021-02-05,-0.9871970207165085
2021-02-06,-0.9139221104340716
2021-02-07,-0.8874313968895905
2021-02-08,-1.4467185740875008
2021-02-09,-1.3923312381133592
2021-02-10,-1.3083099446453716
2021-02-11,-1.2966005850599667
2021-02-12,-1.1692188275893778
2021-02-13,-1.139140776809221
2021-02-14,-1.0626723637822322
2021-02-15,-1.0553003179571485
2021-02-16,-1.0449426664508594
2021-02-17,-1.0748353452161015
2021-02-18,-1.0637511946217204
2021-02-19,-1.1162295569623562
2021-02-20,-0.7109741300822751
2021-02-21,-0.659804464435811
2021-02-22,-0.7259653616266657
2021-02-23,-0.9619331013194824
2021-02-24,-0.9541245591842533
2021-02-25,-1.0245450645391683
2021-02-26,-0.9261223056368915
2021-02-27,-0.7967166687394275
2021-02-28,-0.8096410693510583
2021-03-01,-0.9355005044506731
2021-03-02,-0.9181213459724731
2021-03-03,-0.9286908982208967
2021-03-04,-0.9359843106831345
2021-03-05,-0.89825737382947
2021-03-06,-0.8848156679131463
2021-03-07,-0.8939857716457704
2021-03-08,-0.8854138732574571
2021-03-09,-0.8974067938582779
2021-03-10,-0.3014102852197497
2021-03-11,-0.31196195909320984
2021-03-12,-0.2853731469372422
2021-03-13,-0.2961744183379159
2021-03-14,-0.3321479563039129
2021-03-15,-0.4234942213362712
2021-03-16,-0.41687275960751685
2021-03-17,-0.4322962342390596
2021-03-18,-0.44545008412054937
2021-03-19,-0.3916070851007771
2021-03-20,-0.3986067711837287
2021-03-21,-0.27385001113577734
2021-03-22,-0.3509721126761988
2021-03-23,-0.34694462855534686
2021-03-24,-0.3087347961799961
2021-03-25,-0.063915807610826
2021-03-26,-0.17844669713370193
2021-03-27,-0.09777491009338722
2021-03-28,-0.09452600439140398
2021-03-29,-0.11976239446890292
2021-03-30,-0.10502272646669933
2021-03-31,0.15804873042983694
2021-04-01,0.18661461516260489
2021-04-02,0.23362761349594213
2021-04-03,0.25603774527621453
2021-04-04,0.24249480463094505
2021-04-05,0.23800846803173958
2021-04-06,0.28587339519465876
2021-04-07,0.22058774831979192
2021-04-08,0.2466116378978231
2021-04-09,0.25734193507373526
2021-04-10,0.26609967739425733
2021-04-11,0.2648990698729097
2021-04-12,0.48955157053563514
2021-04-13,0.35951538227721025
2021-04-14,0.5461626422860832
2021-04-15,0.5498003660543797
2021-04-16,0.5565296654507468
2021-04-17,0.5578203078957052
2021-04-18,0.2667124631636388
2021-04-19,0.261413718900921
2021-04-20,0.2574400410439665
2021-04-21,0.2876739015994385
2021-04-22,0.21110066515530515
2021-04-23,0.26339279808586397
2021-04-24,0.2618886288501985
2021-04-25,0.48829964899161654
2021-04-26,-0.03928937206810602
2021-04-27,-0.05559374772658614
2021-04-28,-0.0070374742413926395
2021-04-29,-0.005815496094367806
2021-04-30,-0.2825206917119524
2021-05-01,-0.28213386998028195
2021-05-02,-0.2976727141063707
2021-05-03,-0.26530896750680455
2021-05-04,-0.4272603957313244
2021-05-05,-0.6585434692929986
2021-05-06,-0.6604144358308851
2021-05-07,-0.6166513466369279
2021-05-08,-0.5788063297078082
2021-05-09,-0.5818503995039028
2021-05-10,-0.615317821740497
2021-05-11,-0.6224624470652651
2021-05-12,-1.2010259715951532
2021-05-13,-1.0642780220448445
2021-05-14,-1.0652472750876676
2021-05-15,-1.1556933459903462
2021-05-16,-1.140894033052871
2021-05-17,-1.2278391350589977
2021-05-18,-1.0917558700433245
2021-05-19,-1.5811862701079575
2021-05-20,-1.9050089314444918
2021-05-21,-2.0064248355576417
2021-05-22,-1.9756960135439041
2021-05-23,-2.062534481234887
2021-05-24,-2.396637646789762
2021-05-25,-2.3689929092958018
2021-05-26,-2.0890722089894522
2021-05-27,-2.0579098873862596
2021-05-28,-2.1257013017652966
2021-05-29,-2.1115216779024424
2021-05-30,-1.9419386116776134
2021-05-31,-2.0054699540224834
2021-06-01,-1.9887029704305417
2021-06-02,-1.9931057821101035
2021-06-03,-1.969443879516594
2021-06-04,-1.8327136352455968
2021-06-05,-1.8323072836073597
2021-06-06,-1.8091019982508232
2021-06-07,-1.8132023222183755
2021-06-08,-1.8038162160008568
2021-06-09,-2.1412512520922027
2021-06-10,-2.1068711605823958
2021-06-11,-1.7776822457623664
2021-06-12,-1.7899308132443854
2021-06-13,-2.021120581349738
2021-06-14,-1.9575143253924747
2021-06-15,-1.9422903093757964
2021-06-16,-1.8996645534594034
2021-06-17,-1.8820162820467308
2021-06-18,-1.5393225841495841
2021-06-19,-1.2821929607434968
2021-06-20,-1.10511732218701
2021-06-21,-1.3891714885127195
2021-06-22,-1.28226455451198
2021-06-23,-0.9873602448391892
2021-06-24,-1.005455713548036
2021-06-25,-1.153049517280694
2021-06-26,-1.1523961964036955
2021-06-27,-1.179957105059113
2021-06-28,-1.1514381880496243
2021-06-29,-1.1633138935716336
2021-06-30,-1.1190208284342962
2021-07-01,-1.14646223517458
2021-07-02,-1.127364599684116
2021-07-03,-1.0859545523117222
2021-07-04,-1.0084908459863955
2021-07-05,-1.0177185573096907
2021-07-06,-1.0158566989644382
2021-07-07,-0.9084355608341093
2021-07-08,-0.926011698892199
2021-07-09,-0.5796845889554006
2021-07-10,-0.5702006904666064
2021-07-11,-0.5711423477382324
2021-07-12,-0.5319581631897664
2021-07-13,-0.20907683605298547
2021-07-14,-0.16949910867390328
2021-07-15,-0.1814298162847251
2021-07-16,-0.1125179147601565
2021-07-17,-0.11054760651227398
2021-07-18,-0.007254507495048568
2021-07-19,-0.027810835575731798
2021-07-20,-0.04847989011025101
2021-07-21,0.16909475204522847
2021-07-22,0.19797610055874804
2021-07-23,0.19854607056992143
2021-07-24,0.21721145241944023
2021-07-25,0.5161994846105495
2021-07-26,0.417644027790854
2021-07-27,0.5300038056178288
2021-07-28,0.5341083048529484
2021-07-29,0.5959401172740513
2021-07-30,0.5228257230239222
2021-07-31,0.6116323867944027
2021-08-01,0.5187703478817716
2021-08-02,0.5072974549874179
2021-08-03,0.4770658012619887
2021-08-04,0.5191084023075181
2021-08-05,0.5024105472883574
2021-08-06,0.4492278859554359
2021-08-07,0.4724195374522304
2021-08-08,0.45706622175571615
2021-08-09,0.37533194793091507
2021-08-10,0.35063873394614437
2021-08-11,0.42180717011572644
2021-08-12,0.3928400289958475
2021-08-13,0.23323257135379916
2021-08-14,0.28482427272350547
2021-08-15,0.30310828383209226
2021-08-16,0.2577015158295003
2021-08-17,0.19409133260683167
2021-08-18,0.2655032351886254
2021-08-19,0.32399241815732427
2021-08-20,0.41502561879289085
2021-08-21,0.3959790397598696
2021-08-22,0.422658783144888
2021-08-23,0.42330406444423896
2021-08-24,0.3405989690129114
2021-08-25,0.41879342933920394
2021-08-26,0.4146877957727164
2021-08-27,0.3598320986074702
2021-08-28,0.36049038754946205
2021-08-29,0.46345807830297614
2021-08-30,0.41004272066715847
2021-08-31,0.49982711976172894
2021-09-01,0.49867684615721075
2021-09-02,0.5571559236382676
2021-09-03,0.6063731791583712
2021-09-04,0.6231044329542472
2021-09-05,0.6610087011231727
2021-09-06,0.7116034976403354
2021-09-07,0.16738146251370462
2021-09-08,0.28680698914021463
2021-09-09,0.30013968871051866
2021-09-10,0.2579946935003417
2021-09-11,0.28636814052979287
2021-09-12,0.5140425332236344
2021-09-13,0.5009809979574772
2021-09-14,0.4054958295176188
2021-09-15,0.41093423465542656
2021-09-16,0.44890487669548623
2021-09-17,0.44327685498661695
2021-09-18,0.5011639427160496
2021-09-19,0.621766664340881
2021-09-20,0.26886834638145857
2021-09-21,0.1955239793502598
2021-09-22,-0.01625334495083732
2021-09-23,-0.00849037651035883
2021-09-24,-0.04486084984613423
2021-09-25,0.011631985210008558
2021-09-26,0.09336152523790592
2021-09-27,0.08232376184454822
2021-09-28,0.0633701397635779
2021-09-29,0.09395329598967843
2021-09-30,-0.021514865746584913
2021-10-01,-0.32295178813712455
2021-10-02,-0.31886739909215234
2021-10-03,-0.31118871482546023
2021-10-04,-0.3189648713421505
2021-10-05,-0.35092954396036724
2021-10-06,-0.5166782390380773
2021-10-07,-0.09122177904406473
2021-10-08,-0.06987087861290646
2021-10-09,-0.07035802394507754
2021-10-10,-0.010616085932792348
2021-10-11,-0.07031622480324373
2021-10-12,-0.10214007178231477
2021-10-13,-0.06799239661714525
2021-10-14,-0.006999295276491349
2021-10-15,-0.1606307987712564
2021-10-16,-0.15995454612925533
2021-10-17,-0.13946628848215312
2021-10-18,-0.12878524794662316
2021-10-19,-0.11153466907576769
2021-10-20,0.35421916958055283
2021-10-21,0.3172657643232029
2021-10-22,0.40681677019301143
2021-10-23,0.4297934246796081
2021-10-24,0.5744373417640293
2021-10-25,0.572608610258641
2021-10-26,0.43803518760998533
2021-10-27,0.4147622193100365
2021-10-28,0.47359964874955573
2021-10-29,0.47349323764350804
2021-10-30,0.542290562726823
2021-10-31,0.9304375503799139
2021-11-01,0.944750149779473
2021-11-02,0.9128496075573272
2021-11-03,0.9168845661757915
2021-11-04,0.9640429683227586
2021-11-05,1.2423561417413254
2021-11-06,1.3090313241768075
2021-11-07,1.2747412115361858
2021-11-08,1.0678924791738473
2021-11-09,1.0613388853182437
2021-11-10,1.1005253150338283
2021-11-11,1.1525994904043257
2021-11-12,1.158891246050711
2021-11-13,1.16156649408942
2021-11-14,1.4670698540605112
2021-11-15,1.4139697619560099
2021-11-16,1.2362136139623225
2021-11-17,1.2383007050762034
2021-11-18,1.145492578480856
2021-11-19,1.1653288189253388
2021-11-20,1.2952536500780212
2021-11-21,1.314615386824828
2021-11-22,1.226862422713024
2021-11-23,1.1920362610363044
2021-11-24,1.2503777591763663
2021-11-25,1.3234963155326223
2021-11-26,1.1339314134291236
2021-11-27,1.182957827547124
2021-11-28,1.1005399278341697
2021-11-29,1.0909638789853253
2021-11-30,1.0826672095473573
2021-12-01,1.0777964151502644
2021-12-02,1.1555451208467749
2021-12-03,1.0253160671174364
2021-12-04,0.7276168398761942
2021-12-05,0.7222244094155571
2021-12-06,0.6818397555082646
2021-12-07,0.7436346545056323
2021-12-08,1.0466610157071445
2021-12-09,0.9269350395585483
2021-12-10,0.9458074992640298
2021-12-11,0.7913322751748416
2021-12-12,0.7642274537123989
2021-12-13,0.6012969805726872
2021-12-14,0.6321405841224021
2021-12-15,0.4845971632775438
2021-12-16,0.5717155490697797
2021-12-17,0.5509974892220201
2021-12-18,0.650828161870679
2021-12-19,0.6859262736730201
2021-12-20,0.7387302418884439
2021-12-21,0.6134523777853346
2021-12-22,0.6798177234151926
2021-12-23,0.5970093672486246
2021-12-24,0.6134045960275541
2021-12-25,0.6329262879822911
2021-12-26,0.8268761365724825
2021-12-27,0.8584681088653341
2021-12-28,0.8118445671927182
2021-12-29,0.8071945683979953
2021-12-30,0.7841684348465434
2021-12-31,0.7816642251181419
2022-01-01,0.719130438867705
2022-01-02,0.831369499635077
2022-01-03,1.1686707915952224
2022-01-04,1.160760271672823
2022-01-05,1.0717039033095623
2022-01-06,1.0697985838269912
2022-01-07,1.0103989348532403
2022-01-08,1.1520499596493579
2022-01-09,1.1463316472083063
2022-01-10,1.28644787271128
2022-01-11,1.2599282742213471
2022-01-12,1.4451032612149772
2022-01-13,1.3833319140738376
2022-01-14,1.5385871296578562
2022-01-15,1.5586862848182637
2022-01-16,1.6029513272632336
2022-01-17,1.5901166735591807
2022-01-18,1.5769617620183833
2022-01-19,1.560515311170208
2022-01-20,1.6860831184861154
2022-01-21,1.0820064565748502
2022-01-22,1.2048711243016952
2022-01-23,1.077622194941403
2022-01-24,1.0474126765070855
2022-01-25,1.0404514926013544
2022-01-26,1.0343952892009052
2022-01-27,1.1666894008390987
2022-01-28,1.142114580300727
2022-01-29,1.1513838041641842
2022-01-30,1.154544456256903
2022-01-31,1.2017937390194657
2022-02-01,1.1847587190449875
2022-02-02,1.0930027927866
2022-02-03,1.0801156210089822
2022-02-04,0.41037376915733226
2022-02-05,0.4099562924093012
2022-02-06,0.44839051129728763
2022-02-07,0.39491740740372094
2022-02-08,0.3897050666685657
2022-02-09,0.3858281421850019
2022-02-10,0.38254983400161147
2022-02-11,0.38127984338321586
2022-02-12,0.4239623183923944
2022-02-13,0.42673688651245656
2022-02-14,0.41826916291491034
2022-02-15,0.307839322777039
2022-02-16,0.3152949395314668
2022-02-17,0.011290102426415287
2022-02-18,0.009267484039731514
2022-02-19,0.03401943346096746
2022-02-20,0.49548666873506336
2022-02-21,0.5083604307889161
2022-02-22,0.5146254830063662
2022-02-23,0.47309042042329386
2022-02-24,0.43373746867718926
2022-02-25,0.40735219754268204
2022-02-26,0.4031432233117854
2022-02-27,0.3389865799593538
2022-02-28,-0.6276840254910748
2022-03-01,-0.6470291675208707
2022-03-02,-0.659006152312733
2022-03-03,-0.7264106520083571
2022-03-04,-0.9062863090710191
2022-03-05,-0.9118872556654068
2022-03-06,-0.35409403798599687
2022-03-07,-0.362148254827865
2022-03-08,-0.3555415419152424
2022-03-09,-0.6369449380905992
2022-03-10,-0.785980892662467
2022-03-11,-0.7899470356112703
2022-03-12,-0.7818059928277203
2022-03-13,-0.7820849470341914
2022-03-14,-0.887611334757802
2022-03-15,-0.8893325270797307
2022-03-16,-0.9752773881813692
2022-03-17,-0.8802012205931093
2022-03-18,-0.8936742600161713
2022-03-19,-0.6293623749331276
2022-03-20,-0.6464732945467243
2022-03-21,-0.6471201777251784
2022-03-22,-0.5922329467132916
2022-03-23,-0.521939711179245
2022-03-24,-0.505232771776254
2022-03-25,-0.45747037315379807
2022-03-26,-0.435384725985845
2022-03-27,-0.5171912298412966
2022-03-28,-0.511157526404476
2022-03-29,-0.4231260976342853
2022-03-30,0.5735569746380146
2022-03-31,0.5378476245733753
2022-04-01,0.5336309953563891
2022-04-02,0.6032301863565699
2022-04-03,1.029747799731358
2022-04-04,1.0277892415095127
2022-04-05,1.0342801291081996
2022-04-06,0.835945007574549
2022-04-07,0.8461698881635591
2022-04-08,1.2282163759480724
2022-04-09,1.509927094576984
2022-04-10,1.512666640110164
2022-04-11,1.1875246701343585
2022-04-12,1.2318583873487539
2022-04-13,1.3425491176529631
2022-04-14,1.2769735021716493
2022-04-15,1.4132773846218818
2022-04-16,1.4124223300858507
2022-04-17,1.4246949219458653
2022-04-18,1.3651225819127595
2022-04-19,1.3774419721703666
2022-04-20,1.374251682090677
2022-04-21,1.4148170892761598
2022-04-22,1.4020702446808522
2022-04-23,1.455390296406515
2022-04-24,1.4616832996702842
2022-04-25,1.4011576676981141
2022-04-26,1.425872561350134
2022-04-27,1.3365940511452112
2022-04-28,1.316316872782608
2022-04-29,1.2722555012354466
2022-04-30,1.2951694732002477
2022-05-01,1.2762530471886617
2022-05-02,1.2672608181409644
2022-05-03,1.2723023067019195
2022-05-04,1.0446746684092054
2022-05-05,0.7238734307865987
2022-05-06,0.8418889571686418
2022-05-07,0.8432975717686612
2022-05-08,0.7960038433115338
2022-05-09,0.23295782629355485
2022-05-10,0.17158465331854203
2022-05-11,0.14952006208791782
2022-05-12,0.16941117736276862
2022-05-13,0.21730449018436768
2022-05-14,0.16208244432290006
2022-05-15,0.06887331800485605
2022-05-16,-0.0025165454648495545
2022-05-17,-0.039471822158834276
2022-05-18,-0.07922959636262951
2022-05-19,-0.2567540645582205
2022-05-20,-0.293672169294282
2022-05-21,-0.31146438637213664
2022-05-22,-0.38597889825409465
2022-05-23,-0.4406220476682401
2022-05-24,-0.4854048785301521
2022-05-25,-0.44345526277804237
2022-05-26,-0.3356674320873037
2022-05-27,-0.2793503407825452
2022-05-28,-0.2743608307741973
2022-05-29,-0.3123448394143865
2022-05-30,-0.659817356682859
2022-05-31,-0.6430434189003783
2022-06-01,-0.8048449293081545
2022-06-02,-0.850853828830157
2022-06-03,-0.7076145139374789
2022-06-04,-0.46278765731882066
2022-06-05,-0.4725471823141578
2022-06-06,-0.6288650655680381
2022-06-07,-0.5647569063021475
2022-06-08,0.07292789240896584
2022-06-09,0.10010618354280504
2022-06-10,0.316249222483254
2022-06-11,0.2686288958651713
2022-06-12,0.06345832915149781
2022-06-13,-1.2878786028346987
2022-06-14,-1.1814918064208078
2022-06-15,-1.1692207332097309
2022-06-16,-1.5622602850547649
2022-06-17,-1.4951015219581558
2022-06-18,-1.4501339866356693
2022-06-19,-1.9024607425740092
2022-06-20,-1.8975787394387824
2022-06-21,-1.8349520284113878
2022-06-22,-1.8309972394737697
2022-06-23,-2.0167577383960733
2022-06-24,-2.030695437000968
2022-06-25,-2.0626571315710023
2022-06-26,-2.0691037014498717
2022-06-27,-2.0641938139701326
2022-06-28,-2.0224072748422968
2022-06-29,-1.5818247802207768
2022-06-30,-1.5768560129648928
2022-07-01,-1.4578508706807252
2022-07-02,-1.4001506612305124
2022-07-03,-1.4204913599026157
2022-07-04,-1.6359286619825495
2022-07-05,-1.638604597585299
2022-07-06,-1.4751919717541973
2022-07-07,-1.7359608816203065
2022-07-08,-1.7323170875787115
2022-07-09,-1.7284436673184551
2022-07-10,-1.7255399840265837
2022-07-11,-1.772890491297995
2022-07-12,-1.6724525818647935
2022-07-13,-0.2889732339345382
2022-07-14,-0.3125890040103686
2022-07-15,-0.3051938744370268
2022-07-16,0.41384101600978096
2022-07-17,0.3754934295801719
2022-07-18,0.3225619045657018
2022-07-19,0.7053996922451972
2022-07-20,0.6908151171211357
2022-07-21,0.6837471413453309
2022-07-22,0.7696801679274179
2022-07-23,0.9919744295126336
2022-07-24,0.9882993479697875
2022-07-25,0.7041118151564929
2022-07-26,0.7451828009526668
2022-07-27,0.2544912889560069
2022-07-28,0.21484829342437892
2022-07-29,0.22926817716049672
2022-07-30,0.25771504947844087
2022-07-31,0.31402168102360606
2022-08-01,0.3153133764976839
2022-08-02,0.28043859216518047
2022-08-03,0.42467160529392867
2022-08-04,0.4122973348268986
2022-08-05,0.37639544516656953
2022-08-06,0.5586570035030315
2022-08-07,0.5544583623996531
2022-08-08,0.5113614296985513
2022-08-09,0.5507918367862419
2022-08-10,0.6794725576163549
2022-08-11,0.8144926241537734
2022-08-12,0.9396456828797397
2022-08-13,0.9448258111543176
2022-08-14,0.9362545448698876
2022-08-15,0.9308547676562933
2022-08-16,0.9601759517289328
2022-08-17,1.5078456006662737
2022-08-18,1.663233538661187
2022-08-19,0.6913567099393065
2022-08-20,0.6652643412561198
2022-08-21,0.6576608661577332
2022-08-22,0.6623278750609318
2022-08-23,0.6613171303349838
2022-08-24,0.927948879747001
2022-08-25,0.9214764785392087
2022-08-26,1.1936284155024162
2022-08-27,1.383175862771454
2022-08-28,1.3533724005045558
2022-08-29,1.1861531273205297
2022-08-30,1.15013707254267
2022-08-31,1.1172972383946436
2022-09-01,1.116660287978074
2022-09-02,1.1120022498804343
2022-09-03,1.1108330834709055
2022-09-04,1.2021234661808646
2022-09-05,1.2057737555635915
2022-09-06,1.040466950007918
2022-09-07,1.0555078756237686
2022-09-08,1.086159595674509
2022-09-09,0.1563808944998522
2022-09-10,0.13378902250258565
2022-09-11,0.165596185057484
2022-09-12,0.09484538316489063
2022-09-13,-0.48302360814368733
2022-09-14,-0.4814177537719496
2022-09-15,-0.5092034342840327
2022-09-16,-0.49109607442147835
2022-09-17,-0.5237319631719707
2022-09-18,0.09675525160572226
2022-09-19,0.11160802348790065
2022-09-20,0.07106297998047767
2022-09-21,0.054966484461135695
2022-09-22,-0.1300822430863957
2022-09-23,-0.13163918881795705
2022-09-24,-0.13867851889593813
2022-09-25,0.12478064307628288
2022-09-26,0.08600959339014987
2022-09-27,0.11514680314954759
2022-09-28,0.18818590395450926
2022-09-29,0.2281266939304715
2022-09-30,0.23504130412635957
2022-10-01,0.23057205500869674
2022-10-02,0.21721568872190378
2022-10-03,0.14078222513064534
2022-10-04,0.040773308806968805
2022-10-05,0.036935693370160894
2022-10-06,0.22879134877322094
2022-10-07,0.22627875206034073
2022-10-08,0.21880712022752402
2022-10-09,1.26016850204646
2022-10-10,1.2679692630646184
2022-10-11,1.2673275809903821
2022-10-12,1.3565279689564356
2022-10-13,2.271937242192618
2022-10-14,2.2401156609045456
2022-10-15,2.304463956589163
2022-10-16,2.2682355261847897
2022-10-17,2.2627535064817135
2022-10-18,2.394884801670455
2022-10-19,2.3638590592545614
2022-10-20,2.4978883561744447
2022-10-21,2.519377766574669
2022-10-22,2.835554582736792
2022-10-23,2.7443222559218245
2022-10-24,2.7477072643704
2022-10-25,2.5015226495097713
2022-10-26,2.3880062182544806
2022-10-27,2.277564513431972
2022-10-28,2.259723971450506
2022-10-29,2.2308973608672313
2022-10-30,2.204827706019211
2022-10-31,2.183409581588028
2022-11-01,2.1987094969257877
2022-11-02,2.248980539780602
2022-11-03,2.415667757993087
2022-11-04,2.1084373751951295
2022-11-05,2.1091712948731867
2022-11-06,2.114035534045907
2022-11-07,2.066579415899849
2022-11-08,0.9850386895817465
2022-11-09,-0.4348919979190579
2022-11-10,-1.1388245287277776
2022-11-11,-1.1741272674692946
2022-11-12,-1.1613524457999083
2022-11-13,-1.179672773820627
2022-11-14,-1.1942631874010898
2022-11-15,-1.1972498647965206
2022-11-16,-1.1766877224241155
2022-11-17,-1.169312855205257
2022-11-18,-1.1621305917565308
2022-11-19,-1.1569198400916874
2022-11-20,-1.168238624773746
2022-11-21,-1.1937894099292243
2022-11-22,-1.2064261143426838
2022-11-23,-1.2455385655152633
2022-11-24,-1.1431417600710967
2022-11-25,-1.0558186647900942
2022-11-26,-1.0359960146337206
2022-11-27,-1.0077263788509445
2022-11-28,-0.9884767077453339
2022-11-29,-1.0067052511937433
2022-11-30,-1.1291826648816328
2022-12-01,-1.1244158058292777
2022-12-02,-1.1198720391548214
2022-12-03,-1.1131497850072072
2022-12-04,-0.9886253002284677
2022-12-05,-0.9766597782439873
2022-12-06,-0.9760576604859441
2022-12-07,-0.9709254909289896
2022-12-08,-0.5047230817503388
2022-12-09,0.8733684265445854
2022-12-10,1.9494346500187623
2022-12-11,2.0513452308472018
2022-12-12,2.0561871981848427
2022-12-13,2.0161135114651754
2022-12-14,2.021399669939782
2022-12-15,1.9401589987602335
2022-12-16,1.74525762561825
2022-12-17,1.7247258808468138
2022-12-18,1.711967114652717
2022-12-19,1.6619951779460653
2022-12-20,1.6385421117591779
2022-12-21,1.7372205937382974
2022-12-22,1.7866844474874715
2022-12-23,1.8437121926457367
2022-12-24,1.8290903359711586
2022-12-25,1.8189041443486942
2022-12-26,1.8064393977344455
2022-12-27,1.7754029301312517
2022-12-28,1.7741998047851109
2022-12-29,1.7793335466129785
2022-12-30,2.0015882901344892
2022-12-31,1.9994888336673708
2023-01-01,1.9871296698320435
2023-01-02,1.9813602152982084
2023-01-03,1.9909494144238993
2023-01-04,1.9687519227236414
2023-01-05,1.9599327222970393
2023-01-06,1.9645824823856606
2023-01-07,2.018958430791829
2023-01-08,1.9985138218779277
2023-01-09,1.9784842447013755
2023-01-10,1.9390720119759512
2023-01-11,1.8377426791741753
2023-01-12,1.6505692914558716
2023-01-13,1.3678003495569764
2023-01-14,1.2350335792351166
2023-01-15,1.437278256074905
2023-01-16,1.4295121302366431
2023-01-17,1.428484151585421
2023-01-18,1.4056692206480466
2023-01-19,1.4300168528189323
2023-01-20,1.0520979690697296
2023-01-21,1.0532531740639803
2023-01-22,1.0492092643822377
2023-01-23,1.0501691121752517
2023-01-24,1.0118824919381741
2023-01-25,1.0018547766267498
2023-01-26,1.0234094195808416
2023-01-27,1.0494880154155464
2023-01-28,1.0347587509685883
2023-01-29,1.0136101802437525
2023-01-30,0.8279890606401125
2023-01-31,0.8293999874586816
2023-02-01,0.818876943225131
2023-02-02,0.7911469493283827
2023-02-03,0.7781033957589837
2023-02-04,0.7672813398523309
2023-02-05,0.7128516674365402
2023-02-06,0.6919018267814662
2023-02-07,0.6794088971806813
2023-02-08,0.6365337296477289
2023-02-09,0.4148118254651074
2023-02-10,0.42594583836525146
2023-02-11,0.5624156487368165
2023-02-12,0.7351068789388835
2023-02-13,0.927573382895985
2023-02-14,0.9040743287936249
2023-02-15,0.34464746895830817
2023-02-16,0.27825852474545715
2023-02-17,0.24800750979639277
2023-02-18,0.25592067755467923
2023-02-19,0.5605409130951596
2023-02-20,0.5372527592967383
2023-02-21,0.5134013250398548
2023-02-22,0.5040399142627727
2023-02-23,0.5073331833597896
2023-02-24,0.46106198883218075
2023-02-25,0.4599032785600487
2023-02-26,0.44141806752262286
2023-02-27,0.43934850339338516
2023-02-28,0.4857865973668569
2023-03-01,0.5584768469440723
2023-03-02,0.5594735582295407
2023-03-03,0.4508253651557319
2023-03-04,0.4522140831076369
2023-03-05,0.4464950009494963
2023-03-06,0.44397235325941004
2023-03-07,0.45121722926985414
2023-03-08,0.42025971512351307
2023-03-09,0.2254598923355467
2023-03-10,0.22642497156609398
2023-03-11,0.3196664668994483
2023-03-12,-0.021838642287660564
2023-03-13,-0.4592853912391806
2023-03-14,-0.47760968404973425
2023-03-15,-0.5011505956430842
2023-03-16,-0.5233728158348755
2023-03-17,-0.534640234449656
2023-03-18,-0.5069520543088429
2023-03-19,-0.5101035200844903
2023-03-20,-0.5245014522063289
2023-03-21,-0.5165024588862217
2023-03-22,-0.5722266144317697
2023-03-23,-0.6096219769540612
2023-03-24,-0.6628506865831919
2023-03-25,-0.6551456099839577
2023-03-26,-0.5931735442188931
2023-03-27,-0.6638886639946584
2023-03-28,-0.6606974220294753
2023-03-29,-0.7172160278036485
2023-03-30,-0.7053791781405614
2023-03-31,-0.6970006012491536
2023-04-01,-0.6896749564527013
2023-04-02,-0.5422854860484602
2023-04-03,-0.5632236466508035
2023-04-04,-0.5615371087273742
2023-04-05,-0.5586912015509831
2023-04-06,-0.5494164982204969
2023-04-07,-0.5046719199813415
2023-04-08,-0.21645674099127368
2023-04-09,-0.19102290329282232
2023-04-10,-0.2510052095034052
2023-04-11,-0.02287084232763786
2023-04-12,0.4120707824972202
2023-04-13,0.4287008950168002
2023-04-14,0.4631255009188364
2023-04-15,0.48217197146240104
2023-04-16,1.129745334857705
2023-04-17,1.0697526657238912
2023-04-18,1.1120383233144742
2023-04-19,0.8671052003371007
2023-04-20,0.8454729188998992
2023-04-21,0.8257598391085701
2023-04-22,0.9097585647531338
2023-04-23,0.9783085252508157
2023-04-24,0.9762415900607242
2023-04-25,0.9342349390120338
2023-04-26,1.0194094426441398
2023-04-27,0.9137213387423231
2023-04-28,1.0302730578250932
2023-04-29,1.0399688094608204
2023-04-30,1.0562797598005405
2023-05-01,0.9101418588113961
2023-05-02,0.8777756835737611
2023-05-03,0.8883535670249725
2023-05-04,0.8945940558061866
2023-05-05,0.8496218945734563
2023-05-06,0.8073715665954662
2023-05-07,0.7847533372989901
2023-05-08,0.7237508738537504
2023-05-09,0.7355915913801206
2023-05-10,0.9195906043965042
2023-05-11,0.9249817948683776
2023-05-12,0.9191039063584112
2023-05-13,0.9269118926937787
2023-05-14,0.9184887357906238
2023-05-15,0.8986807550879969
2023-05-16,0.8944181640437787
2023-05-17,0.9239781521950932
2023-05-18,1.0017903841219409
2023-05-19,1.2176911160319377
2023-05-20,1.2333275626622449
2023-05-21,1.324484510535416
2023-05-22,1.360266351433245
2023-05-23,1.3354203893953538
2023-05-24,1.2220036472826488
2023-05-25,1.3042427672568684
2023-05-26,1.287424053537223
2023-05-27,1.4448096644284807
2023-05-28,1.1935082161595452
2023-05-29,1.1757089410312331
2023-05-30,1.1700680957164875
2023-05-31,1.2947048553512106
2023-06-01,1.3242583927138059
2023-06-02,1.3013734829330426
2023-06-03,1.2936258264802842
2023-06-04,1.3610611433099529
2023-06-05,1.151531755659763
2023-06-06,0.8243591538437337
2023-06-07,0.78988523301493
2023-06-08,0.7808248584004943
2023-06-09,0.7766572868411102
2023-06-10,0.7679566518644286
2023-06-11,0.7656055417414522
2023-06-12,0.7614550708527718
2023-06-13,0.7605421769788668
2023-06-14,0.6960998857603865
2023-06-15,0.6594326280767333
2023-06-16,0.5952714554712342
2023-06-17,0.619542159720458
2023-06-18,0.6125898038858564
2023-06-19,0.5828997484297248
2023-06-20,0.36397529083576546
2023-06-21,0.12000097453920455
2023-06-22,0.11772889463023842
2023-06-23,0.17827762434157954
2023-06-24,0.16514704918994452
2023-06-25,0.15691464849209377
2023-06-26,0.14141605313298727
2023-06-27,0.26084747096646876
2023-06-28,0.2329160875385171
2023-06-29,0.22369506728280292
2023-06-30,0.2540604107127692
2023-07-01,0.2788076993737912
2023-07-02,0.28414109270800314
2023-07-03,0.27554332384912317
2023-07-04,0.2475018386274667
2023-07-05,0.49272296595689624
2023-07-06,0.6966122957839043
2023-07-07,0.821152905678884
2023-07-08,0.8138118813194819
2023-07-09,0.8061969366270678
2023-07-10,0.8923254460289842
2023-07-11,0.8900373372488816
2023-07-12,0.8735519406443844
2023-07-13,0.7762202445867259
2023-07-14,0.7233982773034842
2023-07-15,0.7279044977216974
2023-07-16,0.7807945522911279
2023-07-17,0.7699790948161828
2023-07-18,0.75748381792392
2023-07-19,0.7790514908171825
2023-07-20,1.085509575218806
2023-07-21,1.5622456249229475
2023-07-22,1.550976841672609
2023-07-23,1.634841629506326
2023-07-24,1.4916505743601052
2023-07-25,1.4808221832885744
2023-07-26,1.4719267934953926
2023-07-27,1.495091935249941
2023-07-28,1.5350972193646248
2023-07-29,1.5509061350395206
2023-07-30,1.5413081800953856
2023-07-31,1.5354345754595176
2023-08-01,1.4837212147711476
2023-08-02,1.4905143732116095
2023-08-03,1.496364191125655
2023-08-04,1.4938989859399208
2023-08-05,1.5401760583244746
2023-08-06,1.570256647294043
2023-08-07,1.5537737892959262
2023-08-08,1.4749161001231665
2023-08-09,1.471398815603452
2023-08-10,1.4700575381316086
2023-08-11,1.467257331788293
2023-08-12,1.6973055825098142
2023-08-13,1.9310791044582778
2023-08-14,1.908850876552737
2023-08-15,1.8823754492259013
2023-08-16,1.821221163731586
2023-08-17,1.0658073757126882
2023-08-18,1.0200134605823723
2023-08-19,1.0098144779177591
2023-08-20,1.005102663765896
2023-08-21,0.9993576954272019
2023-08-22,1.0221127798973546
2023-08-23,1.0572340548648171
2023-08-24,1.0490593779878739
2023-08-25,1.0519817420209352
2023-08-26,1.0462951444790913
2023-08-27,1.0425702933178913
2023-08-28,1.0385255935952422
2023-08-29,0.5537494062218892
2023-08-30,0.5321720703288324
2023-08-31,0.3482781480294725
2023-09-01,0.36372946017923974
2023-09-02,0.35992625422107205
2023-09-03,0.3525558462310778
2023-09-04,0.35082274933078944
2023-09-05,0.3497922135252372
2023-09-06,0.3540177932629955
2023-09-07,0.3570286090948457
2023-09-08,0.3486285333046562
2023-09-09,0.34390253590484154
2023-09-10,0.3410404639684113
2023-09-11,0.2969033171003685
2023-09-12,0.2042840508879105
2023-09-13,0.17309122444111005
2023-09-14,0.15041021944653732
2023-09-15,0.1600092924579372
2023-09-16,0.6430488551006159
2023-09-17,0.7006043682818875
2023-09-18,0.690116817127241
2023-09-19,0.6578984962365004
2023-09-20,0.6533172089437249
2023-09-21,0.5977016991003442
2023-09-22,0.6178535973135566
2023-09-23,0.6265478985853301
2023-09-24,0.6068971909879539
2023-09-25,0.6031260590912615
2023-09-26,0.5984505190765614
2023-09-27,0.591816529553595
2023-09-28,0.9873167984541403
2023-09-29,1.0112021082058193
2023-09-30,1.4047995892799816
2023-10-01,1.1946037387874195
2023-10-02,1.1345670393236205
2023-10-03,1.1240970644732042
2023-10-04,1.1095797845340867
2023-10-05,1.0669018766240304
2023-10-06,1.0215521358255573
2023-10-07,1.054679225191439
2023-10-08,1.08125774299157
2023-10-09,1.0435218685237033
2023-10-10,1.0291608972945039
2023-10-11,1.0751239920397
2023-10-12,1.1594879081723921
2023-10-13,1.1865695673650363
2023-10-14,1.202614684276738
2023-10-15,1.1814434626564208
2023-10-16,0.8382232581013175
2023-10-17,0.8335751181637211
2023-10-18,0.833671227152686
2023-10-19,0.8441701714514149
2023-10-20,0.7235995469281719
2023-10-21,0.797108294628001
2023-10-22,0.7996888920544264
2023-10-23,-0.17645933176489434
2023-10-24,-0.1609236469740486
2023-10-25,-0.15989480587091465
2023-10-26,-0.17645901750077472
2023-10-27,-0.19538294879380794
2023-10-28,-0.1688976382714322
2023-10-29,-0.1552687483126672
2023-10-30,-0.1573700046052335
2023-10-31,-0.07821646774235105
2023-11-01,-0.041096757312695055
2023-11-02,-0.0714254923663046
2023-11-03,-0.08327703987775306
2023-11-04,-0.038299833999056745
2023-11-05,-0.03229307680961011
2023-11-06,-0.031661251329211076
2023-11-07,-0.022992706285651577
2023-11-08,0.016629143968229596
2023-11-09,0.0013338692269979598
2023-11-10,0.07362996139324351
2023-11-11,0.06633532392011855
2023-11-12,0.047771341471128
2023-11-13,-0.01111096935439062
2023-11-14,-0.1426665126265067
2023-11-15,-0.290937426107608
2023-11-16,-0.5448320727926934
2023-11-17,-0.5445472213355667
2023-11-18,-0.5595895595585715
2023-11-19,-0.5310532685109294
2023-11-20,-0.5446343908739938
2023-11-21,-0.7817396437405773
2023-11-22,-0.05172071698874191
2023-11-23,-0.02062316863829741
2023-11-24,-0.013325805260897355
2023-11-25,-0.001293146572200653
2023-11-26,-0.011953866891449528
2023-11-27,-0.029252930297495577
2023-11-28,-0.04306977964978555
2023-11-29,-0.0499546756198563
2023-11-30,-0.06440620934908087
2023-12-01,-0.0918210303595865
2023-12-02,-0.09663136172208611
2023-12-03,-0.1011885832569784
2023-12-04,-0.34300512972629943
2023-12-05,-0.5570910240931833
2023-12-06,-0.591332750708041
2023-12-07,-0.6406546077032399
2023-12-08,-0.6711724488527137
2023-12-09,-0.6476598499997117
2023-12-10,-0.6328774061385438
2023-12-11,-1.0451456351812356
2023-12-12,-1.0355326106101008
2023-12-13,-1.0807376458547384
2023-12-14,-0.9654426348237837
2023-12-15,-0.6634397417227677
2023-12-16,-0.36908978809273824
2023-12-17,-0.43896215439535874
2023-12-18,-0.5097728092584678
2023-12-19,-0.4937729335390717
2023-12-20,-0.579493852716478
2023-12-21,-0.27355588161575795
2023-12-22,-0.08224306836625143
2023-12-23,-0.08553962352262601
2023-12-24,-0.13807044655568548
2023-12-25,-0.14509171324520645
2023-12-26,-0.23270203299984976
2023-12-27,-0.25015883309919223
2023-12-28,-0.3020091627114028
2023-12-29,-0.33075882741941764
2023-12-30,-0.3206851063343915
2023-12-31,-0.25625174125492356
2024-01-01,-0.42660671023749897
2024-01-02,-0.4366202744581082
2024-01-03,-0.4563041637471346
2024-01-04,-0.26925621607100003
2024-01-05,-0.25760909245515706
2024-01-06,-0.2412301726050176
2024-01-07,-0.18834764303905807
2024-01-08,-0.7125564769912662
2024-01-09,-0.753212841461566
2024-01-10,-0.31667932797584974
2024-01-11,-0.3246497874424461
2024-01-12,-0.9005735953367212
2024-01-13,-0.8951564627828192
2024-01-14,-0.8854323870746399
2024-01-15,-0.9055674975021563
2024-01-16,-0.8700498118514861
2024-01-17,-0.7841009777544977
2024-01-18,-0.9027491020840378
2024-01-19,-0.7859220429762909
2024-01-20,-0.7792113773399282
2024-01-21,-0.77427121406052
2024-01-22,-1.0036203821051597
2024-01-23,-0.991840721686743
2024-01-24,-0.9672257096369662
2024-01-25,-0.9080063215258779
2024-01-26,-1.0922148572361838
2024-01-27,-1.0589997217649492
2024-01-28,-1.0385602214104637
2024-01-29,-1.118601835031318
2024-01-30,-1.1218971401177282
2024-01-31,-0.9198815543887209
2024-02-01,-0.8963230587194383
2024-02-02,-0.6615163261705763
2024-02-03,-0.5552768024516979
2024-02-04,-0.5629544663609791
2024-02-05,-0.5618868063040917
2024-02-06,-0.5735821589574884
2024-02-07,-0.09981779283637573
2024-02-08,-0.1332798933602078
2024-02-09,-0.3222509510642632
2024-02-10,-0.3366210746201403
2024-02-11,0.46314063751076734
2024-02-12,0.3374876923891191
2024-02-13,0.4525273506608961
2024-02-14,0.2876509999912402
2024-02-15,0.2919477378227491
2024-02-16,0.3248289672114288
2024-02-17,0.5372804315929306
2024-02-18,0.533407074869881
2024-02-19,0.5063932617674912
2024-02-20,0.5194654652353389
2024-02-21,1.0101659879921916
2024-02-22,0.9401495701320222
2024-02-23,0.8712906647730206
2024-02-24,0.879476631481344
2024-02-25,1.1441186845557563
2024-02-26,0.7694311895280168
2024-02-27,0.5641098936492406
2024-02-28,-0.3363546906988139
2024-02-29,-0.42093917389994406
2024-03-01,-0.3747209915484917
2024-03-02,-0.4205189891778583
2024-03-03,-0.41287753257563214
2024-03-04,-0.8815529353623218
2024-03-05,-1.479426688782934
2024-03-06,-1.501864410871747
2024-03-07,-1.4945843748237106
2024-03-08,-1.4769356725981857
2024-03-09,-1.4811464918691988
2024-03-10,-1.4126272410364293
2024-03-11,-1.503235006833324
2024-03-12,-1.5568566572665474
2024-03-13,-1.5300650651248338
2024-03-14,-1.6287853041633737
2024-03-15,-1.6919501267921877
2024-03-16,-2.0983195010867277
2024-03-17,-2.218542694021321
2024-03-18,-2.227643871521609
2024-03-19,-2.87145520825764
2024-03-20,-3.3838460104866273
2024-03-21,-3.4814180521187206
2024-03-22,-3.502026644421841
2024-03-23,-3.446103154620478
2024-03-24,-3.4852507145235863
2024-03-25,-3.4978712205980624
2024-03-26,-3.463282142957884
2024-03-27,-3.3306293215397575
2024-03-28,-3.2180946620247997
2024-03-29,-2.7213399955584348
2024-03-30,-2.6718961949668865
2024-03-31,-2.6708498854944165
2024-04-01,-2.6986584636442585
2024-04-02,-2.930699856376616
2024-04-03,-2.497811014107385
2024-04-04,-2.2735951896941167
2024-04-05,-2.1997009691330502
2024-04-06,-2.2006261697140634
2024-04-07,-2.167495264856317
2024-04-08,-2.2238311689420476
2024-04-09,-2.2999418661671887
2024-04-10,-2.179866683044431
2024-04-11,-2.161000754088255
2024-04-12,-2.2129229443594367
2024-04-13,-2.3145316398095686
2024-04-14,-2.316424258902729
2024-04-15,-2.1520894683253307
2024-04-16,-1.9842332642293103
2024-04-17,-2.0534775454284433
2024-04-18,-1.6671401049737684
2024-04-19,-0.9481893297117958
2024-04-20,-0.8725284670017684
2024-04-21,-0.8090568198653023
2024-04-22,-0.8706996706512342
2024-04-23,-0.6698360975533648
2024-04-24,-0.5970293327327635
2024-04-25,-0.5964451737846624
2024-04-26,-0.598659294042643
2024-04-27,-0.5553489221845896
2024-04-28,-0.5459144627360518
2024-04-29,-0.5616482874084319
2024-04-30,-0.6798854178695214
2024-05-01,-0.7498964094743618
2024-05-02,-0.4968217192618453
2024-05-03,-0.8598545038257667
2024-05-04,-0.7491361962845757
2024-05-05,-0.7421169714328669
2024-05-06,-0.7244145719589604
2024-05-07,-0.7231021870582789
2024-05-08,-0.6225687314545979
2024-05-09,-0.6380270395000116
2024-05-10,-0.6722239748398477
2024-05-11,-0.6702634431385043
2024-05-12,-0.5635341857442167
2024-05-13,-0.403183642688507
2024-05-14,-0.3507978903977265
2024-05-15,-0.7565409172351331
2024-05-16,-0.7757714491945261
2024-05-17,-0.67938255352381
2024-05-18,-0.5794740181078972
2024-05-19,-0.5870657265306723
2024-05-20,-1.0297806981051991
2024-05-21,-1.0589829576564325
2024-05-22,-1.0180421622996527
2024-05-23,-1.0346626221521174
2024-05-24,-0.9428270030044239
2024-05-25,-0.9428223772287463
2024-05-26,-0.9366377531287968
2024-05-27,-0.9333265885911258
2024-05-28,-0.9517206190928904
2024-05-29,-0.9541547806212478
2024-05-30,-0.7244233355172548
2024-05-31,-0.5825776775582076
2024-06-01,-0.5707692651993308
2024-06-02,-0.24689837964481062
2024-06-03,-0.24259577070961383
2024-06-04,-0.2867032179640857
2024-06-05,-0.25735521079050333
2024-06-06,-0.23444066967135901
2024-06-07,-0.239820540011384
2024-06-08,-0.17374075039437714
2024-06-09,-0.01640413555178007
2024-06-10,-0.01751078885479092
2024-06-11,-0.13510193478409832
2024-06-12,-0.10332982718511431
2024-06-13,-0.10366579208206331
2024-06-14,0.4790672902624036
2024-06-15,0.5076765269968099
2024-06-16,0.592950583110346
2024-06-17,0.5914915262760702
2024-06-18,0.5528231936477582
2024-06-19,1.4573668552673626
2024-06-20,1.491255983553416
2024-06-21,1.4937393950526108
2024-06-22,1.5224467045102281
2024-06-23,1.4965816276615742
2024-06-24,1.2194564945846393
2024-06-25,1.0894404841468717
2024-06-26,1.1027194202678703
2024-06-27,1.0767472206226898
2024-06-28,1.0345861595615982
2024-06-29,1.039046374445886
2024-06-30,0.8991141237202711
2024-07-01,0.8959031184028275
2024-07-02,0.8783597146665739
2024-07-03,0.8301041622629606
2024-07-04,0.6622676447308415
2024-07-05,0.686907303982018
2024-07-06,0.5302496240238791
2024-07-07,0.4046482288255154
2024-07-08,0.3544766853977839
2024-07-09,0.27518444359095523
2024-07-10,0.27756557868854365
2024-07-11,0.3516182207497491
2024-07-12,0.3662792815633454
2024-07-13,0.31538018454643824
2024-07-14,0.2289376180229939
2024-07-15,-0.23524071627302787
2024-07-16,-0.23001979610412143
2024-07-17,-0.24697263002759212
2024-07-18,-0.20933814647463822
2024-07-19,-0.3686209624830594
2024-07-20,-0.36636605130552524
2024-07-21,-0.3614649921532839
2024-07-22,-0.36742610412557514
2024-07-23,-0.3950713884223852
2024-07-24,-0.18803454067474776
2024-07-25,-0.13671133490239587
2024-07-26,-0.17922484916048037
2024-07-27,-0.16962631399459088
2024-07-28,-0.10692343517093873
2024-07-29,-0.1600761273703192
2024-07-30,-0.10122403653362402
2024-07-31,-0.1605097007833233
2024-08-01,-0.14472810729747784
2024-08-02,-0.40608546009373536
2024-08-03,-0.13745690242007969
2024-08-04,-0.31272069023638455
2024-08-05,-0.6734679345895623
2024-08-06,-0.6512775477952941
2024-08-07,-0.654344664902985
2024-08-08,-1.7134612871553738
2024-08-09,-1.7176433587607414
2024-08-10,-1.7021778814539683
2024-08-11,-1.7892978882461963
2024-08-12,-1.7570130012666774
2024-08-13,-1.735243922588542
2024-08-14,-1.467926647996668
2024-08-15,-1.4809837529666905
2024-08-16,-1.5102172286144244
2024-08-17,-1.5114436853003244
2024-08-18,-1.3677201078564962
2024-08-19,-1.3838408685546093
2024-08-20,-1.35239024372522
2024-08-21,-1.458653744272293
2024-08-22,-1.4239569771041398
2024-08-23,-1.6844033499504742
2024-08-24,-1.6715858197010591
2024-08-25,-1.5876915831391725
2024-08-26,-1.6086753178854047
2024-08-27,-1.7655748386079633
2024-08-28,-1.7341935324213085
2024-08-29,-1.725014833071368
2024-08-30,-1.6831992932520308
2024-08-31,-1.6585752473916746
2024-09-01,-1.4662688593178168
2024-09-02,-1.5182987135155326
2024-09-03,-1.4431182646250906
2024-09-04,-1.0699760898050257
2024-09-05,-1.0485626724813493
2024-09-06,-1.1324057958205938
2024-09-07,0.1308688890843866
2024-09-08,0.11516705746410767
2024-09-09,-0.0510584592408983
2024-09-10,0.055044833697156126
2024-09-11,0.0665858267831486
2024-09-12,0.09415348583904298
2024-09-13,0.019417854864978563
2024-09-14,0.05364293325279446
2024-09-15,0.08229806239031918
2024-09-16,0.06780623184787973
2024-09-17,-0.023163762399437637
2024-09-18,-0.03710463199400367
2024-09-19,-0.05789260122527314
2024-09-20,0.058474260879151
2024-09-21,0.08188222802582894
2024-09-22,0.45696525499931706
2024-09-23,0.4570085536848731
2024-09-24,0.4348708166713266
2024-09-25,0.45761521079551737
2024-09-26,0.7015234664717384
2024-09-27,0.7176742155404313
2024-09-28,0.7224043036219759
2024-09-29,0.7315974128104833
2024-09-30,0.5721987115782264
2024-10-01,0.4857973926544512
2024-10-02,0.5865490815160002
2024-10-03,0.6972564732651091
2024-10-04,0.6655548545495971
2024-10-05,0.8112138171751245
2024-10-06,1.055218759545574
2024-10-07,1.0341642494701462
2024-10-08,1.0438613579450933
2024-10-09,1.1209690879278442
2024-10-10,1.1315870450613605
2024-10-11,0.9944306235215331
2024-10-12,1.0065482043883247
2024-10-13,1.224550528846924
2024-10-14,0.9325807302070618
2024-10-15,0.9613487620060667
2024-10-16,1.0254886721894882
2024-10-17,1.1603216310905051
2024-10-18,1.1943862786390436
2024-10-19,1.239167593471193
2024-10-20,1.2369638879934495
2024-10-21,1.1423725849996282
2024-10-22,1.1383768117334696
2024-10-23,1.1071754041457587
2024-10-24,1.049238924649602
2024-10-25,1.0206544861870406
2024-10-26,1.1440547928752156
2024-10-27,1.1278913005974238
2024-10-28,1.0220478774392008
2024-10-29,0.8437834721691075
2024-10-30,1.0316335026788377
2024-10-31,1.1357877243066226
2024-11-01,1.1094622167076864
2024-11-02,1.0995078424021585
2024-11-03,1.1185643819428732
2024-11-04,1.0777222364026824
2024-11-05,1.033117935283854
2024-11-06,0.19504333351143063
2024-11-07,0.20275590102885857
2024-11-08,0.31710568879990925
2024-11-09,0.33464561100249984
2024-11-10,0.24784171263205262
2024-11-11,-0.5693289230970975
2024-11-12,-0.5760415220798407
2024-11-13,-0.46479497082002513
2024-11-14,-0.6550282575133533
2024-11-15,-0.7509197712231688
2024-11-16,-0.7543376374872255
2024-11-17,-0.7762752467371669
2024-11-18,-0.7643695022774616
2024-11-19,-0.7696364827266132
2024-11-20,-0.6754351016621526
2024-11-21,-0.7434905578891946
2024-11-22,-0.6824751506855746
2024-11-23,-0.7200381260662234
2024-11-24,-0.6195903161441491
2024-11-25,-0.9381719601111406
2024-11-26,-0.9754313566070492
2024-11-27,-1.0268043125185595
2024-11-28,-0.9655917195765523
2024-11-29,-0.9478791065843156
2024-11-30,-0.8489406033841517
2024-12-01,-0.805952785586209
2024-12-02,-0.8405007083897678
2024-12-03,-0.8138252048087206
2024-12-04,-0.7772044721498108
2024-12-05,-0.860930585094439
2024-12-06,-0.3636340272618776
2024-12-07,-0.3668552403619252
2024-12-08,-0.3659873468935227
2024-12-09,-0.5517915442129439
2024-12-10,-0.42690887470829403
2024-12-11,0.30864101287394513
2024-12-12,0.29901560153125784
2024-12-13,0.35673882914627236
2024-12-14,0.5405726611758919
2024-12-15,0.6458121356560015
2024-12-16,0.6432168958321272
2024-12-17,0.6608709021477785
2024-12-18,0.2393385589470316
2024-12-19,0.18655696305369654
2024-12-20,0.22770910465632588
2024-12-21,0.4248214462250967
2024-12-22,0.380865101090707
2024-12-23,0.39459538643010916
2024-12-24,0.20891758992234896
2024-12-25,0.4905314073182623
2024-12-26,0.3612441148847245
2024-12-27,0.5253697539402924
2024-12-28,0.5135921682726459
2024-12-29,0.5246010248998524
2024-12-30,0.5265660653653439
2024-12-31,0.5264693922466379
2025-01-01,0.5334255283254656
2025-01-02,0.4587147422415085
2025-01-03,0.5320382520952883
2025-01-04,0.5887150528604064
2025-01-05,0.7234001838573753
2025-01-06,0.5576561542485298
2025-01-07,0.2995444060736858
2025-01-08,0.4057918636757128
2025-01-09,0.3384944983368491
2025-01-10,0.5189031334046427
2025-01-11,0.5269946187676813
2025-01-12,0.5537451460649085
2025-01-13,0.5514154342004832
2025-01-14,0.595768479867211
2025-01-15,0.42631978502833934
2025-01-16,0.42226126578965484
2025-01-17,0.5385242472823212
2025-01-18,0.6223620067084626
2025-01-19,0.49246318212119233
2025-01-20,0.4902565173382481
2025-01-21,0.4010530372219884
2025-01-22,0.3277436489986656
2025-01-23,0.49475867584642746
2025-01-24,0.49065874469776316
2025-01-25,0.6493959321946837
2025-01-26,0.6348164545336741
2025-01-27,0.6303511492010717
2025-01-28,0.6613942903841215
2025-01-29,0.6318588777292895
2025-01-30,0.6276004140094538
2025-01-31,0.55530390664375
2025-02-01,0.5759143190704006
2025-02-02,0.48721372085375414
2025-02-03,0.33542542561575456
2025-02-04,0.2026012311245652
2025-02-05,0.34558748685447455
2025-02-06,0.6202626693967745
2025-02-07,0.6652289520883294
2025-02-08,0.7569806789973361
2025-02-09,0.8174814755629866
2025-02-10,0.8102610207202735
2025-02-11,0.7709563653212345
2025-02-12,0.7183636474188836
2025-02-13,0.7467938323212938
2025-02-14,0.9471194454731895
2025-02-15,0.9527186993233266
2025-02-16,1.2475835864096263
2025-02-17,1.2472044578237669
2025-02-18,1.3711108433021593
2025-02-19,1.3613264006196955
2025-02-20,1.578443569124879
2025-02-21,1.5845990222901651
2025-02-22,1.5800656709373058
2025-02-23,1.5973933207786268
2025-02-24,1.2709691241665153
2025-02-25,1.2168024295746245
2025-02-26,0.9597650947861908
2025-02-27,0.9443854153915596
2025-02-28,1.0536412357064333
2025-03-01,0.9967325859131891
2025-03-02,-0.06582745690514602
2025-03-03,-0.6666055347927407
2025-03-04,-0.635904521130639
2025-03-05,-0.6425265283211098
2025-03-06,-0.5574848321416543
2025-03-07,-0.641535967286593
2025-03-08,-0.6418013301026693
2025-03-09,-0.9335552369935277
2025-03-10,-0.9603241654672485
2025-03-11,-1.2348530660298924
2025-03-12,-1.2330646422214977
2025-03-13,-1.2715472782466275
2025-03-14,-1.3341916689018383
2025-03-15,-1.330544732226342
2025-03-16,-1.335572255171987
2025-03-17,-1.3698443569163532
2025-03-18,-1.3717135587063163
2025-03-19,-1.5757967675974025
2025-03-20,-1.63753383209295
2025-03-21,-1.6319512610124591
2025-03-22,-1.609993380254684
2025-03-23,-1.6607214010251805
2025-03-24,-1.6954830046379916
2025-03-25,-1.7086925056331856
2025-03-26,-1.554565722953194
2025-03-27,-1.5072121437281745
2025-03-28,-1.4136093270348205
2025-03-29,-1.4522466546334831
2025-03-30,-1.4577857415926458
2025-03-31,-1.4337174118043035
2025-04-01,-0.7585150519409691
2025-04-02,-0.1751939902646793
2025-04-03,-0.16719203753403264
2025-04-04,-0.012727077511001656
2025-04-05,-0.015023901604763891
2025-04-06,-0.2862469414930421
2025-04-07,-0.3145132058062506
2025-04-08,-0.0461778732735671
2025-04-09,-0.6618396709096015
2025-04-10,-0.5088115208324934
2025-04-11,-0.7217834226571566
2025-04-12,-0.6683202516397119
2025-04-13,-0.5988204751943155
2025-04-14,-0.6140646596240065
2025-04-15,-0.5865825723191728
2025-04-16,-0.5630508766359489
2025-04-17,-0.5491056786341006
2025-04-18,-0.301375801421673
2025-04-19,-0.20454492866460156
2025-04-20,-0.20484934004534155
2025-04-21,-0.27784543008403606
2025-04-22,-0.6557019715505361
2025-04-23,-0.6352849673627631
2025-04-24,-0.6327166415117249
2025-04-25,-0.6246786635338997
2025-04-26,-0.6247063974080255
2025-04-27,-0.510299976039446
2025-04-28,-0.45111892879228377
2025-04-29,-0.45876242909194076
2025-04-30,-0.4609577327762549
2025-05-01,-0.42480499952565004
2025-05-02,-0.2832086947448757
2025-05-03,-0.31041927865117414
2025-05-04,-0.35583742783252903
2025-05-05,-0.34830699418902406
2025-05-06,0.1560338575579107
2025-05-07,0.15579950175541948
2025-05-08,0.04885346638619687
2025-05-09,0.696802308121405
2025-05-10,0.953062376447149
2025-05-11,1.1414371729295554
2025-05-12,1.11550035231239
2025-05-13,1.20478743781334
2025-05-14,1.1738641564106185
2025-05-15,1.2100704915471723
2025-05-16,1.1903007605615064
2025-05-17,1.1710839027270756
2025-05-18,1.1007696702811258
2025-05-19,1.059641484691197
2025-05-20,1.0577134289134849
2025-05-21,1.0547548601542853
2025-05-22,1.6194538724834595
2025-05-23,1.2787961254616775
2025-05-24,1.2720841028590093
2025-05-25,1.2594957473471413
2025-05-26,1.2571285339013785
2025-05-27,1.2698200388744267
2025-05-28,1.2344192532558758
2025-05-29,1.1573282054537717
2025-05-30,1.0980637345702136
2025-05-31,1.1581886100298397
2025-06-01,1.1454882553128292
2025-06-02,1.1690198018629268
2025-06-03,1.2162940127314643
2025-06-04,1.1939397787113248
2025-06-05,1.0805101906175407
2025-06-06,0.9805358134290338
2025-06-07,1.574482460192294
2025-06-08,1.5671517314755121
2025-06-09,1.3150712454678788
2025-06-10,1.3174896970326813
2025-06-11,1.302047402474823
2025-06-12,1.2057083543182185
2025-06-13,1.2075910711368578
2025-06-14,1.1983481511606608
2025-06-15,1.1976050868956207
2025-06-16,1.1805170794126334
2025-06-17,1.2605391294522008
2025-06-18,1.2657749468644368
2025-06-19,1.291755398000048
2025-06-20,1.4037767599617499
2025-06-21,1.4695502663850284
2025-06-22,1.698940871456501
2025-06-23,1.3319883496919664
2025-06-24,1.3551897675243272
2025-06-25,1.332348408785414
2025-06-26,1.3348416836244499
2025-06-27,1.3548890823716504
2025-06-28,1.4240455396086589
2025-06-29,1.4587299779129805
2025-06-30,1.434737410699065
2025-07-01,1.4157316522861143
2025-07-02,1.2759750903886706
2025-07-03,1.275351156254318
2025-07-04,1.2435574571615244
2025-07-05,1.4068672492094514
2025-07-06,1.506740145692509
2025-07-07,1.5035031354637232
2025-07-08,1.4936639769740998
2025-07-09,1.7201826049940823
2025-07-10,1.419392459149636
2025-07-11,1.4402636240802964
2025-07-12,1.5725203819394196
2025-07-13,1.5470413778317669
2025-07-14,1.5567582639321087
2025-07-15,1.4705651183085278
2025-07-16,1.4698986615850327
2025-07-17,1.5662826378182886
2025-07-18,1.517662783092897
2025-07-19,1.5108094037380808
2025-07-20,1.5376508939190434
2025-07-21,1.5641208659600816
2025-07-22,1.5618088561752466
2025-07-23,1.81398668632733
2025-07-24,1.790891676284203
2025-07-25,1.7758099373806433
2025-07-26,1.7726701186659002
2025-07-27,1.7449289319001957
2025-07-28,1.6832734104979814
2025-07-29,1.678909383575273
2025-07-30,1.7053798619857117
2025-07-31,1.6644571752073074
2025-08-01,1.6945699836501213
2025-08-02,1.6769349799296827
2025-08-03,1.6802785598640617
2025-08-04,1.6631352344540378
2025-08-05,1.6433415000393985
2025-08-06,1.6454284249209745
2025-08-07,1.5694400441914684
2025-08-08,1.6177035625679863
2025-08-09,1.9485970062734868
2025-08-10,1.8499682042628751
2025-08-11,1.8342973818303405
2025-08-12,1.8362683295142999
2025-08-13,1.6966537064664777
2025-08-14,1.4329649772711406
2025-08-15,1.4258903235080123
2025-08-16,1.4230302175531797
2025-08-17,1.4358239205053942
2025-08-18,1.4106664773109274
2025-08-19,1.2668286043045989
2025-08-20,1.2300150914824994
2025-08-21,1.2772488876094894
2025-08-22,1.018157651925361
2025-08-23,0.9922296663807076
2025-08-24,0.9551368860591818
2025-08-25,0.8399434219913546
2025-08-26,0.8242508329555549
2025-08-27,0.8361317129861415
2025-08-28,0.8063177508689404
2025-08-29,0.6318494424094013
2025-08-30,0.6558796291137797
2025-08-31,0.7037784875694963
2025-09-01,0.6890952854862948
2025-09-02,0.6712019593033168
2025-09-03,0.67269545769722
2025-09-04,0.6665113665819828
2025-09-05,0.6733754360656387
2025-09-06,0.746836142530406
2025-09-07,0.7316313331251363
2025-09-08,0.7150181373720755
2025-09-09,0.8096434263385975
2025-09-10,0.724322005624203
2025-09-11,0.7146063694823035
2025-09-12,0.8226999070095135
2025-09-13,1.0672944125978403
2025-09-14,1.068647077774364
2025-09-15,1.0633049801144365
2025-09-16,1.032029456976153
2025-09-17,1.0426153316912594
2025-09-18,1.191185352182
2025-09-19,1.1780325222483616
2025-09-20,1.223828373481856
2025-09-21,1.5131166101452138
2025-09-22,1.4393144704690433
2025-09-23,1.476238665517842
2025-09-24,1.6275629413631179
2025-09-25,1.3670501928024512
2025-09-26,1.3559296809525683
2025-09-27,1.3795419412741523
2025-09-28,1.5523813084285358
2025-09-29,1.4702433255227942
2025-09-30,1.4672837429444274
2025-10-01,1.1921658398743615
2025-10-02,1.1903266990998373
2025-10-03,1.1670022997943985
2025-10-04,1.1878727066223085
2025-10-05,1.1811424741453709
2025-10-06,1.181633732696277
2025-10-07,1.0241043856000127
2025-10-08,0.9991513860405525
2025-10-09,0.9619838872103464
2025-10-10,0.2888495971610066
2025-10-11,0.26031442595449755
2025-10-12,0.06811088576758108
2025-10-13,0.06950202895969558
2025-10-14,0.03182994175776114
2025-10-15,-0.013664069171526134
2025-10-16,-0.04524779026963751
2025-10-17,-0.06437707828286267
2025-10-18,-0.06523250298472599
2025-10-19,-0.08113997353303531
2025-10-20,-0.12110156428307882
2025-10-21,-0.15386632134410624
2025-10-22,-0.10805031423853186
2025-10-23,-0.16190463251071582
2025-10-24,-0.15349864012246373
2025-10-25,0.010292822391095423
2025-10-26,-0.05274066766783465
2025-10-27,-0.053539663878072026
2025-10-28,-0.015033583026001985
2025-10-29,-0.04016618173635985
2025-10-30,-0.0633655227586986
2025-10-31,0.12639141969153037
2025-11-01,0.16845475252043582
2025-11-02,0.19289614839610544
2025-11-03,0.0628574257460714
2025-11-04,-0.10952822185497456
2025-11-05,-0.17138151638521845
2025-11-06,-0.16540227539509705
2025-11-07,-0.1912742809468956
2025-11-08,-0.18765859191212134
2025-11-09,0.23014047054833256
2025-11-10,0.2511792593681479
2025-11-11,0.38637240791836447
2025-11-12,0.3743451857217053
2025-11-13,0.3682022486394691
2025-11-14,0.09755236230067672
2025-11-15,0.10346404141927193
2025-11-16,0.10375325239522752
2025-11-17,0.0763166088164143
2025-11-18,0.09013074611831151
2025-11-19,0.1398161783241515
2025-11-20,-0.10496769475191384
2025-11-21,-0.12176808182177164
2025-11-22,-0.018023615569065198
2025-11-23,-0.12372529275742246
2025-11-24,-0.17834580890163146
2025-11-25,-0.049732782547237044
2025-11-26,-0.2860019969841499
2025-11-27,-0.31843369573262603
2025-11-28,-0.2816870822551966
2025-11-29,-0.27821769256043505
2025-11-30,-0.24757147002206947
2025-12-01,-0.4064301794497926
2025-12-02,-0.857028983566345
2025-12-03,-0.8421291328086272
2025-12-04,-0.6632796857894585
2025-12-05,-0.6667977308286495
2025-12-06,-0.6235733320725854
2025-12-07,-0.5909095023239006
2025-12-08,-0.5937372419619736
2025-12-09,-0.5904768282698981
2025-12-10,-0.5650191869376633
2025-12-11,-0.5062308445547281
2025-12-12,-0.545600331414954
2025-12-13,-0.5176670941310472
2025-12-14,-0.26505292585821577
2025-12-15,-0.2751875751456029
2025-12-16,-0.3022204216614291
2025-12-17,-0.2892958408452679
2025-12-18,-0.27809700318781033
2025-12-19,-0.3836685168130834
2025-12-20,-0.03830737130725041
2025-12-21,0.007611873039052522
2025-12-22,0.011119995939052702
2025-12-23,0.06588316601722395
2025-12-24,0.10094369956510028
2025-12-25,0.11229854318770023
2025-12-26,0.3006517027819091
2025-12-27,0.3053368237100706
2025-12-28,0.30448927675711324
2025-12-29,0.29587794077855506
2025-12-30,0.2611118455016762
2025-12-31,0.5474565357045824
2026-01-01,1.0975660571012409
2026-01-02,1.1698764309022243
2026-01-03,1.1892590401474423
2026-01-04,1.3532950435342108
2026-01-05,1.2105447618005931
2026-01-06,1.2271213633182394
2026-01-07,1.081339460082898
2026-01-08,1.1741988090893094
2026-01-09,1.171483488753717
2026-01-10,1.172003989482127
2026-01-11,1.2779787934254203
2026-01-12,1.2680617225250148
2026-01-13,1.0093972388480188
2026-01-14,1.071673698431345
2026-01-15,1.039314588649562
2026-01-16,1.1297574615276464
2026-01-17,1.137171490007131
2026-01-18,1.221739079993782
2026-01-19,1.178573111475951
2026-01-20,0.7711601063924834
2026-01-21,0.7439553238372596
2026-01-22,0.7680421993650676
2026-01-23,0.7645991138840492
2026-01-24,0.7607047995430993
2026-01-25,0.6191454381918292
2026-01-26,0.5605756149869007
2026-01-27,0.5452185700160171
2026-01-28,0.554823767737234
2026-01-29,0.18850080866162006
2026-01-30,0.19692028711950976
2026-01-31,-0.28897608429985844
2026-02-01,-0.2831862749932008
2026-02-02,-0.35424256331508225
2026-02-03,-0.46484475462875946
2026-02-04,-0.41861651976436764
2026-02-05,-2.0596351557451342
2026-02-06,-3.320153673058171
2026-02-07,-3.267938084457592
2026-02-08,-3.24200508296115
2026-02-09,-3.187305954411503
2026-02-10,-3.1328413452540533
2026-02-11,-3.0912544143970346
2026-02-12,-2.8629634784720923
2026-02-13,-2.9288611922170866
2026-02-14,-2.9166469254466163
2026-02-15,-2.8710242434029465
2026-02-16,-2.8356486632646196
2026-02-17,-2.8002661070003363
2026-02-18,-2.764379482891797
2026-02-19,-2.671429235413179
2026-02-20,-2.6468863955103257
2026-02-21,-2.613629677131172
2026-02-22,-2.578726401731696
2026-02-23,-2.614636706204213
2026-02-24,-2.564235438516886
2026-02-25,-2.7338336220147195
2026-02-26,-2.683534626843135
2026-02-27,-2.6556057612438098
2026-02-28,-2.5595967504458375
2026-03-01,-2.5359670910646734
2026-03-02,-2.4647850937499816
2026-03-03,-2.4303324212633783
2026-03-05,-2.614189200029947
