Date,cri
2018-02-05,-0.9633243064795993
2018-02-06,-1.0011494221552122
2018-02-07,-1.0325012143302528
2018-02-08,-1.0901182662398938
2018-02-09,-1.1546504063526117
2018-02-10,-1.199973242907682
2018-02-11,-1.2699011554334425
2018-02-12,-1.3227066134967767
2018-02-13,-1.3370933973281087
2018-02-14,-1.3821960714149615
2018-02-15,-1.368469762821237
2018-02-16,-1.3471109482049286
2018-02-17,-1.3546834489745685
2018-02-18,-1.3695957425841436
2018-02-19,-1.3475664687066984
2018-02-20,-1.3067964854017384
2018-02-21,-1.2434645962514053
2018-02-22,-1.2276040208116878
2018-02-23,-1.2106161936951214
2018-02-24,-1.1850667468780027
2018-02-25,-1.1552616849753776
2018-02-26,-1.1512928108697575
2018-02-27,-1.1673535975907083
2018-02-28,-1.1805931662765696
2018-03-01,-1.1674433950457301
2018-03-02,-1.1567580001448865
2018-03-03,-1.1184836154431197
2018-03-04,-1.0754229629154373
2018-03-05,-1.0212570303963149
2018-03-06,-0.9546321586531222
2018-03-07,-0.8382785569861851
2018-03-08,-0.724503479375973
2018-03-09,-0.6097204746452637
2018-03-10,-0.5109055867705666
2018-03-11,-0.42476896488145804
2018-03-12,-0.344474618717112
2018-03-13,-0.26645709635949705
2018-03-14,-0.24371658028488902
2018-03-15,-0.2332310107448563
2018-03-16,-0.1931886542394836
2018-03-17,-0.15034897622460291
2018-03-18,-0.10536297020147897
2018-03-19,-0.04064526441470116
2018-03-20,0.015347290842101883
2018-03-21,0.08932217844612203
2018-03-22,0.16028458046077526
2018-03-23,0.20829317961317015
2018-03-24,0.25552889360107783
2018-03-25,0.31103204470769674
2018-03-26,0.3534729623369567
2018-03-27,0.3889509199722202
2018-03-28,0.42929492934650365
2018-03-29,0.44837119703534994
2018-03-30,0.45790820911190877
2018-03-31,0.4696438183110406
2018-04-01,0.4805837648237464
2018-04-02,0.4886748226967716
2018-04-03,0.4877219834594099
2018-04-04,0.4541813051545186
2018-04-05,0.4497257696052663
2018-04-06,0.4587147696097792
2018-04-07,0.4530743708582565
2018-04-08,0.4429722041310447
2018-04-09,0.43588226109331657
2018-04-10,0.4697859441129125
2018-04-11,0.5166020100936534
2018-04-12,0.4910066194078753
2018-04-13,0.48399667066465046
2018-04-14,0.478642220834469
2018-04-15,0.4695830650630156
2018-04-16,0.46234128141691994
2018-04-17,0.43216790013552303
2018-04-18,0.4069430393716014
2018-04-19,0.44851550518767586
2018-04-20,0.44469618079513445
2018-04-21,0.44357312792828957
2018-04-22,0.44927159850018855
2018-04-23,0.45210587309829603
2018-04-24,0.4316947714112988
2018-04-25,0.38504108900611034
2018-04-26,0.33812818405005557
2018-04-27,0.30260651253389714
2018-04-28,0.2988126839632499
2018-04-29,0.30326776838249264
2018-04-30,0.3035273565453195
2018-05-01,0.3252826691537144
2018-05-02,0.37151775569888307
2018-05-03,0.41515774139477957
2018-05-04,0.4931557528598384
2018-05-05,0.5397541694269444
2018-05-06,0.5800109076383582
2018-05-07,0.6202705958649408
2018-05-08,0.6573150695354107
2018-05-09,0.7009455448969063
2018-05-10,0.7387593284850027
2018-05-11,0.7251749790757992
2018-05-12,0.7756551997224361
2018-05-13,0.8220336082359723
2018-05-14,0.8713795074157409
2018-05-15,0.9269396024697801
2018-05-16,0.9772512680525104
2018-05-17,1.0302289692432327
2018-05-18,1.1072284075501255
2018-05-19,1.119219657044222
2018-05-20,1.1490574403365312
2018-05-21,1.1779465558132325
2018-05-22,1.1936114428806217
2018-05-23,1.1917427967494365
2018-05-24,1.2335888101968762
2018-05-25,1.307159727916165
2018-05-26,1.3959819941890845
2018-05-27,1.4704203569141385
2018-05-28,1.5540491070512104
2018-05-29,1.6272535788567402
2018-05-30,1.7130680561490423
2018-05-31,1.7549962148134088
2018-06-01,1.7614400405845103
2018-06-02,1.7707354900128913
2018-06-03,1.774449178348725
2018-06-04,1.7688761268990398
2018-06-05,1.7777890609837286
2018-06-06,1.788104560922805
2018-06-07,1.7997576369278012
2018-06-08,1.811440435413443
2018-06-09,1.805247131724538
2018-06-10,1.7714660006060365
2018-06-11,1.7344474924740452
2018-06-12,1.6980461853734927
2018-06-13,1.656287044384267
2018-06-14,1.597291112815068
2018-06-15,1.5345534159808563
2018-06-16,1.4698986596482992
2018-06-17,1.438782517637834
2018-06-18,1.4009170683192456
2018-06-19,1.3724981213997585
2018-06-20,1.3472950813056936
2018-06-21,1.347596454431974
2018-06-22,1.3255818461956057
2018-06-23,1.3017209848291293
2018-06-24,1.2747108431507645
2018-06-25,1.2562472860061735
2018-06-26,1.2298133579766355
2018-06-27,1.206189953845703
2018-06-28,1.1827152011788833
2018-06-29,1.1685436526110322
2018-06-30,1.1518219329554904
2018-07-01,1.1359623480726881
2018-07-02,1.1156084306192875
2018-07-03,1.0977024944013343
2018-07-04,1.0791214412183912
2018-07-05,1.0548400111727156
2018-07-06,1.047048824652918
2018-07-07,1.0396976967078426
2018-07-08,1.031798284675282
2018-07-09,1.0301526047435072
2018-07-10,1.0545233465276356
2018-07-11,1.078851251135598
2018-07-12,1.1090920455258988
2018-07-13,1.1453713615663723
2018-07-14,1.1991754133018755
2018-07-15,1.2571525608353817
2018-07-16,1.2974732827558177
2018-07-17,1.2792396030356201
2018-07-18,1.264164445481357
2018-07-19,1.241210467910395
2018-07-20,1.2100690936148228
2018-07-21,1.1649225737620876
2018-07-22,1.1644876118245884
2018-07-23,1.174944040390109
2018-07-24,1.1831488728859973
2018-07-25,1.1794576690687013
2018-07-26,1.174755965653062
2018-07-27,1.1702941378694336
2018-07-28,1.1774366468727442
2018-07-29,1.1433374356197727
2018-07-30,1.1158267526318248
2018-07-31,1.1073253887227188
2018-08-01,1.1066181135369981
2018-08-02,1.1076770114110255
2018-08-03,1.107862300483442
2018-08-04,1.0815654141948163
2018-08-05,1.0471695549713995
2018-08-06,1.0132926109310492
2018-08-07,0.9910557347810729
2018-08-08,0.9501499033350623
2018-08-09,0.9170550827996719
2018-08-10,0.8723837720377915
2018-08-11,0.8439545855310256
2018-08-12,0.8155847079664934
2018-08-13,0.7859141660987705
2018-08-14,0.7590354679771766
2018-08-15,0.7641281809116164
2018-08-16,0.7957976876968813
2018-08-17,0.8333152754980062
2018-08-18,0.8686580101288425
2018-08-19,0.9034734245456494
2018-08-20,0.9361497812304374
2018-08-21,0.9645809150221475
2018-08-22,0.9874715265046241
2018-08-23,1.0193185977846588
2018-08-24,1.0551071915159336
2018-08-25,1.0935024692710609
2018-08-26,1.1380675310469868
2018-08-27,1.1796865094572797
2018-08-28,1.219685173121294
2018-08-29,1.2513902429919586
2018-08-30,1.2497742832859164
2018-08-31,1.253385502639205
2018-09-01,1.2523456640174733
2018-09-02,1.2464917895243537
2018-09-03,1.2619650441200227
2018-09-04,1.2827962148784808
2018-09-05,1.2731160636849002
2018-09-06,1.249811942404724
2018-09-07,1.2477607171651937
2018-09-08,1.2503074776174878
2018-09-09,1.2700047511458419
2018-09-10,1.2749647433589828
2018-09-11,1.2807485388587805
2018-09-12,1.316924578200444
2018-09-13,1.3542727133267076
2018-09-14,1.3702921302342044
2018-09-15,1.3838599714695072
2018-09-16,1.3873511717783535
2018-09-17,1.3843859327525294
2018-09-18,1.3806055911117088
2018-09-19,1.3816832207304284
2018-09-20,1.3867550795366677
2018-09-21,1.3862845386375338
2018-09-22,1.3889305853072786
2018-09-23,1.3877285644852546
2018-09-24,1.38938296838309
2018-09-25,1.388769033303834
2018-09-26,1.386975710929616
2018-09-27,1.383606813550522
2018-09-28,1.3843575067904033
2018-09-29,1.3822916766131759
2018-09-30,1.3761657171810353
2018-10-01,1.3752120098375065
2018-10-02,1.3779856280110596
2018-10-03,1.3764190828008664
2018-10-04,1.3743242037969454
2018-10-05,1.4112154751060189
2018-10-06,1.4596321944893105
2018-10-07,1.5078837668152087
2018-10-08,1.565498097697693
2018-10-09,1.622048679978923
2018-10-10,1.677101105388055
2018-10-11,1.708549718143491
2018-10-12,1.7007367095383827
2018-10-13,1.6866255109459785
2018-10-14,1.67180610639426
2018-10-15,1.6253856217318565
2018-10-16,1.5789893496877931
2018-10-17,1.544066098703839
2018-10-18,1.5326387958232393
2018-10-19,1.5215563145638538
2018-10-20,1.507704422425466
2018-10-21,1.503645881304134
2018-10-22,1.5182804492112794
2018-10-23,1.5328754344893896
2018-10-24,1.539825736515604
2018-10-25,1.550726651596896
2018-10-26,1.5619484375635533
2018-10-27,1.577848458505956
2018-10-28,1.5844648576908937
2018-10-29,1.5864873582753152
2018-10-30,1.5886240246287786
2018-10-31,1.5887108492223248
2018-11-01,1.5835861286095365
2018-11-02,1.5784540212612677
2018-11-03,1.5671718312876943
2018-11-04,1.556300160406557
2018-11-05,1.549622447231991
2018-11-06,1.5423545096164604
2018-11-07,1.534428274654998
2018-11-08,1.324516896889895
2018-11-09,1.1148818009403587
2018-11-10,0.9176997341907771
2018-11-11,0.7201728111463679
2018-11-12,0.5237693395512405
2018-11-13,0.32678201824065983
2018-11-14,0.10117610140444708
2018-11-15,0.08043738385154997
2018-11-16,0.05774823839070926
2018-11-17,0.02211315305667378
2018-11-18,-0.013079493247072678
2018-11-19,-0.09061994960181005
2018-11-20,-0.18122562361286412
2018-11-21,-0.24334560577681597
2018-11-22,-0.31095446107582897
2018-11-23,-0.3776781898871299
2018-11-24,-0.4548196799195387
2018-11-25,-0.535042871921028
2018-11-26,-0.5755849106702539
2018-11-27,-0.6008541694221908
2018-11-28,-0.6471526286943902
2018-11-29,-0.6928060614776648
2018-11-30,-0.7372243843098111
2018-12-01,-0.7748189836830326
2018-12-02,-0.8083175800112444
2018-12-03,-0.8413315640682326
2018-12-04,-0.8752914183372288
2018-12-05,-0.8888215317791313
2018-12-06,-0.9039828253174856
2018-12-07,-0.9143313783677868
2018-12-08,-0.9249106663166807
2018-12-09,-0.9407364735313191
2018-12-10,-0.9543262993714156
2018-12-11,-0.9674221396445102
2018-12-12,-0.9794791516996538
2018-12-13,-0.9860873503838296
2018-12-14,-0.9899327574072524
2018-12-15,-0.9895191593789884
2018-12-16,-0.9845359805211908
2018-12-17,-0.9904362895011362
2018-12-18,-0.9970262015476956
2018-12-19,-0.9852938362173896
2018-12-20,-0.9761764479554547
2018-12-21,-0.9764022950823638
2018-12-22,-0.9721279563084665
2018-12-23,-0.9565560144960873
2018-12-24,-0.91015883490048
2018-12-25,-0.8683684250629217
2018-12-26,-0.8389348331555375
2018-12-27,-0.8178223393244995
2018-12-28,-0.774399925281891
2018-12-29,-0.7333887689000077
2018-12-30,-0.6987131317508767
2018-12-31,-0.6831898322311566
2019-01-01,-0.6602396391685631
2019-01-02,-0.6296003672359779
2019-01-03,-0.5904927584372647
2019-01-04,-0.5640046982178455
2019-01-05,-0.5316421107970482
2019-01-06,-0.5129220827917367
2019-01-07,-0.49827191012218536
2019-01-08,-0.4845282407473293
2019-01-09,-0.4806208478588258
2019-01-10,-0.4951473815536104
2019-01-11,-0.5181546401190756
2019-01-12,-0.5451258313508526
2019-01-13,-0.5687466017074374
2019-01-14,-0.5854164540535469
2019-01-15,-0.6078230693873994
2019-01-16,-0.6186794984127365
2019-01-17,-0.6059134790449582
2019-01-18,-0.5938769710561556
2019-01-19,-0.5630992717119162
2019-01-20,-0.5229195421237243
2019-01-21,-0.4849224980876486
2019-01-22,-0.44175332909713844
2019-01-23,-0.4118600589519263
2019-01-24,-0.3756961479815476
2019-01-25,-0.3383961536197753
2019-01-26,-0.3167995124792755
2019-01-27,-0.2850515069268743
2019-01-28,-0.25832973105046314
2019-01-29,-0.23157725995299944
2019-01-30,-0.20158777534809103
2019-01-31,-0.17876567711420197
2019-02-01,-0.15376641009817596
2019-02-02,-0.13288352228663017
2019-02-03,-0.12757686590236303
2019-02-04,-0.11804630566028829
2019-02-05,-0.0946986595961473
2019-02-06,-0.07636073970738118
2019-02-07,-0.0594494071880897
2019-02-08,-0.06230961405781115
2019-02-09,-0.04093534417015143
2019-02-10,-0.01363868278808856
2019-02-11,0.011016346806161719
2019-02-12,0.02652542916628981
2019-02-13,0.05189783372593593
2019-02-14,0.07851174423994205
2019-02-15,0.12404367726886502
2019-02-16,0.14356122185670614
2019-02-17,0.1669523912730783
2019-02-18,0.1787838079410974
2019-02-19,0.18982013331371192
2019-02-20,0.19432283736406336
2019-02-21,0.19503412469611542
2019-02-22,0.19595043770026038
2019-02-23,0.19593886785562573
2019-02-24,0.15016504176153458
2019-02-25,0.11863281321108879
2019-02-26,0.0821838297454101
2019-02-27,0.046395960217393395
2019-02-28,0.013928421423955815
2019-03-01,-0.019819742934226496
2019-03-02,-0.05541890625417941
2019-03-03,-0.054864797674441974
2019-03-04,-0.05854827757419499
2019-03-05,-0.0589007751339255
2019-03-06,-0.06134660366027891
2019-03-07,-0.06575753694757853
2019-03-08,-0.07105452867353186
2019-03-09,-0.07421242360872017
2019-03-10,-0.05210057581541957
2019-03-11,-0.028377598563963713
2019-03-12,-0.006733757816288456
2019-03-13,0.013917620386800136
2019-03-14,0.0354092846908361
2019-03-15,0.06075378533486024
2019-03-16,0.0856776956741495
2019-03-17,0.08476108229230125
2019-03-18,0.08519112778552722
2019-03-19,0.08504108251053548
2019-03-20,0.10594108800917068
2019-03-21,0.12376259349269292
2019-03-22,0.1402111568022212
2019-03-23,0.1578078120332667
2019-03-24,0.17722876431386023
2019-03-25,0.20338407119106958
2019-03-26,0.277645264826223
2019-03-27,0.3294981224041784
2019-03-28,0.3833217292197464
2019-03-29,0.4367115755108273
2019-03-30,0.48751995550566807
2019-03-31,0.5371930382306058
2019-04-01,0.5778922471492615
2019-04-02,0.4280593983094266
2019-04-03,0.2784985153218083
2019-04-04,0.13000806785742042
2019-04-05,-0.017187859941463695
2019-04-06,-0.16316454727459256
2019-04-07,-0.30552550424246955
2019-04-08,-0.4429127897901704
2019-04-09,-0.4404679164790545
2019-04-10,-0.4375445813675241
2019-04-11,-0.44819212026608274
2019-04-12,-0.46209551291847883
2019-04-13,-0.4763038951350437
2019-04-14,-0.4921302843794895
2019-04-15,-0.5140616326640047
2019-04-16,-0.534091450231682
2019-04-17,-0.5540825923222082
2019-04-18,-0.556398808018123
2019-04-19,-0.5580077750327833
2019-04-20,-0.5580638108924212
2019-04-21,-0.5611831370437075
2019-04-22,-0.5605717811740357
2019-04-23,-0.5640445917871348
2019-04-24,-0.5692901804753233
2019-04-25,-0.5918726998637605
2019-04-26,-0.6136008270986133
2019-04-27,-0.6346293025095692
2019-04-28,-0.6546185762361121
2019-04-29,-0.675442391994547
2019-04-30,-0.6886370322196275
2019-05-01,-0.7013551749295621
2019-05-02,-0.5836592398854474
2019-05-03,-0.4776576874127868
2019-05-04,-0.376238964323605
2019-05-05,-0.2723053987277843
2019-05-06,-0.1608051187794723
2019-05-07,-0.05332000335592229
2019-05-08,0.052061355947635175
2019-05-09,0.03469480566540077
2019-05-10,0.024028619658172306
2019-05-11,-0.03804137969401211
2019-05-12,-0.10941267406763733
2019-05-13,-0.2362289895313733
2019-05-14,-0.3536932733044061
2019-05-15,-0.4505532509093354
2019-05-16,-0.5362899965360514
2019-05-17,-0.6395334515641301
2019-05-18,-0.6936331067337628
2019-05-19,-0.77747246031801
2019-05-20,-0.8170955066625479
2019-05-21,-0.8617199540277128
2019-05-22,-0.9291388405683066
2019-05-23,-1.0035860078880272
2019-05-24,-1.0524005310661315
2019-05-25,-1.0854827790119184
2019-05-26,-1.0915291169745334
2019-05-27,-1.0896926139262397
2019-05-28,-1.0905812806389072
2019-05-29,-1.084390143409068
2019-05-30,-1.0851323192242774
2019-05-31,-1.0865657522825836
2019-06-01,-1.0997538454599929
2019-06-02,-1.0990469328211112
2019-06-03,-1.1142332863781685
2019-06-04,-1.137386215061858
2019-06-05,-1.1578462393359923
2019-06-06,-1.1671211281655036
2019-06-07,-1.1818298598642367
2019-06-08,-1.1957788387453558
2019-06-09,-1.217145924995781
2019-06-10,-1.1889406898745791
2019-06-11,-1.1491804080121777
2019-06-12,-1.0727426498642536
2019-06-13,-1.0022436603833935
2019-06-14,-0.9393347720005367
2019-06-15,-0.8708916209274251
2019-06-16,-0.7852526943479228
2019-06-17,-0.7399604399831248
2019-06-18,-0.6569156807997849
2019-06-19,-0.61217264942934
2019-06-20,-0.5686096763846195
2019-06-21,-0.5162559331184917
2019-06-22,-0.4759802439432056
2019-06-23,-0.4519996754148238
2019-06-24,-0.425227208165852
2019-06-25,-0.4451767269498489
2019-06-26,-0.5006624525733991
2019-06-27,-0.6092747806014474
2019-06-28,-0.7455741286877409
2019-06-29,-0.8626329753641817
2019-06-30,-0.9982234297003221
2019-07-01,-1.1275764040000629
2019-07-02,-1.2561656411359807
2019-07-03,-1.369595792883419
2019-07-04,-1.4246682825010255
2019-07-05,-1.4460842209847478
2019-07-06,-1.4830601605964062
2019-07-07,-1.4892770016334023
2019-07-08,-1.514227956024803
2019-07-09,-1.536842754393551
2019-07-10,-1.5494110310024296
2019-07-11,-1.574365140453842
2019-07-12,-1.6065702826756427
2019-07-13,-1.6370309878899236
2019-07-14,-1.7047218285566577
2019-07-15,-1.7726337177323466
2019-07-16,-1.8671193339116006
2019-07-17,-1.9436969390963381
2019-07-18,-2.02373515585588
2019-07-19,-2.1017908471401325
2019-07-20,-2.1737550309478175
2019-07-21,-2.2114113130661006
2019-07-22,-2.233700908586126
2019-07-23,-2.2234845639062093
2019-07-24,-2.2141316410054968
2019-07-25,-2.1808057241758267
2019-07-26,-2.1286007383004866
2019-07-27,-2.0594629906268236
2019-07-28,-1.9732083435781944
2019-07-29,-1.8862946763203055
2019-07-30,-1.793104050906786
2019-07-31,-1.7150283939864603
2019-08-01,-1.6552815686369464
2019-08-02,-1.5965509641682745
2019-08-03,-1.5569911867192054
2019-08-04,-1.5443658990650502
2019-08-05,-1.550423823199184
2019-08-06,-1.571421429300607
2019-08-07,-1.5900901631878661
2019-08-08,-1.6064352050838309
2019-08-09,-1.6493864672843712
2019-08-10,-1.6852754445823552
2019-08-11,-1.7078213496901111
2019-08-12,-1.7147730325550004
2019-08-13,-1.6918595130174061
2019-08-14,-1.6765604684464779
2019-08-15,-1.6213480196622754
2019-08-16,-1.56076763895561
2019-08-17,-1.4811976496718795
2019-08-18,-1.4015477342350777
2019-08-19,-1.3302597000372427
2019-08-20,-1.2879255188257612
2019-08-21,-1.2376689645805385
2019-08-22,-1.2080261735377669
2019-08-23,-1.1773367413391742
2019-08-24,-1.173949835886697
2019-08-25,-1.1843780938581143
2019-08-26,-1.183731758228576
2019-08-27,-1.1765971175019594
2019-08-28,-1.1773924294860059
2019-08-29,-1.1905070028238143
2019-08-30,-1.1964314719172893
2019-08-31,-1.1950218252366926
2019-09-01,-1.1925623889709407
2019-09-02,-1.2028830074593653
2019-09-03,-1.2203789084658008
2019-09-04,-1.2120813717548755
2019-09-05,-1.2015866971043334
2019-09-06,-1.1896803746920042
2019-09-07,-1.178244010386996
2019-09-08,-1.1561583190059677
2019-09-09,-1.1150075955265737
2019-09-10,-1.0646428783540824
2019-09-11,-1.0295026669086471
2019-09-12,-0.9940241915686725
2019-09-13,-0.942374433742242
2019-09-14,-0.8866449816401166
2019-09-15,-0.8347057067918103
2019-09-16,-0.7787871075256082
2019-09-17,-0.7115159272955986
2019-09-18,-0.6260837021370053
2019-09-19,-0.5317657236740687
2019-09-20,-0.4471033073305773
2019-09-21,-0.3741334036917397
2019-09-22,-0.3072507787569421
2019-09-23,-0.25768947564539907
2019-09-24,-0.2834806144579685
2019-09-25,-0.3151931506394196
2019-09-26,-0.35616301301609704
2019-09-27,-0.39840712626148184
2019-09-28,-0.439247335123466
2019-09-29,-0.4784382438074649
2019-09-30,-0.5061567650902681
2019-10-01,-0.4787577049759593
2019-10-02,-0.4446082887425398
2019-10-03,-0.41202661996979556
2019-10-04,-0.3854283987596218
2019-10-05,-0.3590903004078082
2019-10-06,-0.33076835521569353
2019-10-07,-0.30798353674825385
2019-10-08,-0.27875698845498886
2019-10-09,-0.27077018904357025
2019-10-10,-0.2637931675330046
2019-10-11,-0.2675215655991901
2019-10-12,-0.2726343550388782
2019-10-13,-0.2759769863518798
2019-10-14,-0.27454344071337883
2019-10-15,-0.2780091644995042
2019-10-16,-0.28064247604365133
2019-10-17,-0.2815375933159795
2019-10-18,-0.27867408103130314
2019-10-19,-0.27658885890650897
2019-10-20,-0.2846618434355344
2019-10-21,-0.2991249904674316
2019-10-22,-0.3091972477692428
2019-10-23,-0.3223925734412742
2019-10-24,-0.2955007045924363
2019-10-25,-0.3499559382387258
2019-10-26,-0.4258543068759323
2019-10-27,-0.49709874839223833
2019-10-28,-0.5643673594083611
2019-10-29,-0.6264986830282719
2019-10-30,-0.6845898835344706
2019-10-31,-0.7838916344797793
2019-11-01,-0.8006624879916456
2019-11-02,-0.7952402849778663
2019-11-03,-0.7862215400809538
2019-11-04,-0.7791202010959316
2019-11-05,-0.7715706707244671
2019-11-06,-0.7572567669021792
2019-11-07,-0.7447515493461973
2019-11-08,-0.7260415747158377
2019-11-09,-0.7059360798136048
2019-11-10,-0.68563748542709
2019-11-11,-0.6660763895385965
2019-11-12,-0.6530608508614465
2019-11-13,-0.6421794429478511
2019-11-14,-0.6281980635918396
2019-11-15,-0.6209310559834871
2019-11-16,-0.6124730822933114
2019-11-17,-0.6020621880042327
2019-11-18,-0.5927649672648825
2019-11-19,-0.5836349454564874
2019-11-20,-0.5751422371335454
2019-11-21,-0.5810646975577992
2019-11-22,-0.5843854523751719
2019-11-23,-0.5889040847775858
2019-11-24,-0.5303280461620966
2019-11-25,-0.4476616224864697
2019-11-26,-0.35801112992378104
2019-11-27,-0.2834356546085762
2019-11-28,-0.19288205741522485
2019-11-29,-0.11519694837969593
2019-11-30,-0.03883942093028841
2019-12-01,-0.026266457331644788
2019-12-02,-0.036612323850807135
2019-12-03,-0.05657483386677026
2019-12-04,-0.06041593330576644
2019-12-05,-0.07435946461932268
2019-12-06,-0.081203412217041
2019-12-07,-0.08940010067438116
2019-12-08,-0.0887941116224811
2019-12-09,-0.08944867955977553
2019-12-10,-0.08316591247306973
2019-12-11,-0.07944147930745128
2019-12-12,-0.06601235872930429
2019-12-13,-0.050421356101862824
2019-12-14,-0.03328898862601292
2019-12-15,-0.026865609783698268
2019-12-16,-0.029905371157199205
2019-12-17,-0.051595764344738296
2019-12-18,-0.11240788895689688
2019-12-19,-0.17905815570150413
2019-12-20,-0.24301644289952978
2019-12-21,-0.300615278920174
2019-12-22,-0.360485014158422
2019-12-23,-0.41243181618339186
2019-12-24,-0.44058037685629287
2019-12-25,-0.43228129129794723
2019-12-26,-0.4193316049910383
2019-12-27,-0.39948138418200135
2019-12-28,-0.38507663159881794
2019-12-29,-0.35631158036399296
2019-12-30,-0.32365138086958234
2019-12-31,-0.3021749524482235
2020-01-01,-0.27625427036311373
2020-01-02,-0.25432772187821723
2020-01-03,-0.249679295415324
2020-01-04,-0.24437374607149492
2020-01-05,-0.24925752552384858
2020-01-06,-0.26236907633884804
2020-01-07,-0.2939076460461389
2020-01-08,-0.327268470833039
2020-01-09,-0.3573903522150621
2020-01-10,-0.3807001270383002
2020-01-11,-0.4054504016918368
2020-01-12,-0.43293163074391394
2020-01-13,-0.4529369976596983
2020-01-14,-0.461020454485091
2020-01-15,-0.46425442173695847
2020-01-16,-0.46069894808420336
2020-01-17,-0.42407942376492497
2020-01-18,-0.3814221942249774
2020-01-19,-0.3473901952023466
2020-01-20,-0.3127814399052985
2020-01-21,-0.2636654759890632
2020-01-22,-0.2179262585117767
2020-01-23,-0.18435660250619282
2020-01-24,-0.18081387280495526
2020-01-25,-0.1843954778590576
2020-01-26,-0.17749991957132347
2020-01-27,-0.17923728626274357
2020-01-28,-0.19799163748026352
2020-01-29,-0.21725790703681785
2020-01-30,-0.22272641015518507
2020-01-31,-0.23170334509368556
2020-02-01,-0.23088116059816205
2020-02-02,-0.2181952329285223
2020-02-03,-0.19597980065300963
2020-02-04,-0.16266546891415626
2020-02-05,-0.12304479919021631
2020-02-06,-0.07795982356782892
2020-02-07,-0.01748909715397501
2020-02-08,0.03683278474685154
2020-02-09,0.07992360337112123
2020-02-10,0.11960033293295112
2020-02-11,0.1606707340816159
2020-02-12,0.22479111451535133
2020-02-13,0.3067724056861535
2020-02-14,0.3926511190341481
2020-02-15,0.45742890313603957
2020-02-16,0.515121276970251
2020-02-17,0.5862185908862768
2020-02-18,0.6550476060360957
2020-02-19,0.6712440711130787
2020-02-20,0.6543832349318233
2020-02-21,0.6296853135614063
2020-02-22,0.6255917418556151
2020-02-23,0.6302997126515734
2020-02-24,0.6181281849563588
2020-02-25,0.5913960359588397
2020-02-26,0.5670135008561712
2020-02-27,0.5570158170636865
2020-02-28,0.5432317638068952
2020-02-29,0.5220306433075039
2020-03-01,0.4981415458227377
2020-03-02,0.4786809631475153
2020-03-03,0.46801900535585267
2020-03-04,0.4783993402441175
2020-03-05,0.46546603864446673
2020-03-06,0.4763810666406006
2020-03-07,0.49142455815403624
2020-03-08,0.4532603464578327
2020-03-09,0.42502426771878443
2020-03-10,0.4050968313723269
2020-03-11,0.3751367666290781
2020-03-12,0.07068931747319741
2020-03-13,-0.2640624670718931
2020-03-14,-0.5989591732938365
2020-03-15,-0.8862763113897982
2020-03-16,-1.1968958079995873
2020-03-17,-1.5126683151655076
2020-03-18,-1.814145877516341
2020-03-19,-1.863122398150765
2020-03-20,-1.9110868431419301
2020-03-21,-1.9516568323501116
2020-03-22,-1.9885781779961105
2020-03-23,-2.0203568773641574
2020-03-24,-2.0520911679824083
2020-03-25,-2.0875274019236487
2020-03-26,-2.083015487308717
2020-03-27,-2.0697741625924886
2020-03-28,-2.0555142372635733
2020-03-29,-2.0347818862331066
2020-03-30,-2.0167885956750404
2020-03-31,-1.9911185547509977
2020-04-01,-1.965773785900664
2020-04-02,-1.939545129060439
2020-04-03,-1.9135207803364485
2020-04-04,-1.8895078122942774
2020-04-05,-1.867431417344888
2020-04-06,-1.8021365355480836
2020-04-07,-1.7362117453349073
2020-04-08,-1.6603144686211233
2020-04-09,-1.592461541382264
2020-04-10,-1.5362144156765065
2020-04-11,-1.3524517111861403
2020-04-12,-1.156488658908197
2020-04-13,-0.9903204668406614
2020-04-14,-0.8254773187454255
2020-04-15,-0.6647021698792749
2020-04-16,-0.4899731980946364
2020-04-17,-0.31029073285248615
2020-04-18,-0.19255700195646927
2020-04-19,-0.09869169231315413
2020-04-20,-0.014134625565939985
2020-04-21,0.07416967312481194
2020-04-22,0.17944695682272727
2020-04-23,0.25828514627029947
2020-04-24,0.33961214692952607
2020-04-25,0.3631159378252842
2020-04-26,0.39586726286850277
2020-04-27,0.4326069483258803
2020-04-28,0.47070640285658943
2020-04-29,0.45493947997821377
2020-04-30,0.43795027766342937
2020-05-01,0.4219045333148172
2020-05-02,0.38991685452617153
2020-05-03,0.3525234916012385
2020-05-04,0.31244158818999496
2020-05-05,0.25709628071900775
2020-05-06,0.2210948078408626
2020-05-07,0.17906350985939365
2020-05-08,0.13829200964758576
2020-05-09,0.10593917169073086
2020-05-10,0.060227747813793905
2020-05-11,0.02073218615244669
2020-05-12,-0.015379530722443791
2020-05-13,-0.04370905299828243
2020-05-14,-0.06685859145285011
2020-05-15,-0.0947030844496873
2020-05-16,-0.11379312018509725
2020-05-17,-0.11520545433095523
2020-05-18,-0.10476606965936498
2020-05-19,-0.09351051156700933
2020-05-20,-0.07423491894867276
2020-05-21,-0.04777978829292769
2020-05-22,-0.009649406367260189
2020-05-23,0.01847204072187638
2020-05-24,0.04920547970654136
2020-05-25,0.06851180946024395
2020-05-26,0.08542259520998428
2020-05-27,0.09288682283526065
2020-05-28,0.11231890741063376
2020-05-29,0.15381351728761097
2020-05-30,0.22434808671137244
2020-05-31,0.27994340667919226
2020-06-01,0.32295271816842
2020-06-02,0.375287418720499
2020-06-03,0.440148530146988
2020-06-04,0.4926160148545234
2020-06-05,0.513072842482556
2020-06-06,0.5131300149772698
2020-06-07,0.5274926212849844
2020-06-08,0.5574571311948043
2020-06-09,0.5950382362508474
2020-06-10,0.6271161785939853
2020-06-11,0.6554189200191493
2020-06-12,0.6924262249843157
2020-06-13,0.726737014766398
2020-06-14,0.7571033523470583
2020-06-15,0.7693464819080774
2020-06-16,0.7773733110237874
2020-06-17,0.7826424115166358
2020-06-18,0.8011130457933566
2020-06-19,0.8047951994738904
2020-06-20,0.8070911187854309
2020-06-21,0.813224828313772
2020-06-22,0.8444007324162621
2020-06-23,0.8786937589102072
2020-06-24,0.9083723623762766
2020-06-25,0.9309402140436099
2020-06-26,0.958714622980415
2020-06-27,0.9697180243062193
2020-06-28,0.9783578063433512
2020-06-29,0.9831778728543282
2020-06-30,0.9760359983155193
2020-07-01,0.9979699414127854
2020-07-02,1.0401391151706503
2020-07-03,1.0723609473812452
2020-07-04,1.1204781629374472
2020-07-05,1.1690780448712084
2020-07-06,1.2232360082126168
2020-07-07,1.2788104994472924
2020-07-08,1.315174677778657
2020-07-09,1.3347151616908426
2020-07-10,1.3563229838049013
2020-07-11,1.3798672629588287
2020-07-12,1.4084103739143552
2020-07-13,1.4182954938382701
2020-07-14,1.427463537889677
2020-07-15,1.4280862245827755
2020-07-16,1.4198642755970934
2020-07-17,1.4133916511276179
2020-07-18,1.4030103781084757
2020-07-19,1.3935371385117261
2020-07-20,1.384118495795607
2020-07-21,1.379482388573413
2020-07-22,1.4170473886625121
2020-07-23,1.4911552450810053
2020-07-24,1.588953345533873
2020-07-25,1.728527758688807
2020-07-26,1.851706217409634
2020-07-27,1.885810099127774
2020-07-28,1.9059007037268263
2020-07-29,1.8754717624154116
2020-07-30,1.8502985221214487
2020-07-31,1.8121947100491884
2020-08-01,1.771268151763302
2020-08-02,1.7397941756917743
2020-08-03,1.814806209110225
2020-08-04,1.9013811888564007
2020-08-05,1.9773337822123687
2020-08-06,2.0039370199103455
2020-08-07,2.0028574472482568
2020-08-08,1.970671166403996
2020-08-09,1.9345332025986242
2020-08-10,1.8800438514112428
2020-08-11,1.8132188938261637
2020-08-12,1.772396207092017
2020-08-13,1.7941979981798315
2020-08-14,1.8464938763496304
2020-08-15,1.867851430674851
2020-08-16,1.8880699882478968
2020-08-17,1.8847233546455044
2020-08-18,1.8895350734049092
2020-08-19,1.871467320235272
2020-08-20,1.814055118746993
2020-08-21,1.7173681025165217
2020-08-22,1.6406059028652002
2020-08-23,1.5620233494021336
2020-08-24,1.5302399572779581
2020-08-25,1.4793716047424774
2020-08-26,1.4723131777992802
2020-08-27,1.4592679084643099
2020-08-28,1.4825998093569324
2020-08-29,1.5079088755453796
2020-08-30,1.5673753875773517
2020-08-31,1.6221347883495019
2020-09-01,1.7440942979135887
2020-09-02,1.8087681169485332
2020-09-03,1.8268423966842686
2020-09-04,1.830111442350626
2020-09-05,1.765010410872842
2020-09-06,1.692935344745793
2020-09-07,1.6026853115277184
2020-09-08,1.452884546645073
2020-09-09,1.3482601422403369
2020-09-10,1.3096364534858382
2020-09-11,1.2862176136326882
2020-09-12,1.3402628728888444
2020-09-13,1.348682173098815
2020-09-14,1.3573295979863624
2020-09-15,1.3547261097870489
2020-09-16,1.3328970689673671
2020-09-17,1.3225103211213523
2020-09-18,1.2992868006443283
2020-09-19,1.2551438695720478
2020-09-20,1.2253413508386377
2020-09-21,1.1793959069540467
2020-09-22,1.1564019784438138
2020-09-23,1.1186939232009654
2020-09-24,1.0606490076778703
2020-09-25,1.0151182181971865
2020-09-26,0.9775202795029504
2020-09-27,0.9533259914209358
2020-09-28,0.9505379507329563
2020-09-29,0.9481969764203869
2020-09-30,0.9681423971255504
2020-10-01,0.9768281358529828
2020-10-02,0.9766574403059701
2020-10-03,1.0079201958999988
2020-10-04,1.0412720827485207
2020-10-05,1.0755147839249324
2020-10-06,1.0993610870833166
2020-10-07,1.1193962406734494
2020-10-08,1.141435684329744
2020-10-09,1.1773203816810898
2020-10-10,1.1760495013316752
2020-10-11,1.1716072263067552
2020-10-12,1.1737521869556176
2020-10-13,1.1831333348576862
2020-10-14,1.1954390590452195
2020-10-15,1.2011831142599885
2020-10-16,1.188578123291839
2020-10-17,1.1814276252801672
2020-10-18,1.1785280416794044
2020-10-19,1.159768889096555
2020-10-20,1.1264639837899135
2020-10-21,1.0764642797237134
2020-10-22,1.0483015044974167
2020-10-23,1.0281673970410032
2020-10-24,1.010408295504142
2020-10-25,0.983387729390942
2020-10-26,0.9515950243077658
2020-10-27,0.9250542666765332
2020-10-28,0.9058156737353479
2020-10-29,0.8630753127802074
2020-10-30,0.8130833080386439
2020-10-31,0.7583125359663333
2020-11-01,0.7178754833819079
2020-11-02,0.6822796984589774
2020-11-03,0.6510236329434623
2020-11-04,0.6363160434471332
2020-11-05,0.5809789177762436
2020-11-06,0.5656367950668917
2020-11-07,0.5447400318108293
2020-11-08,0.5100268638762079
2020-11-09,0.4791499419451961
2020-11-10,0.4615427514469688
2020-11-11,0.43581394689896935
2020-11-12,0.4419988670380356
2020-11-13,0.4244608042790491
2020-11-14,0.4060391645809686
2020-11-15,0.38443392420314154
2020-11-16,0.35834061469745554
2020-11-17,0.3193067941145107
2020-11-18,0.27624816106181305
2020-11-19,0.2422643304166962
2020-11-20,0.21688750746099408
2020-11-21,0.22619872865691967
2020-11-22,0.2528359234179261
2020-11-23,0.32466265050717247
2020-11-24,0.38313065800202584
2020-11-25,0.42821932761227416
2020-11-26,0.46017686277525843
2020-11-27,0.47609999703227934
2020-11-28,0.46533494261995095
2020-11-29,0.4605559536712111
2020-11-30,0.4067114417109203
2020-12-01,0.36782376784025067
2020-12-02,0.3461676185266356
2020-12-03,0.35189147907362817
2020-12-04,0.3340819481051507
2020-12-05,0.3413113725780117
2020-12-06,0.33178890497507385
2020-12-07,0.3380425849713288
2020-12-08,0.34001259747247464
2020-12-09,0.35063173660304475
2020-12-10,0.34911188162368917
2020-12-11,0.3634394506446701
2020-12-12,0.35197335056778106
2020-12-13,0.3480737195791865
2020-12-14,0.33826716468132945
2020-12-15,0.3380956476769999
2020-12-16,0.3098765868276359
2020-12-17,0.26086253385759683
2020-12-18,0.21849498697816402
2020-12-19,0.16669048385899626
2020-12-20,0.1029136765457763
2020-12-21,0.034460512001991135
2020-12-22,-0.03504836550987071
2020-12-23,-0.10847907319453864
2020-12-24,-0.14628952263635853
2020-12-25,-0.19085193765729727
2020-12-26,-0.2332208923326124
2020-12-27,-0.2443308678810185
2020-12-28,-0.23293402343900418
2020-12-29,-0.2226779640100022
2020-12-30,-0.19326285696965345
2020-12-31,-0.176739295678824
2021-01-01,-0.1630679900697957
2021-01-02,-0.16483627171947907
2021-01-03,-0.10589295912791734
2021-01-04,-0.02490581340436179
2021-01-05,0.052807635559200206
2021-01-06,0.1348943835753917
2021-01-07,0.2010400656060158
2021-01-08,0.25920932354667936
2021-01-09,0.3673981280660913
2021-01-10,0.39661625071946877
2021-01-11,0.340550055094495
2021-01-12,0.28507060090562664
2021-01-13,0.21345244535478258
2021-01-14,0.17140982238965666
2021-01-15,0.15488760588034237
2021-01-16,0.14780993022619277
2021-01-17,0.1354597293838259
2021-01-18,0.1718454244909881
2021-01-19,0.27153716513023085
2021-01-20,0.39830385464489104
2021-01-21,0.447471420953832
2021-01-22,0.5000846614529894
2021-01-23,0.5276029222876277
2021-01-24,0.6209591308341282
2021-01-25,0.6861954316820972
2021-01-26,0.7035180648623625
2021-01-27,0.695216963244639
2021-01-28,0.7221527948567
2021-01-29,0.744485560120211
2021-01-30,0.7528187828232275
2021-01-31,0.6834260213056508
2021-02-01,0.6672502596256963
2021-02-02,0.6625348961659696
2021-02-03,0.6912033334869732
2021-02-04,0.7367514321058716
2021-02-05,0.8040859026453868
2021-02-06,0.8453072126430675
2021-02-07,0.8788771654907432
2021-02-08,0.7973280328251177
2021-02-09,0.7009963756867368
2021-02-10,0.6015948724552802
2021-02-11,0.4952843771470098
2021-02-12,0.38833495948163593
2021-02-13,0.3077104301427244
2021-02-14,0.22924842239186716
2021-02-15,0.2422101013660889
2021-02-16,0.23710072331231632
2021-02-17,0.20380011642362542
2021-02-18,0.21883785111403192
2021-02-19,0.1688948658675857
2021-02-20,0.13911306010923633
2021-02-21,0.11975939536170432
2021-02-22,0.08470964354284767
2021-02-23,0.03526239790705726
2021-02-24,0.006017385761965739
2021-02-25,-0.07352848693254017
2021-02-26,-0.11209635216752988
2021-02-27,-0.153754246339825
2021-02-28,-0.19546074521704418
2021-03-01,-0.22938909149483702
2021-03-02,-0.24470695601558143
2021-03-03,-0.26435676019040877
2021-03-04,-0.253914317797545
2021-03-05,-0.2515460723624344
2021-03-06,-0.23018981096465896
2021-03-07,-0.20790068758697614
2021-03-08,-0.15906859019028538
2021-03-09,-0.117319861097781
2021-03-10,-0.06207911023042688
2021-03-11,-0.02149607267719716
2021-03-12,0.014720649071461863
2021-03-13,0.02339782095870438
2021-03-14,0.030532257242879397
2021-03-15,0.021686656910388843
2021-03-16,0.02472662910528706
2021-03-17,-0.0015084168233853248
2021-03-18,-0.02315813911513485
2021-03-19,-0.0294526272688365
2021-03-20,-0.04322290797703194
2021-03-21,-0.043510724918598045
2021-03-22,-0.05393859579604995
2021-03-23,-0.06616168786598405
2021-03-24,-0.06994701811659847
2021-03-25,-0.044263621649230804
2021-03-26,-0.034759995128402256
2021-03-27,-0.021093811185428663
2021-03-28,-0.022167394615203135
2021-03-29,-0.0009756689905512927
2021-03-30,0.023233099188879943
2021-03-31,0.0869511482896286
2021-04-01,0.13881534001716872
2021-04-02,0.23861936736125053
2021-04-03,0.32491097859920437
2021-04-04,0.42172733660562717
2021-04-05,0.503329822415217
2021-04-06,0.5996611193046049
2021-04-07,0.6379471790658746
2021-04-08,0.6725062744162954
2021-04-09,0.7884124658006906
2021-04-10,0.9010440574470159
2021-04-11,1.015047307865654
2021-04-12,1.1414252672130831
2021-04-13,1.2305138951174133
2021-04-14,1.3659731621284796
2021-04-15,1.5095645594361715
2021-04-16,1.515368174471242
2021-04-17,1.5263204984307632
2021-04-18,1.596964535001233
2021-04-19,1.6389802186079545
2021-04-20,1.7207804853684565
2021-04-21,1.816499075896635
2021-04-22,1.965239310941811
2021-04-23,2.111320528667104
2021-04-24,2.2723281023471826
2021-04-25,2.4466790039329105
2021-04-26,2.54369702121165
2021-04-27,2.6189353997929237
2021-04-28,2.675126843158668
2021-04-29,2.6545170869610963
2021-04-30,2.5888658136843055
2021-05-01,2.5689971299489125
2021-05-02,2.462314391822511
2021-05-03,2.4951188885931392
2021-05-04,2.5225977780255877
2021-05-05,2.5070014510464986
2021-05-06,2.4874042872928155
2021-05-07,2.5126521937540987
2021-05-08,2.523105300294286
2021-05-09,2.534245179192524
2021-05-10,2.5090965278201396
2021-05-11,2.504518920293943
2021-05-12,2.5236661365435653
2021-05-13,2.522504159430312
2021-05-14,2.5737118345172916
2021-05-15,2.5678470355724743
2021-05-16,2.5757641771372084
2021-05-17,2.5629214192835854
2021-05-18,2.60126266901852
2021-05-19,2.469614822250849
2021-05-20,2.386222219867979
2021-05-21,2.2317298459463797
2021-05-22,2.032212088399632
2021-05-23,1.790694054174601
2021-05-24,1.5964880785021804
2021-05-25,1.343460516297586
2021-05-26,1.308610435601954
2021-05-27,1.2351789681877696
2021-05-28,1.165999221948773
2021-05-29,1.1469718005432463
2021-05-30,1.1756276643467112
2021-05-31,1.2004779885609733
2021-06-01,1.210204380037684
2021-06-02,1.180909158769019
2021-06-03,1.1914111603652937
2021-06-04,1.2394305676446264
2021-06-05,1.3209617986424746
2021-06-06,1.4046937597951745
2021-06-07,1.4481657710760236
2021-06-08,1.5107908564215626
2021-06-09,1.503696181516515
2021-06-10,1.4641944513852487
2021-06-11,1.3913825304558116
2021-06-12,1.3210198753066706
2021-06-13,1.2077077479128764
2021-06-14,1.0941264133023638
2021-06-15,0.9886674210214121
2021-06-16,0.9366997184873996
2021-06-17,0.897309643289456
2021-06-18,0.9007378455075911
2021-06-19,0.8843489364265914
2021-06-20,0.9088747942782403
2021-06-21,0.8905662844397302
2021-06-22,0.8530153134468463
2021-06-23,0.8515930251821233
2021-06-24,0.8434640408111923
2021-06-25,0.8150616648372907
2021-06-26,0.7854255869635522
2021-06-27,0.7416516207442593
2021-06-28,0.7655985094820352
2021-06-29,0.7909563356531147
2021-06-30,0.8156526101391697
2021-07-01,0.8340411464372368
2021-07-02,0.8619354141942887
2021-07-03,0.8918275040021343
2021-07-04,0.9276789534715851
2021-07-05,0.943126391803295
2021-07-06,0.9743144452202126
2021-07-07,0.9946201414603612
2021-07-08,1.0014282022820569
2021-07-09,1.0139383418193966
2021-07-10,1.0168352947061128
2021-07-11,1.0114032208911417
2021-07-12,1.0051755870530312
2021-07-13,0.989054964061672
2021-07-14,0.9708692010254325
2021-07-15,0.9668805935032287
2021-07-16,0.9481714083115985
2021-07-17,0.9390748001148822
2021-07-18,0.9353664026512151
2021-07-19,0.925002734803354
2021-07-20,0.9139898185518526
2021-07-21,0.9103993737218623
2021-07-22,0.925681434297981
2021-07-23,0.9475962250719137
2021-07-24,0.9679241746440452
2021-07-25,0.988608762450255
2021-07-26,1.002056255587922
2021-07-27,1.007928112979288
2021-07-28,0.9858542553385211
2021-07-29,0.9785537410012866
2021-07-30,0.9615098102489216
2021-07-31,0.9728898799628887
2021-08-01,0.983700986259868
2021-08-02,1.0178416638689378
2021-08-03,1.0592990810108227
2021-08-04,1.1181565293534799
2021-08-05,1.1575621126909206
2021-08-06,1.1989187381036406
2021-08-07,1.2171202514589463
2021-08-08,1.2226442345797028
2021-08-09,1.213156331310751
2021-08-10,1.210548054849909
2021-08-11,1.2034543975102225
2021-08-12,1.190367882726381
2021-08-13,1.181631431857912
2021-08-14,1.167993892037416
2021-08-15,1.1971041888080391
2021-08-16,1.2558656211758101
2021-08-17,1.309010813753462
2021-08-18,1.3795427042907324
2021-08-19,1.4478012483153597
2021-08-20,1.5214224270334928
2021-08-21,1.5779564713373677
2021-08-22,1.597714648218046
2021-08-23,1.605649488567136
2021-08-24,1.598366097720708
2021-08-25,1.5648794971261044
2021-08-26,1.5520552195580757
2021-08-27,1.5565603468038212
2021-08-28,1.594199943246626
2021-08-29,1.6327618694465291
2021-08-30,1.709009580170756
2021-08-31,1.8038592891633327
2021-09-01,1.9082968761742924
2021-09-02,2.022891014709512
2021-09-03,2.150166160343439
2021-09-04,2.2361053758023304
2021-09-05,2.313185884529122
2021-09-06,2.3679090115282833
2021-09-07,2.4250446138997703
2021-09-08,2.507725114552248
2021-09-09,2.538476048540756
2021-09-10,2.5124150113926076
2021-09-11,2.5003002986192127
2021-09-12,2.496729908270639
2021-09-13,2.4571596683502506
2021-09-14,2.371895653785249
2021-09-15,2.2514112820393977
2021-09-16,2.147937565565033
2021-09-17,2.053486860216327
2021-09-18,1.990191150474525
2021-09-19,1.9153334400992474
2021-09-20,1.8208939420620622
2021-09-21,1.7530262733606463
2021-09-22,1.7016399302617546
2021-09-23,1.6533201592122622
2021-09-24,1.6066449408026096
2021-09-25,1.5362342643185574
2021-09-26,1.4878100344435474
2021-09-27,1.4701864258311699
2021-09-28,1.4562048054423555
2021-09-29,1.4299857514595318
2021-09-30,1.401112143716805
2021-10-01,1.377774126208269
2021-10-02,1.3714560777972522
2021-10-03,1.3589269117817975
2021-10-04,1.3299305603100713
2021-10-05,1.293347799274443
2021-10-06,1.2149691066567339
2021-10-07,1.175042748383712
2021-10-08,1.1457224792433902
2021-10-09,1.0943635449871782
2021-10-10,1.031557460785674
2021-10-11,0.9715528986140434
2021-10-12,0.9362971622136973
2021-10-13,0.9353635905761852
2021-10-14,0.9180105321157822
2021-10-15,0.8829484137658021
2021-10-16,0.8535207765944951
2021-10-17,0.8358568389332112
2021-10-18,0.8245410034474691
2021-10-19,0.7986481091106868
2021-10-20,0.8174728988160451
2021-10-21,0.8457453614524578
2021-10-22,0.9018081942139347
2021-10-23,0.9665171263413675
2021-10-24,1.0396207924917658
2021-10-25,1.1199697891612357
2021-10-26,1.2008568643263469
2021-10-27,1.228675087320309
2021-10-28,1.2491773165985443
2021-10-29,1.2572193341525986
2021-10-30,1.2560485932909236
2021-10-31,1.2707785703824208
2021-11-01,1.2905210767179778
2021-11-02,1.3228962952256647
2021-11-03,1.385079841489677
2021-11-04,1.4422860735530507
2021-11-05,1.5035417809570328
2021-11-06,1.5839738357805655
2021-11-07,1.6246679960501904
2021-11-08,1.6345671791597904
2021-11-09,1.6291440939532644
2021-11-10,1.6105078586463557
2021-11-11,1.58817708871847
2021-11-12,1.5593392462218663
2021-11-13,1.519596869283037
2021-11-14,1.500730416702061
2021-11-15,1.5119653367576544
2021-11-16,1.5128038738107823
2021-11-17,1.5109933884296787
2021-11-18,1.4885004209087407
2021-11-19,1.4895699346775362
2021-11-20,1.488520032551675
2021-11-21,1.4901700521904264
2021-11-22,1.479245565974098
2021-11-23,1.4915457128696727
2021-11-24,1.5032020427423662
2021-11-25,1.522060383770098
2021-11-26,1.5109735111519147
2021-11-27,1.4951213821116724
2021-11-28,1.4669032872482537
2021-11-29,1.453197125345175
2021-11-30,1.449164334872767
2021-12-01,1.453826230789671
2021-12-02,1.4726134593388722
2021-12-03,1.4827547930370404
2021-12-04,1.4983353545727311
2021-12-05,1.5164381894225905
2021-12-06,1.5246695513363995
2021-12-07,1.5137351566908113
2021-12-08,1.51817131213475
2021-12-09,1.5034501019350637
2021-12-10,1.4878520233940744
2021-12-11,1.4579941581562121
2021-12-12,1.426850329703014
2021-12-13,1.3829540618922624
2021-12-14,1.3410388096240187
2021-12-15,1.2847743073662696
2021-12-16,1.249428384274626
2021-12-17,1.2363099006123126
2021-12-18,1.2429569967600942
2021-12-19,1.2506537518362861
2021-12-20,1.2722529014953836
2021-12-21,1.2835009975134362
2021-12-22,1.286361322347353
2021-12-23,1.2761360447592052
2021-12-24,1.259271391722358
2021-12-25,1.2406788681309115
2021-12-26,1.232298684783734
2021-12-27,1.2263433433782711
2021-12-28,1.2256972044056584
2021-12-29,1.2161140045826961
2021-12-30,1.210970351187313
2021-12-31,1.2111129591418526
2022-01-01,1.2013157007671105
2022-01-02,1.1929469486271884
2022-01-03,1.1995735925400344
2022-01-04,1.2167024711056296
2022-01-05,1.2297910059913892
2022-01-06,1.2337877371887847
2022-01-07,1.21887554946182
2022-01-08,1.2096782613821364
2022-01-09,1.1922045044204963
2022-01-10,1.159064321112988
2022-01-11,1.1275682108060248
2022-01-12,1.1245217240212317
2022-01-13,1.1255344416720063
2022-01-14,1.1505969249575734
2022-01-15,1.1751313485720398
2022-01-16,1.2022443425590867
2022-01-17,1.2215017574232483
2022-01-18,1.2316525160279823
2022-01-19,1.2192205487728747
2022-01-20,1.2124961989387126
2022-01-21,1.157057125933862
2022-01-22,1.087185173970497
2022-01-23,1.012904973124684
2022-01-24,0.9288186761458369
2022-01-25,0.8499199245427056
2022-01-26,0.775558695208496
2022-01-27,0.6988959377150622
2022-01-28,0.6688028818305948
2022-01-29,0.6564478586126086
2022-01-30,0.6443518649549359
2022-01-31,0.6620369660908013
2022-02-01,0.6925350632038695
2022-02-02,0.7181913761753457
2022-02-03,0.7427074964047964
2022-02-04,0.7283548279987987
2022-02-05,0.7119583557870282
2022-02-06,0.6946977071902981
2022-02-07,0.6618559610908897
2022-02-08,0.6081648560093195
2022-02-09,0.5667223735113668
2022-02-10,0.5160744054000295
2022-02-11,0.4881802318572735
2022-02-12,0.4582398489668357
2022-02-13,0.4252580328067147
2022-02-14,0.4007394746853338
2022-02-15,0.3881947332564067
2022-02-16,0.36763192353263224
2022-02-17,0.3440439655405297
2022-02-18,0.32453840698576464
2022-02-19,0.3030376442233122
2022-02-20,0.3092613482944558
2022-02-21,0.3116351272910893
2022-02-22,0.30792200407672565
2022-02-23,0.30595969519501853
2022-02-24,0.31376562579845524
2022-02-25,0.33701042947670545
2022-02-26,0.3599520225487149
2022-02-27,0.34976161788110965
2022-02-28,0.28906857480396736
2022-03-01,0.22324070306860613
2022-03-02,0.1594381775933247
2022-03-03,0.09495190190018987
2022-03-04,0.013569365515396689
2022-03-05,-0.06453874863861432
2022-03-06,-0.11319212965064615
2022-03-07,-0.11582457475957998
2022-03-08,-0.11058680633914261
2022-03-09,-0.12728845829695784
2022-03-10,-0.141075068281661
2022-03-11,-0.14840591482150983
2022-03-12,-0.15720985136765706
2022-03-13,-0.18503857073249508
2022-03-14,-0.2189821150443163
2022-03-15,-0.24805364733832663
2022-03-16,-0.25779763789373233
2022-03-17,-0.25440663285665005
2022-03-18,-0.2433359289731529
2022-03-19,-0.22212237669252782
2022-03-20,-0.20612333457732765
2022-03-21,-0.17377376856152799
2022-03-22,-0.14818891313448068
2022-03-23,-0.11396439017901529
2022-03-24,-0.0845446169644916
2022-03-25,-0.06559047790932164
2022-03-26,-0.05245236495412662
2022-03-27,-0.04025740026384067
2022-03-28,-0.03192110797193825
2022-03-29,-0.011990696110912675
2022-03-30,0.05663228118361232
2022-03-31,0.12421405703477377
2022-04-01,0.21603441078031002
2022-04-02,0.30715822318316804
2022-04-03,0.43008878906608056
2022-04-04,0.546110746124064
2022-04-05,0.6454784997512333
2022-04-06,0.6640772685021863
2022-04-07,0.688621598609818
2022-04-08,0.7121944125686239
2022-04-09,0.750013289687434
2022-04-10,0.7613155829462949
2022-04-11,0.7539165857061789
2022-04-12,0.7568279521371648
2022-04-13,0.7893196689549217
2022-04-14,0.8069704551552178
2022-04-15,0.8078711093763534
2022-04-16,0.7953779946111751
2022-04-17,0.7814824971614797
2022-04-18,0.7853585289860471
2022-04-19,0.7889047937892836
2022-04-20,0.7812303212263471
2022-04-21,0.774409858687
2022-04-22,0.7717583074943307
2022-04-23,0.7652598817408094
2022-04-24,0.7566880388387515
2022-04-25,0.7537042867015128
2022-04-26,0.7424051134114009
2022-04-27,0.731625370600937
2022-04-28,0.7237916616232027
2022-04-29,0.6995143830010685
2022-04-30,0.662325750745358
2022-05-01,0.6394196559282302
2022-05-02,0.6194988797384714
2022-05-03,0.599793832684373
2022-05-04,0.5794777779983997
2022-05-05,0.5521713569559664
2022-05-06,0.5357096436095476
2022-05-07,0.5240129604533202
2022-05-08,0.4960201746036588
2022-05-09,0.4353726942374589
2022-05-10,0.38874970633818035
2022-05-11,0.29749158588525415
2022-05-12,0.17515720735438087
2022-05-13,0.07003681069821374
2022-05-14,-0.03132103435724185
2022-05-15,-0.12310766084201057
2022-05-16,-0.19730145429768595
2022-05-17,-0.272622781919934
2022-05-18,-0.3213014970761779
2022-05-19,-0.340817973526094
2022-05-20,-0.3762621467690291
2022-05-21,-0.41020005958084277
2022-05-22,-0.44803823355477174
2022-05-23,-0.47489129284992515
2022-05-24,-0.5222956110616688
2022-05-25,-0.5537835925991482
2022-05-26,-0.6085976589862278
2022-05-27,-0.6752589511283251
2022-05-28,-0.7295101438448909
2022-05-29,-0.7817887635400682
2022-05-30,-0.8391906090696997
2022-05-31,-0.90092451232711
2022-06-01,-0.9655974134095605
2022-06-02,-1.0065600606317133
2022-06-03,-1.035870944761282
2022-06-04,-1.0588184301015362
2022-06-05,-1.084573407529885
2022-06-06,-1.1148041376358415
2022-06-07,-1.1380337078834193
2022-06-08,-1.1099682653336387
2022-06-09,-1.0676529568753124
2022-06-10,-1.034635286363294
2022-06-11,-1.0493478883493264
2022-06-12,-1.0731732660507203
2022-06-13,-1.146414844500299
2022-06-14,-1.1941880584392386
2022-06-15,-1.2714287508198392
2022-06-16,-1.3896247873643368
2022-06-17,-1.4893999031863494
2022-06-18,-1.553645619306861
2022-06-19,-1.6106624262480664
2022-06-20,-1.6037277563167256
2022-06-21,-1.612405590410822
2022-06-22,-1.6451598589735277
2022-06-23,-1.6336189283252536
2022-06-24,-1.6001908327744991
2022-06-25,-1.574701820913767
2022-06-26,-1.556730504000656
2022-06-27,-1.538744761459625
2022-06-28,-1.5335442485687805
2022-06-29,-1.509018678746653
2022-06-30,-1.4955113506980937
2022-07-01,-1.5008431553752644
2022-07-02,-1.4961327267917857
2022-07-03,-1.4801924113135083
2022-07-04,-1.4638633738907079
2022-07-05,-1.444022976515487
2022-07-06,-1.409298445581106
2022-07-07,-1.388304817022575
2022-07-08,-1.38750086742824
2022-07-09,-1.3931323140972365
2022-07-10,-1.4016407209682928
2022-07-11,-1.4262582132043513
2022-07-12,-1.4448533526146161
2022-07-13,-1.4080813828158292
2022-07-14,-1.333155816115579
2022-07-15,-1.2437142493479367
2022-07-16,-1.0878430352734585
2022-07-17,-0.9286394092065938
2022-07-18,-0.7172019042219194
2022-07-19,-0.5151521780285754
2022-07-20,-0.39991726384241594
2022-07-21,-0.2865694992778858
2022-07-22,-0.18394147439389333
2022-07-23,-0.13067775552744332
2022-07-24,-0.06584125920069221
2022-07-25,-0.0793150514859199
2022-07-26,-0.07955477348262528
2022-07-27,-0.06762400805888799
2022-07-28,-0.06856033636116635
2022-07-29,-0.06708711798398778
2022-07-30,-0.08395869489843899
2022-07-31,-0.1108002485348896
2022-08-01,-0.11287199007386597
2022-08-02,-0.11640741941674296
2022-08-03,-0.1191263890114933
2022-08-04,-0.12614122007338982
2022-08-05,-0.11118439697819345
2022-08-06,-0.09242365615112637
2022-08-07,-0.07893640397085962
2022-08-08,-0.044024343268158
2022-08-09,-0.016984838700325647
2022-08-10,0.039839048331769544
2022-08-11,0.10948238728328019
2022-08-12,0.1781497368562602
2022-08-13,0.2513135029853705
2022-08-14,0.3127610565933748
2022-08-15,0.3597395357096566
2022-08-16,0.41272910333337437
2022-08-17,0.4538365032864779
2022-08-18,0.4921309678812173
2022-08-19,0.449185194719227
2022-08-20,0.3754959758456981
2022-08-21,0.3217320484034866
2022-08-22,0.2772480148503329
2022-08-23,0.2427839674159124
2022-08-24,0.2002292535102686
2022-08-25,0.15209191653989315
2022-08-26,0.1466099775248672
2022-08-27,0.1730741255828338
2022-08-28,0.1812983117954229
2022-08-29,0.2061066880177505
2022-08-30,0.22270909487112414
2022-08-31,0.22772974913248722
2022-09-01,0.23499599350101524
2022-09-02,0.2611178861630198
2022-09-03,0.27532003886772155
2022-09-04,0.31168614713857057
2022-09-05,0.3484846281483643
2022-09-06,0.38586601718082675
2022-09-07,0.4362333552049852
2022-09-08,0.48225734499721656
2022-09-09,0.4496378281195968
2022-09-10,0.42772330566032274
2022-09-11,0.3904593585797748
2022-09-12,0.3079002467152751
2022-09-13,0.2033106781313461
2022-09-14,0.10534768721526326
2022-09-15,-0.036674467617301344
2022-09-16,-0.11677091650354858
2022-09-17,-0.19986122497786327
2022-09-18,-0.2788751245076437
2022-09-19,-0.3151060751280266
2022-09-20,-0.335028870893857
2022-09-21,-0.39228847889400903
2022-09-22,-0.41252914021336523
2022-09-23,-0.40933000553662385
2022-09-24,-0.4052851097039434
2022-09-25,-0.394479358196402
2022-09-26,-0.3949269446709732
2022-09-27,-0.3912504068598151
2022-09-28,-0.3719788024144
2022-09-29,-0.35026670560501244
2022-09-30,-0.33637266543105915
2022-10-01,-0.33279980422044975
2022-10-02,-0.34030010494555646
2022-10-03,-0.35355097414286385
2022-10-04,-0.37389251493655956
2022-10-05,-0.3913882230215914
2022-10-06,-0.39651246594100076
2022-10-07,-0.3974609177322028
2022-10-08,-0.39755771126764333
2022-10-09,-0.3394266619639547
2022-10-10,-0.2848389517430444
2022-10-11,-0.22784665951858427
2022-10-12,-0.16470885161008683
2022-10-13,-0.08022349698897137
2022-10-14,0.0057991650325082455
2022-10-15,0.09283689102733476
2022-10-16,0.13281444901151077
2022-10-17,0.1808689923684439
2022-10-18,0.23604092760402912
2022-10-19,0.27523190443392387
2022-10-20,0.2864485776516085
2022-10-21,0.29598882802203164
2022-10-22,0.3267686642453
2022-10-23,0.3585182587307654
2022-10-24,0.3840092016494167
2022-10-25,0.42106638866608925
2022-10-26,0.47638160467782553
2022-10-27,0.5163403770555373
2022-10-28,0.5603999152012041
2022-10-29,0.6000717369074161
2022-10-30,0.6289658815215765
2022-10-31,0.6567908686938596
2022-11-01,0.6733130198150271
2022-11-02,0.6685355282819474
2022-11-03,0.6841639479339279
2022-11-04,0.6944939008510292
2022-11-05,0.690042104389918
2022-11-06,0.6718438728070287
2022-11-07,0.6538956116148099
2022-11-08,0.5471802717684469
2022-11-09,0.3420827189663886
2022-11-10,0.13043614246007737
2022-11-11,-0.07723493351899643
2022-11-12,-0.2945626190438452
2022-11-13,-0.4977720863753027
2022-11-14,-0.6956645334822861
2022-11-15,-0.8102352728263383
2022-11-16,-0.8208796319850783
2022-11-17,-0.8433027744685841
2022-11-18,-0.8687592147529983
2022-11-19,-0.8830390187093412
2022-11-20,-0.9118506948717554
2022-11-21,-0.9430820326822121
2022-11-22,-0.9708010681498254
2022-11-23,-0.9813135740261083
2022-11-24,-0.9698186109824143
2022-11-25,-0.9585191587136777
2022-11-26,-0.9421701937121442
2022-11-27,-0.9090081183662742
2022-11-28,-0.8793409980802751
2022-11-29,-0.8394560893939028
2022-11-30,-0.8064262357370605
2022-12-01,-0.7903981150304359
2022-12-02,-0.7733885707479544
2022-12-03,-0.7771153939644895
2022-12-04,-0.764027718873278
2022-12-05,-0.7485024723842449
2022-12-06,-0.7402767339334775
2022-12-07,-0.7462615710007725
2022-12-08,-0.7194042718622554
2022-12-09,-0.6343299673292282
2022-12-10,-0.48199939276237475
2022-12-11,-0.3398684231565009
2022-12-12,-0.19488672209288466
2022-12-13,-0.052946306705771946
2022-12-14,0.09522818005441537
2022-12-15,0.20699770322537983
2022-12-16,0.22424701633228591
2022-12-17,0.192554867993064
2022-12-18,0.15535257790877563
2022-12-19,0.11606295140349333
2022-12-20,0.08289190094555592
2022-12-21,0.05881045759604304
2022-12-22,0.04399549737614252
2022-12-23,0.06619016688610849
2022-12-24,0.08155760283946753
2022-12-25,0.09660871563753116
2022-12-26,0.11244456753751243
2022-12-27,0.12054191911317455
2022-12-28,0.11337752265997479
2022-12-29,0.10537457962509711
2022-12-30,0.10458878455749022
2022-12-31,0.10817253156520766
2023-01-01,0.11181761267788774
2023-01-02,0.12467299307751441
2023-01-03,0.1489396483921414
2023-01-04,0.19392660907438103
2023-01-05,0.2349655058455759
2023-01-06,0.2688314148930303
2023-01-07,0.3000318266835471
2023-01-08,0.3418310176896508
2023-01-09,0.39284531358970476
2023-01-10,0.4288373171911946
2023-01-11,0.453320012994286
2023-01-12,0.4521048062155697
2023-01-13,0.41915462371664575
2023-01-14,0.40708035035613993
2023-01-15,0.39364583801781083
2023-01-16,0.3639470349448194
2023-01-17,0.333902145480658
2023-01-18,0.29116807929558747
2023-01-19,0.28064771717087017
2023-01-20,0.2847649211234206
2023-01-21,0.25290609939058994
2023-01-22,0.21341100419768885
2023-01-23,0.1666428804569248
2023-01-24,0.10278305335827606
2023-01-25,0.06323032299847521
2023-01-26,0.018935105295630177
2023-01-27,-0.014395648690353093
2023-01-28,-0.04024604406606397
2023-01-29,-0.05551051216045676
2023-01-30,-0.08303194178250854
2023-01-31,-0.08925948659646199
2023-02-01,-0.10081359038139086
2023-02-02,-0.10907883074515796
2023-02-03,-0.10779626942587221
2023-02-04,-0.09536488639350019
2023-02-05,-0.10070317212234138
2023-02-06,-0.09214182860455011
2023-02-07,-0.07409822116043283
2023-02-08,-0.06443483040293313
2023-02-09,-0.08248297133490279
2023-02-10,-0.11543614073118576
2023-02-11,-0.13861655673961956
2023-02-12,-0.15016176597245384
2023-02-13,-0.15476894696462407
2023-02-14,-0.15905464914934284
2023-02-15,-0.19609832721059356
2023-02-16,-0.21063490486574546
2023-02-17,-0.2230136867037613
2023-02-18,-0.2482858146041891
2023-02-19,-0.2545409935692192
2023-02-20,-0.2663014512625027
2023-02-21,-0.29573978231121395
2023-02-22,-0.29139499863140195
2023-02-23,-0.27732108487657753
2023-02-24,-0.25842206304307114
2023-02-25,-0.24402182100898634
2023-02-26,-0.24684448258788275
2023-02-27,-0.2506264863985221
2023-02-28,-0.24519861239181798
2023-03-01,-0.22716107085916512
2023-03-02,-0.21919335672623178
2023-03-03,-0.21494811892832555
2023-03-04,-0.2071759304029775
2023-03-05,-0.20915413061833782
2023-03-06,-0.20829925879677294
2023-03-07,-0.20477587367158698
2023-03-08,-0.2166437136315888
2023-03-09,-0.23497513061111805
2023-03-10,-0.2441098231933029
2023-03-11,-0.24063341422114753
2023-03-12,-0.2481879441648371
2023-03-13,-0.2995051092656734
2023-03-14,-0.3586253232383365
2023-03-15,-0.4257177176471849
2023-03-16,-0.4924180107137915
2023-03-17,-0.5768293970376156
2023-03-18,-0.6706489597260088
2023-03-19,-0.7626648935047032
2023-03-20,-0.8181764508014359
2023-03-21,-0.8554723516739922
2023-03-22,-0.8877548521787568
2023-03-23,-0.9096610678211637
2023-03-24,-0.9274038578062372
2023-03-25,-0.9485258894564457
2023-03-26,-0.9534086312320609
2023-03-27,-0.9566889968072252
2023-03-28,-0.9579793981657918
2023-03-29,-0.9677081775594492
2023-03-30,-0.9743161929567732
2023-03-31,-0.9714757990715958
2023-04-01,-0.9673793713053163
2023-04-02,-0.9620767245529523
2023-04-03,-0.9405321317360665
2023-04-04,-0.9239650110437931
2023-04-05,-0.8817226982605578
2023-04-06,-0.8517140970382705
2023-04-07,-0.8212317564066411
2023-04-08,-0.7819613903592394
2023-04-09,-0.7504526497140142
2023-04-10,-0.7416392404683175
2023-04-11,-0.7400691562414214
2023-04-12,-0.7159440963292018
2023-04-13,-0.66474061032197
2023-04-14,-0.5931832597094046
2023-04-15,-0.5296238203277065
2023-04-16,-0.42166475400689335
2023-04-17,-0.3000964432769305
2023-04-18,-0.19026264029667242
2023-04-19,-0.14250320049804546
2023-04-20,-0.1039528936650729
2023-04-21,-0.09646042069470849
2023-04-22,-0.08759328800492587
2023-04-23,-0.1168845331456744
2023-04-24,-0.15155005830127255
2023-04-25,-0.1868946748155298
2023-04-26,-0.19322888507970618
2023-04-27,-0.22083043483805873
2023-04-28,-0.23214525711302064
2023-04-29,-0.23887109933318681
2023-04-30,-0.2578886321655551
2023-05-01,-0.2712865246701758
2023-05-02,-0.2770631453689008
2023-05-03,-0.279536693521934
2023-05-04,-0.27647812394529864
2023-05-05,-0.26293483317783184
2023-05-06,-0.27178731760986746
2023-05-07,-0.27136471003319607
2023-05-08,-0.27063116421784733
2023-05-09,-0.2664686105469939
2023-05-10,-0.25590562317839594
2023-05-11,-0.24193259186448254
2023-05-12,-0.23612899805046103
2023-05-13,-0.216201567506309
2023-05-14,-0.19867752890487575
2023-05-15,-0.18448882404145855
2023-05-16,-0.16806957285528282
2023-05-17,-0.16600935794289945
2023-05-18,-0.15471543745073488
2023-05-19,-0.14137498827870315
2023-05-20,-0.12794684135154386
2023-05-21,-0.10727009440643878
2023-05-22,-0.08201344751394488
2023-05-23,-0.05745671742899509
2023-05-24,-0.03188782460425213
2023-05-25,-0.011137265368109165
2023-05-26,-0.0019149369899670368
2023-05-27,0.01894706546153957
2023-05-28,0.019385001525723897
2023-05-29,0.01750108280885331
2023-05-30,0.018083603014420063
2023-05-31,0.03019495201646257
2023-06-01,0.045262205091550926
2023-06-02,0.06446760112635706
2023-06-03,0.07332340513067839
2023-06-04,0.10149033622405867
2023-06-05,0.12075017449339236
2023-06-06,0.1066879776909797
2023-06-07,0.08169990293710551
2023-06-08,0.05198537536373986
2023-06-09,0.00976269321115095
2023-06-10,-0.05063379800118676
2023-06-11,-0.11777959660070203
2023-06-12,-0.1811402157668726
2023-06-13,-0.21916147727474172
2023-06-14,-0.26841038842506043
2023-06-15,-0.3251308735688309
2023-06-16,-0.3764277755658519
2023-06-17,-0.40719841091536285
2023-06-18,-0.43530241385618673
2023-06-19,-0.46460379984660705
2023-06-20,-0.5157530673610016
2023-06-21,-0.5680171640464958
2023-06-22,-0.6196001715219511
2023-06-23,-0.6745063061183847
2023-06-24,-0.7352088704793484
2023-06-25,-0.7872422833711419
2023-06-26,-0.8449386965269419
2023-06-27,-0.871044256166171
2023-06-28,-0.8912282423037902
2023-06-29,-0.8993695424734778
2023-06-30,-0.8745433695571061
2023-07-01,-0.8503029475775147
2023-07-02,-0.8293012561071776
2023-07-03,-0.8046926751108883
2023-07-04,-0.7871343550020915
2023-07-05,-0.7513023705147297
2023-07-06,-0.7157744477481967
2023-07-07,-0.6982281489757295
2023-07-08,-0.6756304147489919
2023-07-09,-0.659590250334631
2023-07-10,-0.6324031776328536
2023-07-11,-0.608829772205355
2023-07-12,-0.5926942463572563
2023-07-13,-0.5550257299323854
2023-07-14,-0.521767585511404
2023-07-15,-0.48787042033174277
2023-07-16,-0.45192791658816667
2023-07-17,-0.423264210870771
2023-07-18,-0.3939955529853088
2023-07-19,-0.36542390139063324
2023-07-20,-0.3496020318348421
2023-07-21,-0.3174895428457413
2023-07-22,-0.29579969392798056
2023-07-23,-0.26931834771756774
2023-07-24,-0.24189865037269323
2023-07-25,-0.2109149825450558
2023-07-26,-0.17085442369666654
2023-07-27,-0.14461697030127182
2023-07-28,-0.1361694403604711
2023-07-29,-0.114237793121254
2023-07-30,-0.10647849745395006
2023-07-31,-0.09868330057287958
2023-08-01,-0.09823522122314442
2023-08-02,-0.10792128072333577
2023-08-03,-0.12179629047667771
2023-08-04,-0.1380377244305027
2023-08-05,-0.15274109361067542
2023-08-06,-0.157449626945889
2023-08-07,-0.16368943198815344
2023-08-08,-0.16628002117521332
2023-08-09,-0.16258274880842258
2023-08-10,-0.15216395262662033
2023-08-11,-0.14313578814503236
2023-08-12,-0.1265148447800368
2023-08-13,-0.1031069761655368
2023-08-14,-0.07361186405231147
2023-08-15,-0.04754579929147606
2023-08-16,-0.029887164819176387
2023-08-17,-0.04594398713143176
2023-08-18,-0.05732800818460526
2023-08-19,-0.07696514766324317
2023-08-20,-0.10238655870289082
2023-08-21,-0.13719631289410697
2023-08-22,-0.17771042801611486
2023-08-23,-0.20124954289842276
2023-08-24,-0.1976856127203626
2023-08-25,-0.20083421267824692
2023-08-26,-0.2104228232864606
2023-08-27,-0.2178926511875563
2023-08-28,-0.22117136514948146
2023-08-29,-0.24451921152586595
2023-08-30,-0.2847749354535752
2023-08-31,-0.32052960644760364
2023-09-01,-0.35806667800808484
2023-09-02,-0.3913391353562026
2023-09-03,-0.43236287300801635
2023-09-04,-0.46821549551918734
2023-09-05,-0.4650797531691802
2023-09-06,-0.4622015949488828
2023-09-07,-0.4673974818734422
2023-09-08,-0.46538702055210646
2023-09-09,-0.4668191072886362
2023-09-10,-0.47818322081891124
2023-09-11,-0.5037921157635749
2023-09-12,-0.5422163338427078
2023-09-13,-0.5812324715770841
2023-09-14,-0.6133398739013485
2023-09-15,-0.6415993132512893
2023-09-16,-0.6469134098327033
2023-09-17,-0.6421395981381941
2023-09-18,-0.6204871633658037
2023-09-19,-0.6024536132902868
2023-09-20,-0.5846770576770506
2023-09-21,-0.5733180274762131
2023-09-22,-0.5640849978280772
2023-09-23,-0.5751508967114521
2023-09-24,-0.5802985491382083
2023-09-25,-0.5873496763000389
2023-09-26,-0.5824648884717588
2023-09-27,-0.5749576285089155
2023-09-28,-0.5337206551671458
2023-09-29,-0.48432725395436865
2023-09-30,-0.4105559874372888
2023-10-01,-0.3391670704428586
2023-10-02,-0.2892878232090662
2023-10-03,-0.24011588588713131
2023-10-04,-0.20608689824656673
2023-10-05,-0.20671567546736466
2023-10-06,-0.21835014211598452
2023-10-07,-0.2591209684716486
2023-10-08,-0.2981600093483672
2023-10-09,-0.33725990899545094
2023-10-10,-0.37690820359298405
2023-10-11,-0.3837045198311064
2023-10-12,-0.39049371236341524
2023-10-13,-0.39100019739484804
2023-10-14,-0.3839302822195098
2023-10-15,-0.3873636524759235
2023-10-16,-0.3914937220477202
2023-10-17,-0.4048972980772064
2023-10-18,-0.43558351267346535
2023-10-19,-0.4531744923556212
2023-10-20,-0.4776751777943984
2023-10-21,-0.4801334425473548
2023-10-22,-0.4667722250053141
2023-10-23,-0.49873620079938175
2023-10-24,-0.5445085202359998
2023-10-25,-0.5810880877798691
2023-10-26,-0.6080668204328358
2023-10-27,-0.6440838087286268
2023-10-28,-0.7082216489465694
2023-10-29,-0.7723018975055513
2023-10-30,-0.7464572867231601
2023-10-31,-0.6635507789218432
2023-11-01,-0.5680757919897286
2023-11-02,-0.4965771376472504
2023-11-03,-0.4076171495736446
2023-11-04,-0.28651362040474104
2023-11-05,-0.16679810938025
2023-11-06,-0.05639687426761398
2023-11-07,0.01933612092388135
2023-11-08,0.07415843908662874
2023-11-09,0.18539253725724472
2023-11-10,0.3642154532021435
2023-11-11,0.4984423043355184
2023-11-12,0.6188441713816111
2023-11-13,0.6955057361455014
2023-11-14,0.8078007042589899
2023-11-15,0.930142490276923
2023-11-16,0.9466247072624008
2023-11-17,0.8732923755232191
2023-11-18,0.8094275776504343
2023-11-19,0.7613845974977227
2023-11-20,0.7038337106885953
2023-11-21,0.5833125286968389
2023-11-22,0.5151009290372642
2023-11-23,0.49967015739781057
2023-11-24,0.4910043705767611
2023-11-25,0.49630162435936226
2023-11-26,0.48469994162080476
2023-11-27,0.4891748679865517
2023-11-28,0.5294821424782229
2023-11-29,0.5064622095117305
2023-11-30,0.49325821928889274
2023-12-01,0.47300347097643886
2023-12-02,0.4632760014820131
2023-12-03,0.4510398151356549
2023-12-04,0.41282770101927335
2023-12-05,0.32672161047271686
2023-12-06,0.2379771075576676
2023-12-07,0.1992700812226003
2023-12-08,0.18733240660860043
2023-12-09,0.14643198751902956
2023-12-10,0.12662813639947673
2023-12-11,0.1338955259920309
2023-12-12,0.1621940094743051
2023-12-13,0.18636593907436197
2023-12-14,0.18785253750506456
2023-12-15,0.17455864726502024
2023-12-16,0.1832345775927151
2023-12-17,0.17547667385872673
2023-12-18,0.17958789054303811
2023-12-19,0.19394708143946507
2023-12-20,0.22806632669578678
2023-12-21,0.28779801611831274
2023-12-22,0.38004257333181723
2023-12-23,0.48705491093745523
2023-12-24,0.6103919506015798
2023-12-25,0.7499751134678537
2023-12-26,0.8690615822211762
2023-12-27,0.9614996411247525
2023-12-28,0.9825701148503708
2023-12-29,0.979014873595108
2023-12-30,0.9280964147480555
2023-12-31,0.8616791270716905
2024-01-01,0.7797483559976898
2024-01-02,0.7028543712993683
2024-01-03,0.6228697538529782
2024-01-04,0.570141465217828
2024-01-05,0.49571169397434317
2024-01-06,0.42247355227430855
2024-01-07,0.34185070595515504
2024-01-08,0.24192415772485784
2024-01-09,0.178660186236288
2024-01-10,0.1909762692224688
2024-01-11,0.1928522786417057
2024-01-12,0.1976576395303726
2024-01-13,0.2393286337988417
2024-01-14,0.286794026867334
2024-01-15,0.3554501921895458
2024-01-16,0.4218789793847461
2024-01-17,0.4392500512794434
2024-01-18,0.4409502786107673
2024-01-19,0.4547009253440706
2024-01-20,0.44269124657373543
2024-01-21,0.43166092545935164
2024-01-22,0.4033694290853565
2024-01-23,0.3450139267077042
2024-01-24,0.2836423608190421
2024-01-25,0.23155991379084684
2024-01-26,0.16203220206322602
2024-01-27,0.10000217465398518
2024-01-28,0.04719584871785726
2024-01-29,0.017437411290248343
2024-01-30,0.015212159511008865
2024-01-31,0.0004641303957093771
2024-02-01,-0.012248232314579484
2024-02-02,0.006931055416422604
2024-02-03,0.025624581747910442
2024-02-04,0.03980460690782999
2024-02-05,0.05440888799400039
2024-02-06,0.06913041806755503
2024-02-07,0.11209450310151955
2024-02-08,0.14280075268194792
2024-02-09,0.14354962461886478
2024-02-10,0.14156350248257513
2024-02-11,0.16989767413734175
2024-02-12,0.20340299617884616
2024-02-13,0.23399536126871578
2024-02-14,0.23819011944567708
2024-02-15,0.25635624378314226
2024-02-16,0.27972189704859435
2024-02-17,0.3169091726219661
2024-02-18,0.33853052148016083
2024-02-19,0.36639108238526547
2024-02-20,0.3885387658513305
2024-02-21,0.4321579973718718
2024-02-22,0.4729825825971388
2024-02-23,0.516577820485543
2024-02-24,0.5571394632376249
2024-02-25,0.6127363446409942
2024-02-26,0.6244124364095169
2024-02-27,0.6041505067670364
2024-02-28,0.501248176533599
2024-02-29,0.41326138741209245
2024-03-01,0.33987093700156074
2024-03-02,0.2583753064284482
2024-03-03,0.1471942482834164
2024-03-04,0.018702928068730425
2024-03-05,-0.08321279084680291
2024-03-06,-0.10219807224451942
2024-03-07,-0.11921040997120846
2024-03-08,-0.1529415833958445
2024-03-09,-0.18641450032677837
2024-03-10,-0.22518793483151534
2024-03-11,-0.22004875456361658
2024-03-12,-0.2149563549723774
2024-03-13,-0.22340136881614184
2024-03-14,-0.23770070578167354
2024-03-15,-0.23933675723638334
2024-03-16,-0.24893837037197222
2024-03-17,-0.25237347421645473
2024-03-18,-0.26603056707318073
2024-03-19,-0.3268917142237687
2024-03-20,-0.4044022304890156
2024-03-21,-0.4882032693845038
2024-03-22,-0.5866358665190329
2024-03-23,-0.6789815926241068
2024-03-24,-0.777367567206201
2024-03-25,-0.8633433867398465
2024-03-26,-0.8949516294946024
2024-03-27,-0.917600115866696
2024-03-28,-0.9383060036261431
2024-03-29,-0.9205356800209222
2024-03-30,-0.8949388223229453
2024-03-31,-0.8534231979178578
2024-04-01,-0.8228935300399803
2024-04-02,-0.8072913038072863
2024-04-03,-0.7634832581331903
2024-04-04,-0.7351204163940166
2024-04-05,-0.7354968959246996
2024-04-06,-0.742088566784434
2024-04-07,-0.7480760567499704
2024-04-08,-0.7317926407111235
2024-04-09,-0.7158387163007107
2024-04-10,-0.7245232120945645
2024-04-11,-0.722272583769235
2024-04-12,-0.7471385563500081
2024-04-13,-0.7925982151527674
2024-04-14,-0.8327412051684343
2024-04-15,-0.8731995074613443
2024-04-16,-0.9001596255424017
2024-04-17,-0.9253549809868991
2024-04-18,-0.9298520220976112
2024-04-19,-0.8744927014132902
2024-04-20,-0.7829981685482753
2024-04-21,-0.7071793094366468
2024-04-22,-0.6423740880109239
2024-04-23,-0.5646839970126833
2024-04-24,-0.4833563878083361
2024-04-25,-0.42491014954574824
2024-04-26,-0.40075029647989446
2024-04-27,-0.36874936092875116
2024-04-28,-0.33561445414819663
2024-04-29,-0.312182539923833
2024-04-30,-0.31725863794069714
2024-05-01,-0.30555628173200616
2024-05-02,-0.28181777826893134
2024-05-03,-0.2849624320079863
2024-05-04,-0.3101646066349607
2024-05-05,-0.33506334044516206
2024-05-06,-0.340662926117953
2024-05-07,-0.3356870455525809
2024-05-08,-0.34747574106666584
2024-05-09,-0.36695659642485007
2024-05-10,-0.36169827380064296
2024-05-11,-0.35788213793608464
2024-05-12,-0.3555871479321823
2024-05-13,-0.35741301666553504
2024-05-14,-0.3546573809868188
2024-05-15,-0.37839106619275753
2024-05-16,-0.4069157316718984
2024-05-17,-0.41184311058711076
2024-05-18,-0.4041732128087084
2024-05-19,-0.3997630637159988
2024-05-20,-0.37592220727005593
2024-05-21,-0.3358059930801227
2024-05-22,-0.27050567640085976
2024-05-23,-0.18887530004726202
2024-05-24,-0.14047944753561592
2024-05-25,-0.1074681489475002
2024-05-26,-0.05963549465177342
2024-05-27,-0.026878689106451716
2024-05-28,-0.008796002362951203
2024-05-29,0.002329231977345413
2024-05-30,0.00041565958419786047
2024-05-31,0.0283879564095619
2024-06-01,0.06533049393631019
2024-06-02,0.09913246136811141
2024-06-03,0.11668889001204451
2024-06-04,0.12663298289766917
2024-06-05,0.14492827671658473
2024-06-06,0.15686628046255563
2024-06-07,0.14215324088275222
2024-06-08,0.12136551265040829
2024-06-09,0.10367411213821619
2024-06-10,0.08899074389715851
2024-06-11,0.06315828775036018
2024-06-12,0.039494844731017616
2024-06-13,0.015501948433312136
2024-06-14,0.03533653732042466
2024-06-15,0.069634516829395
2024-06-16,0.10556508782162245
2024-06-17,0.12666268476724082
2024-06-18,0.16669806916970217
2024-06-19,0.2540633891043627
2024-06-20,0.3411956059360791
2024-06-21,0.405462965068575
2024-06-22,0.45126387927460676
2024-06-23,0.4771238406774861
2024-06-24,0.5361930198840277
2024-06-25,0.5820389667746939
2024-06-26,0.5813547618815857
2024-06-27,0.602470279040329
2024-06-28,0.6048670091485387
2024-06-29,0.6055715477569603
2024-06-30,0.6028575414047459
2024-07-01,0.5878804187739873
2024-07-02,0.5965854931636548
2024-07-03,0.5825228148749121
2024-07-04,0.5272179628419736
2024-07-05,0.4813076029238513
2024-07-06,0.43997353363995345
2024-07-07,0.394525149464474
2024-07-08,0.3620470350429376
2024-07-09,0.3078852412184139
2024-07-10,0.27949027112742736
2024-07-11,0.27776688179986003
2024-07-12,0.2799534220723924
2024-07-13,0.27530501742105273
2024-07-14,0.2804003293310001
2024-07-15,0.2580711117640245
2024-07-16,0.2363362058248439
2024-07-17,0.1999005271723889
2024-07-18,0.1757393755363457
2024-07-19,0.13278071962795263
2024-07-20,0.10023810281298103
2024-07-21,0.0753280394776903
2024-07-22,0.05089588064815694
2024-07-23,0.05225760975957642
2024-07-24,0.05561376333097636
2024-07-25,0.011317628218543655
2024-07-26,-0.014863534369972639
2024-07-27,-0.045108600352144486
2024-07-28,-0.07526155863701188
2024-07-29,-0.07250372377790448
2024-07-30,-0.0877222549897544
2024-07-31,-0.10180043873958433
2024-08-01,-0.09808574784385841
2024-08-02,-0.11962680529122563
2024-08-03,-0.143603650551239
2024-08-04,-0.1948785976578262
2024-08-05,-0.2946306984439594
2024-08-06,-0.38953989940219885
2024-08-07,-0.4939177234764423
2024-08-08,-0.6194607391469223
2024-08-09,-0.7357229464065499
2024-08-10,-0.8476509091021587
2024-08-11,-0.9399009624546812
2024-08-12,-0.9703450784145181
2024-08-13,-1.020007892803761
2024-08-14,-1.03642788287904
2024-08-15,-1.0203205939154967
2024-08-16,-1.0072218567508027
2024-08-17,-0.9931112017376523
2024-08-18,-0.9557112043607624
2024-08-19,-0.9548609361767867
2024-08-20,-0.9442640514610044
2024-08-21,-0.9739170344198694
2024-08-22,-0.988739727728584
2024-08-23,-1.0019139903032506
2024-08-24,-1.006185966694314
2024-08-25,-1.0314639251638826
2024-08-26,-1.0507940334114405
2024-08-27,-1.0871689877118071
2024-08-28,-1.090584778806219
2024-08-29,-1.1110078407151078
2024-08-30,-1.115224255732875
2024-08-31,-1.131669204001486
2024-09-01,-1.1427410051834868
2024-09-02,-1.1476880517496932
2024-09-03,-1.1387013732366031
2024-09-04,-1.11964851642222
2024-09-05,-1.0926042153895565
2024-09-06,-1.0797026172707107
2024-09-07,-0.9923511215038835
2024-09-08,-0.9085828439316072
2024-09-09,-0.8446425547542099
2024-09-10,-0.76638683161745
2024-09-11,-0.7224021261826028
2024-09-12,-0.6759048282894348
2024-09-13,-0.6271415577345575
2024-09-14,-0.6487936103867077
2024-09-15,-0.6836994262320053
2024-09-16,-0.699999605968207
2024-09-17,-0.7375815074894403
2024-09-18,-0.7703928459381338
2024-09-19,-0.7907861152526167
2024-09-20,-0.7775798278853087
2024-09-21,-0.7536890513367441
2024-09-22,-0.7113144547485046
2024-09-23,-0.6612191690552384
2024-09-24,-0.5929674863079066
2024-09-25,-0.5263276104046748
2024-09-26,-0.46345477797438395
2024-09-27,-0.41661401659542185
2024-09-28,-0.38609134924297084
2024-09-29,-0.3572081360334372
2024-09-30,-0.3440570231987105
2024-10-01,-0.34687301551113514
2024-10-02,-0.35735731848511687
2024-10-03,-0.3825936394611319
2024-10-04,-0.4088525762050786
2024-10-05,-0.424095694511291
2024-10-06,-0.4272414726386952
2024-10-07,-0.4293715564666014
2024-10-08,-0.4138948934559024
2024-10-09,-0.3832810713111729
2024-10-10,-0.3437490633885236
2024-10-11,-0.31926191144392674
2024-10-12,-0.29997103441745837
2024-10-13,-0.2809369472094429
2024-10-14,-0.2651856175824567
2024-10-15,-0.2679276804702349
2024-10-16,-0.2740716261867603
2024-10-17,-0.2844741732630999
2024-10-18,-0.2807438492739761
2024-10-19,-0.266656610690079
2024-10-20,-0.24789793611960004
2024-10-21,-0.2247500978440856
2024-10-22,-0.190331584890888
2024-10-23,-0.15354472204379774
2024-10-24,-0.12154873945905596
2024-10-25,-0.11689424438984508
2024-10-26,-0.10399612086274346
2024-10-27,-0.10434123049036835
2024-10-28,-0.11664207371686819
2024-10-29,-0.1472718322253332
2024-10-30,-0.17178383853034143
2024-10-31,-0.19698098020568905
2024-11-01,-0.19939688243455198
2024-11-02,-0.22285144042222246
2024-11-03,-0.2569490186601916
2024-11-04,-0.288592912881036
2024-11-05,-0.29152884910500015
2024-11-06,-0.32193075436990737
2024-11-07,-0.3133927148237458
2024-11-08,-0.2920127867644532
2024-11-09,-0.25368445818103597
2024-11-10,-0.22176561647437884
2024-11-11,-0.24778758669935755
2024-11-12,-0.3048088293854777
2024-11-13,-0.35395872368252174
2024-11-14,-0.4440695586687253
2024-11-15,-0.5598970017519463
2024-11-16,-0.6893237180793906
2024-11-17,-0.7673799976539698
2024-11-18,-0.7670863729424446
2024-11-19,-0.7664247679445502
2024-11-20,-0.769728482843109
2024-11-21,-0.7385623084665249
2024-11-22,-0.6985608325403396
2024-11-23,-0.6512222395194688
2024-11-24,-0.6469617182645183
2024-11-25,-0.6628030238354686
2024-11-26,-0.6610641722743213
2024-11-27,-0.6287678443284631
2024-11-28,-0.6337069898527136
2024-11-29,-0.6360950814092438
2024-11-30,-0.6392727970792919
2024-12-01,-0.6449659282291551
2024-12-02,-0.6598163252623256
2024-12-03,-0.6524792744030837
2024-12-04,-0.6737960177809913
2024-12-05,-0.6652492514421107
2024-12-06,-0.639296398239518
2024-12-07,-0.6197610374404423
2024-12-08,-0.6093927446859003
2024-12-09,-0.6226888921750434
2024-12-10,-0.6548088449299099
2024-12-11,-0.6273166041214707
2024-12-12,-0.6106545638589761
2024-12-13,-0.6230877963219251
2024-12-14,-0.6438191100167573
2024-12-15,-0.6534523037653
2024-12-16,-0.6486981604109374
2024-12-17,-0.6332480292579541
2024-12-18,-0.6954204402934915
2024-12-19,-0.7950898706689872
2024-12-20,-0.8785434102108843
2024-12-21,-0.9834304112239735
2024-12-22,-1.0771735105385778
2024-12-23,-1.1039125900781415
2024-12-24,-1.153018832094308
2024-12-25,-1.1581685659622976
2024-12-26,-1.149353207823388
2024-12-27,-1.1351676420571573
2024-12-28,-1.0678870339553668
2024-12-29,-1.0114406012075903
2024-12-30,-0.9825685128922308
2024-12-31,-0.9507066958235664
2025-01-01,-0.9233451970600307
2025-01-02,-0.863265758987179
2025-01-03,-0.7840357551239239
2025-01-04,-0.7281984218301251
2025-01-05,-0.6728260413801329
2025-01-06,-0.6486011296988129
2025-01-07,-0.6461677768563227
2025-01-08,-0.6461258492660245
2025-01-09,-0.6876617173328922
2025-01-10,-0.7553798556859997
2025-01-11,-0.8217628819716877
2025-01-12,-0.8819295269260927
2025-01-13,-0.9445643052013531
2025-01-14,-0.9677191106779954
2025-01-15,-0.9721039276359137
2025-01-16,-0.9452432215766731
2025-01-17,-0.9179304356914366
2025-01-18,-0.8065393794393879
2025-01-19,-0.7102299133149053
2025-01-20,-0.6133323455102687
2025-01-21,-0.5351529055170773
2025-01-22,-0.45539648835528307
2025-01-23,-0.3814681563789245
2025-01-24,-0.31849809947178176
2025-01-25,-0.32845890622048485
2025-01-26,-0.3506072947988736
2025-01-27,-0.36330211962727244
2025-01-28,-0.38022027064485286
2025-01-29,-0.43487723261203665
2025-01-30,-0.46686833920925686
2025-01-31,-0.4914997671545888
2025-02-01,-0.5690574159197751
2025-02-02,-0.6456302999216902
2025-02-03,-0.7099489316440248
2025-02-04,-0.7696286233329388
2025-02-05,-0.823233571578969
2025-02-06,-0.9090622264655777
2025-02-07,-0.9888735989889886
2025-02-08,-1.0070770193793424
2025-02-09,-0.9961669281130509
2025-02-10,-0.9892435551608331
2025-02-11,-0.9693447066281563
2025-02-12,-0.9524739723599749
2025-02-13,-0.9278654827070222
2025-02-14,-0.8884673416829584
2025-02-15,-0.8866436894828514
2025-02-16,-0.8824913306933956
2025-02-17,-0.8912149569613108
2025-02-18,-0.9161587791492053
2025-02-19,-0.9335545935090087
2025-02-20,-0.9329932497808662
2025-02-21,-0.9595237971499225
2025-02-22,-0.9605935958574028
2025-02-23,-0.9716830772865181
2025-02-24,-1.0299053471622417
2025-02-25,-1.0550170174299485
2025-02-26,-1.095806732976678
2025-02-27,-1.1518352753805132
2025-02-28,-1.1717738044778023
2025-03-01,-1.2254373226738278
2025-03-02,-1.2763673955101738
2025-03-03,-1.3488524436377094
2025-03-04,-1.4339657220935365
2025-03-05,-1.509329030902368
2025-03-06,-1.5880267416014389
2025-03-07,-1.6945739919633316
2025-03-08,-1.7748853051486073
2025-03-09,-1.8743901444746869
2025-03-10,-1.905727778264309
2025-03-11,-1.954512108061612
2025-03-12,-1.9939852774285645
2025-03-13,-2.0306771356571933
2025-03-14,-2.0588240163000444
2025-03-15,-2.0834992283609344
2025-03-16,-2.1033591502451214
2025-03-17,-2.105717685962517
2025-03-18,-2.0933046255427046
2025-03-19,-2.0798944727534088
2025-03-20,-2.0796286019190457
2025-03-21,-2.0857435789124943
2025-03-22,-2.0945454389516263
2025-03-23,-2.090456127214267
2025-03-24,-2.072952108309842
2025-03-25,-2.0520417025906736
2025-03-26,-2.0374367673976823
2025-03-27,-2.008922684142488
2025-03-28,-1.98896180729491
2025-03-29,-1.9799842295477663
2025-03-30,-1.9688259460989568
2025-03-31,-1.96840825965708
2025-04-01,-1.9423270444578886
2025-04-02,-1.894689387705715
2025-04-03,-1.8515861755870073
2025-04-04,-1.7864391425819874
2025-04-05,-1.7172861375216115
2025-04-06,-1.6809978397621845
2025-04-07,-1.649456736974336
2025-04-08,-1.6307246272056797
2025-04-09,-1.643262267921793
2025-04-10,-1.6551467238704978
2025-04-11,-1.6878910056126395
2025-04-12,-1.6982919917066608
2025-04-13,-1.6753866551365706
2025-04-14,-1.6503177832087446
2025-04-15,-1.6451212422926804
2025-04-16,-1.6162729768432993
2025-04-17,-1.5832588259651288
2025-04-18,-1.5324586809728429
2025-04-19,-1.487647547604358
2025-04-20,-1.4485802030665476
2025-04-21,-1.4225757713282745
2025-04-22,-1.404583021669217
2025-04-23,-1.389363690384774
2025-04-24,-1.377848035210539
2025-04-25,-1.382669573373643
2025-04-26,-1.4012170815686962
2025-04-27,-1.4093964603032167
2025-04-28,-1.4052387864055447
2025-04-29,-1.3910735375449745
2025-04-30,-1.3810141957792565
2025-05-01,-1.369480476235728
2025-05-02,-1.3528198681686303
2025-05-03,-1.336074499958887
2025-05-04,-1.327223092030047
2025-05-05,-1.3136173533609872
2025-05-06,-1.2820716390956084
2025-05-07,-1.2523100620282368
2025-05-08,-1.2080275283161264
2025-05-09,-1.1171416422716227
2025-05-10,-1.0036658062035466
2025-05-11,-0.8861765739838781
2025-05-12,-0.7688049081521809
2025-05-13,-0.6500287047047874
2025-05-14,-0.5431843541837611
2025-05-15,-0.46385242719231096
2025-05-16,-0.4360924060222417
2025-05-17,-0.43534623116841037
2025-05-18,-0.438929030050763
2025-05-19,-0.4530041762905727
2025-05-20,-0.48850200000242205
2025-05-21,-0.5133281017636219
2025-05-22,-0.49428017860821055
2025-05-23,-0.4887654568662936
2025-05-24,-0.47800495865038245
2025-05-25,-0.4686852853048414
2025-05-26,-0.4543713658394712
2025-05-27,-0.43039141381388707
2025-05-28,-0.40846647369142125
2025-05-29,-0.42536120449154335
2025-05-30,-0.44091592844191607
2025-05-31,-0.45590702992566906
2025-06-01,-0.4689151642688315
2025-06-02,-0.477591511150421
2025-06-03,-0.4931918954115237
2025-06-04,-0.5065306239906161
2025-06-05,-0.5291513710875584
2025-06-06,-0.5425219336194999
2025-06-07,-0.5275692461613065
2025-06-08,-0.5095846870450736
2025-06-09,-0.5010640646987046
2025-06-10,-0.48355604593241125
2025-06-11,-0.4678793399770697
2025-06-12,-0.4483268832490838
2025-06-13,-0.4312758304719309
2025-06-14,-0.44916791819131935
2025-06-15,-0.45880471632140857
2025-06-16,-0.4680833439064494
2025-06-17,-0.4825449188204377
2025-06-18,-0.49588168631975
2025-06-19,-0.49519105881590514
2025-06-20,-0.49033919882764965
2025-06-21,-0.48503525238449435
2025-06-22,-0.4823846910420264
2025-06-23,-0.47849867658516715
2025-06-24,-0.47712062348418743
2025-06-25,-0.4825211406793078
2025-06-26,-0.4940911759392317
2025-06-27,-0.4972995137327042
2025-06-28,-0.4834262167127528
2025-06-29,-0.47199965616470746
2025-06-30,-0.45252572964011784
2025-07-01,-0.44470330308428585
2025-07-02,-0.4302234749756347
2025-07-03,-0.4130585256969344
2025-07-04,-0.40640295782101765
2025-07-05,-0.4046680175156335
2025-07-06,-0.39834484817134125
2025-07-07,-0.39703440885356994
2025-07-08,-0.3822038724134041
2025-07-09,-0.3484715199992777
2025-07-10,-0.3249827865103702
2025-07-11,-0.29926208707492064
2025-07-12,-0.27743685222294884
2025-07-13,-0.26813583120832957
2025-07-14,-0.2551678497046304
2025-07-15,-0.23836519946217785
2025-07-16,-0.22198446986476053
2025-07-17,-0.18467487857014134
2025-07-18,-0.13765426464143318
2025-07-19,-0.09272182161078393
2025-07-20,-0.02941322425337291
2025-07-21,0.04690459693040779
2025-07-22,0.11537788797930983
2025-07-23,0.16179442367476543
2025-07-24,0.19565034686294105
2025-07-25,0.22981213770751738
2025-07-26,0.26001555776830626
2025-07-27,0.27934651563962193
2025-07-28,0.2756077430257779
2025-07-29,0.2704469535283257
2025-07-30,0.26904870553850785
2025-07-31,0.26406442758162346
2025-08-01,0.2414029057339054
2025-08-02,0.21308450953466854
2025-08-03,0.1847447219270322
2025-08-04,0.18066374558029924
2025-08-05,0.16863505991694974
2025-08-06,0.16299053274582223
2025-08-07,0.17148784362733277
2025-08-08,0.20250189158258408
2025-08-09,0.2745954399481037
2025-08-10,0.33029895545727384
2025-08-11,0.3623008160429685
2025-08-12,0.43383479673525904
2025-08-13,0.5000653457085785
2025-08-14,0.5441781267811867
2025-08-15,0.5677112380529428
2025-08-16,0.560690375650895
2025-08-17,0.5704767606099067
2025-08-18,0.5745072394863698
2025-08-19,0.5331196064964725
2025-08-20,0.5111615942919113
2025-08-21,0.4988544782706506
2025-08-22,0.5210498708676533
2025-08-23,0.5453900352974488
2025-08-24,0.5732937946924049
2025-08-25,0.5801422104345412
2025-08-26,0.6163198861581557
2025-08-27,0.6376263731698613
2025-08-28,0.6685153635435565
2025-08-29,0.6654418912485027
2025-08-30,0.6549661101835224
2025-08-31,0.6396660266133514
2025-09-01,0.644992324513274
2025-09-02,0.6403545007409301
2025-09-03,0.6375223756544397
2025-09-04,0.6157542647789247
2025-09-05,0.6047638709914918
2025-09-06,0.5959631538443091
2025-09-07,0.5874030909735682
2025-09-08,0.5964773220242054
2025-09-09,0.6110406585144889
2025-09-10,0.614035767937512
2025-09-11,0.6350869398369262
2025-09-12,0.685155340040111
2025-09-13,0.7451304488166866
2025-09-14,0.7980980544878469
2025-09-15,0.8353525811733629
2025-09-16,0.8560697048462304
2025-09-17,0.8970386124781785
2025-09-18,0.9402199497113195
2025-09-19,0.941508928037324
2025-09-20,0.936760988803063
2025-09-21,0.9458113725378645
2025-09-22,0.9426129105489184
2025-09-23,0.9411012364590633
2025-09-24,0.9232269565927976
2025-09-25,0.8657184609798853
2025-09-26,0.8405323176173194
2025-09-27,0.8099134820050252
2025-09-28,0.7818577750435247
2025-09-29,0.7714988784568879
2025-09-30,0.7582141485567551
2025-10-01,0.739993914199147
2025-10-02,0.7679561658867139
2025-10-03,0.7662654195653325
2025-10-04,0.7600600818851018
2025-10-05,0.7380974327811755
2025-10-06,0.7311982094555436
2025-10-07,0.7118531308482006
2025-10-08,0.7030718270782614
2025-10-09,0.668623807620879
2025-10-10,0.5778073125132106
2025-10-11,0.4836938898123594
2025-10-12,0.4127473193396229
2025-10-13,0.34975672492799015
2025-10-14,0.30023539653456144
2025-10-15,0.23584871627172407
2025-10-16,0.176873150495027
2025-10-17,0.18169188233298234
2025-10-18,0.20329128722936882
2025-10-19,0.203256924731878
2025-10-20,0.17854548431945122
2025-10-21,0.1565204251264139
2025-10-22,0.13944842531362628
2025-10-23,0.13334827316641998
2025-10-24,0.13170850489112682
2025-10-25,0.1297491698074458
2025-10-26,0.13345453212073694
2025-10-27,0.14293126541555895
2025-10-28,0.14941015441312233
2025-10-29,0.1677467047737091
2025-10-30,0.17031015362951438
2025-10-31,0.1785085236356053
2025-11-01,0.18021533397035383
2025-11-02,0.18005334526759734
2025-11-03,0.14595036382885465
2025-11-04,0.09657614151641238
2025-11-05,0.046649870195765684
2025-11-06,0.002279748222531626
2025-11-07,-0.04427598539877752
2025-11-08,-0.09360946036587448
2025-11-09,-0.11534244624292145
2025-11-10,-0.10234604463297149
2025-11-11,-0.07574167233720067
2025-11-12,-0.05160406110398337
2025-11-13,-0.03717318181885415
2025-11-14,-0.03770707370918177
2025-11-15,-0.0350869305617404
2025-11-16,-0.06541262242012107
2025-11-17,-0.10112130386542352
2025-11-18,-0.10841170426107856
2025-11-19,-0.12360781982819814
2025-11-20,-0.13004626534477212
2025-11-21,-0.13585370853046905
2025-11-22,-0.1368233674430095
2025-11-23,-0.1435561979412785
2025-11-24,-0.12779504446628173
2025-11-25,-0.11922466839809805
2025-11-26,-0.12205631170313302
2025-11-27,-0.12818733357143294
2025-11-28,-0.12844879136000167
2025-11-29,-0.13950970692306264
2025-11-30,-0.1429520310711075
2025-12-01,-0.17593261337829505
2025-12-02,-0.23175421089964407
2025-12-03,-0.256118008448377
2025-12-04,-0.26907266020522413
2025-12-05,-0.28531532815027016
2025-12-06,-0.2942567169707725
2025-12-07,-0.3060736318611793
2025-12-08,-0.29779236198961045
2025-12-09,-0.2661921501658686
2025-12-10,-0.24752504982298265
2025-12-11,-0.23686224347171705
2025-12-12,-0.23114454926087363
2025-12-13,-0.22182324422340907
2025-12-14,-0.19669312968332223
2025-12-15,-0.17930656367815598
2025-12-16,-0.18174950957071054
2025-12-17,-0.20042894409053355
2025-12-18,-0.21527856167215967
2025-12-19,-0.2141797090947223
2025-12-20,-0.204601462500894
2025-12-21,-0.2042552581152203
2025-12-22,-0.20134688787521743
2025-12-23,-0.19055311074990433
2025-12-24,-0.1700524685876899
2025-12-25,-0.15226264417958627
2025-12-26,-0.1256968204823343
2025-12-27,-0.10892324273717509
2025-12-28,-0.09411274186332595
2025-12-29,-0.08209417000736874
2025-12-30,-0.07354322360558653
2025-12-31,-0.04330082132697183
2026-01-01,0.0197184979169372
2026-01-02,0.08534679063820907
2026-01-03,0.14607366151382958
2026-01-04,0.21129243165962475
2026-01-05,0.2726022982359631
2026-01-06,0.3497332589524347
2026-01-07,0.3960545703895491
2026-01-08,0.4208429618306363
2026-01-09,0.423432705576403
2026-01-10,0.42709338242086936
2026-01-11,0.4386741641541382
2026-01-12,0.4503092190352077
2026-01-13,0.44281732771753657
2026-01-14,0.4472457080227743
2026-01-15,0.4409135251911121
2026-01-16,0.4467187650023467
2026-01-17,0.45334287270037044
2026-01-18,0.44455946985533806
2026-01-19,0.4276776092410283
2026-01-20,0.3840879068681122
2026-01-21,0.34572696184666424
2026-01-22,0.3080795387935998
2026-01-23,0.259728112943344
2026-01-24,0.2106153969785689
2026-01-25,0.1397324350771052
2026-01-26,0.09199961794079244
2026-01-27,0.08560262482182687
2026-01-28,0.0681798689907536
2026-01-29,0.032091353796797804
2026-01-30,-0.009227202973704945
2026-01-31,-0.09569285826869764
2026-02-01,-0.17825838282990686
2026-02-02,-0.2668750084591519
2026-02-03,-0.3821781617647196
2026-02-04,-0.4968198812634341
2026-02-05,-0.6716625946288838
2026-02-06,-0.8987512539234818
2026-02-07,-1.0654561206498632
2026-02-08,-1.2212710213181743
2026-02-09,-1.3764948491524993
2026-02-10,-1.5244891871670088
2026-02-11,-1.6729496550730207
2026-02-12,-1.723336434457973
2026-02-13,-1.7031283955017824
2026-02-14,-1.6871116675463331
2026-02-15,-1.6733924981927082
2026-02-16,-1.6571720276628008
2026-02-17,-1.6232235415478813
2026-02-18,-1.590317235263498
2026-02-19,-1.5686302487446449
2026-02-20,-1.5531834078541096
2026-02-21,-1.5448670455489601
2026-02-22,-1.5316272652486516
2026-02-23,-1.532958866261086
2026-02-24,-1.5296595487073954
2026-02-25,-1.5010954537058336
2026-02-26,-1.4796353825136148
2026-02-27,-1.4738567514086316
2026-02-28,-1.4638195419733295
2026-03-01,-1.4418647704869347
2026-03-02,-1.4114428442359774
2026-03-03,-1.390938262202104
2026-03-05,-1.400830270600612
