Date,eth_btc
2017-11-09,0.04491921406020977
2017-11-10,0.04521708282699266
2017-11-11,0.04949682190169016
2017-11-12,0.05174863465444823
2017-11-13,0.04828363060260673
2017-11-14,0.05088061062621266
2017-11-15,0.045568337108250805
2017-11-16,0.04203976702509072
2017-11-17,0.04311771092522605
2017-11-18,0.04462199108737766
2017-11-19,0.044097109060406356
2017-11-20,0.0447196836720173
2017-11-21,0.04465238530811364
2017-11-22,0.04611979294538867
2017-11-23,0.051023475495737484
2017-11-24,0.05753923227287415
2017-11-25,0.05304063796739845
2017-11-26,0.050514706682716376
2017-11-27,0.048924211308147315
2017-11-28,0.0470137608103368
2017-11-29,0.04323388171386017
2017-11-30,0.043690786305756374
2017-12-01,0.042507017853167545
2017-12-02,0.04184792421160119
2017-12-03,0.041141460787651046
2017-12-04,0.040335929908696284
2017-12-05,0.03887661838145506
2017-12-06,0.029989015337460203
2017-12-07,0.024269010567893184
2017-12-08,0.027522480905066322
2017-12-09,0.031196189802950972
2017-12-10,0.02858036654739286
2017-12-11,0.03041518838070114
2017-12-12,0.03740545813831037
2017-12-13,0.04283023502088681
2017-12-14,0.04200772633445461
2017-12-15,0.03865430893874905
2017-12-16,0.03570778516246507
2017-12-17,0.03761467369177222
2017-12-18,0.041573544904342424
2017-12-19,0.0465116154507909
2017-12-20,0.049269517328601076
2017-12-21,0.05195647431710333
2017-12-22,0.04879046797097636
2017-12-23,0.04894055556541029
2017-12-24,0.0498461862147589
2017-12-25,0.05459869146497468
2017-12-26,0.04806494539825593
2017-12-27,0.048163776871576774
2017-12-28,0.05045856367055121
2017-12-29,0.05141796440672873
2017-12-30,0.055377233846535937
2017-12-31,0.05345518283677174
2018-01-01,0.05657389363569025
2018-01-02,0.05903337935179156
2018-01-03,0.063332673554577
2018-01-04,0.06288283917050284
2018-01-05,0.05724317798577842
2018-01-06,0.05943287805733654
2018-01-07,0.069984103952205
2018-01-08,0.07571011785493437
2018-01-09,0.08905134189187652
2018-01-10,0.0838706205492472
2018-01-11,0.08615152176948833
2018-01-12,0.09106905188230287
2018-01-13,0.09724237997748361
2018-01-14,0.09924266769759295
2018-01-15,0.09348326764524546
2018-01-16,0.09170096526750358
2018-01-17,0.09065030793935581
2018-01-18,0.09030841175262108
2018-01-19,0.08952047319959704
2018-01-20,0.08955206578108911
2018-01-21,0.09048025373906575
2018-01-22,0.09177781198336143
2018-01-23,0.09074279272568608
2018-01-24,0.09320738708802749
2018-01-25,0.09379096511890325
2018-01-26,0.094452799743066
2018-01-27,0.09676592580781487
2018-01-28,0.10571680938152256
2018-01-29,0.10466696863301829
2018-01-30,0.10598636747209908
2018-01-31,0.10941191274254028
2018-02-01,0.11305659586526276
2018-02-02,0.10370409910194844
2018-02-03,0.10507121764858904
2018-02-04,0.10084342419196245
2018-02-05,0.10034851081404451
2018-02-06,0.10228553124546605
2018-02-07,0.09933581050025428
2018-02-08,0.09894115511360871
2018-02-09,0.10116366785936395
2018-02-10,0.09979412183454515
2018-02-11,0.1002045458490266
2018-02-12,0.0973169918348575
2018-02-13,0.09830513645657775
2018-02-14,0.09727193008259911
2018-02-15,0.09216398894220526
2018-02-16,0.0922629677769408
2018-02-17,0.0876578125130444
2018-02-18,0.08756051456713314
2018-02-19,0.08408372218622015
2018-02-20,0.07851582875247198
2018-02-21,0.07950787409666785
2018-02-22,0.08124387513274613
2018-02-23,0.08389289091937431
2018-02-24,0.0856526028940993
2018-02-25,0.08741164591089298
2018-02-26,0.08385648143219995
2018-02-27,0.081884933862417
2018-02-28,0.08224727516917196
2018-03-01,0.07964569557182277
2018-03-02,0.07728865972298196
2018-03-03,0.07460812388609261
2018-03-04,0.075280823438858
2018-03-05,0.07376323394390324
2018-03-06,0.07578465098620135
2018-03-07,0.07554319221530692
2018-03-08,0.07499683617986194
2018-03-09,0.07806287847151083
2018-03-10,0.07747462380424515
2018-03-11,0.07551591387362636
2018-03-12,0.07602627502335815
2018-03-13,0.07513195492211482
2018-03-14,0.07428115610185533
2018-03-15,0.07364345263298079
2018-03-16,0.07215648705212994
2018-03-17,0.06982283423287736
2018-03-18,0.06549914422765432
2018-03-19,0.06450568473823648
2018-03-20,0.06250932632132745
2018-03-21,0.06290898901448153
2018-03-22,0.06183237649605005
2018-03-23,0.06077050723264551
2018-03-24,0.06073277928337214
2018-03-25,0.06171145797448389
2018-03-26,0.05968170212882384
2018-03-27,0.05746376822661121
2018-03-28,0.05610410646516204
2018-03-29,0.05386326200376495
2018-03-30,0.05727361474824057
2018-03-31,0.056851696765720314
2018-04-01,0.055463798807489466
2018-04-02,0.05455052351102063
2018-04-03,0.05591293757944031
2018-04-04,0.055522598710063875
2018-04-05,0.05626274248307747
2018-04-06,0.055796738775425216
2018-04-07,0.05575300047788908
2018-04-08,0.05702382772338118
2018-04-09,0.058860123225438654
2018-04-10,0.06060827676168208
2018-04-11,0.06178533985316779
2018-04-12,0.0624826199602604
2018-04-13,0.062403430081864206
2018-04-14,0.06279275129586899
2018-04-15,0.06383659285621576
2018-04-16,0.06342820938556325
2018-04-17,0.06364063461628772
2018-04-18,0.06428543508568019
2018-04-19,0.06846729944628595
2018-04-20,0.06960545388507342
2018-04-21,0.06805571016329431
2018-04-22,0.07064615892729738
2018-04-23,0.0719467714339544
2018-04-24,0.07302480227063998
2018-04-25,0.06957201990099843
2018-04-26,0.07141176788402176
2018-04-27,0.07199603835336414
2018-04-28,0.07313252467082927
2018-04-29,0.07313675812621862
2018-04-30,0.07249828477637045
2018-05-01,0.07386909252071083
2018-05-02,0.07439962587688904
2018-05-03,0.08000351007289946
2018-05-04,0.08098582404044143
2018-05-05,0.08278632023034557
2018-05-06,0.08206394644624522
2018-05-07,0.08041440203659903
2018-05-08,0.08152372966151379
2018-05-09,0.08067137037825176
2018-05-10,0.08041594072775117
2018-05-11,0.08050545338165307
2018-05-12,0.08066512347504141
2018-05-13,0.08407851676561276
2018-05-14,0.08380940781602675
2018-05-15,0.08329486831854804
2018-05-16,0.08448612066352054
2018-05-17,0.08310234794642535
2018-05-18,0.08415580560902347
2018-05-19,0.0844567543923633
2018-05-20,0.08403007295153878
2018-05-21,0.08305295117321031
2018-05-22,0.08054697407004982
2018-05-23,0.07721605377553192
2018-05-24,0.07931040618649797
2018-05-25,0.07843890596499442
2018-05-26,0.07983817553479818
2018-05-27,0.077721351030128
2018-05-28,0.07231456235132924
2018-05-29,0.07566158618503144
2018-05-30,0.07555370476010467
2018-05-31,0.0770792530130844
2018-06-01,0.07691399064674465
2018-06-02,0.07742681227404029
2018-06-03,0.08009183374789515
2018-06-04,0.07891241410208884
2018-06-05,0.0798168919670921
2018-06-06,0.07932134980581934
2018-06-07,0.07881845230751777
2018-06-08,0.07883060183265245
2018-06-09,0.07933664365389895
2018-06-10,0.07758288398663124
2018-06-11,0.07721010271062508
2018-06-12,0.07548098210675387
2018-06-13,0.07519708899046837
2018-06-14,0.07785988701581589
2018-06-15,0.0760470700992719
2018-06-16,0.07627935598097851
2018-06-17,0.07700064723314405
2018-06-18,0.07704600935944558
2018-06-19,0.07946259122988608
2018-06-20,0.07913584653360689
2018-06-21,0.07836364941707272
2018-06-22,0.07656816678206818
2018-06-23,0.07700146540315048
2018-06-24,0.07413817377909518
2018-06-25,0.0736592616328345
2018-06-26,0.07101992866733185
2018-06-27,0.07184597347365168
2018-06-28,0.07154557248426315
2018-06-29,0.07011707643251183
2018-06-30,0.07107745044906016
2018-07-01,0.07108218079471278
2018-07-02,0.07186786150819281
2018-07-03,0.0710909901589818
2018-07-04,0.07083205235253204
2018-07-05,0.0714568419306111
2018-07-06,0.07102899429208108
2018-07-07,0.07170264113212903
2018-07-08,0.07220662257064238
2018-07-09,0.07070597498215411
2018-07-10,0.06862992564335997
2018-07-11,0.06982615444620287
2018-07-12,0.0690459335059655
2018-07-13,0.06957735536681621
2018-07-14,0.06948337354807961
2018-07-15,0.07073513539016302
2018-07-16,0.07129573026320364
2018-07-17,0.06843317499794911
2018-07-18,0.06519160991025254
2018-07-19,0.0628937728356856
2018-07-20,0.06128502014904731
2018-07-21,0.06232887543200902
2018-07-22,0.0619609918483877
2018-07-23,0.058467977349543794
2018-07-24,0.056903804426199786
2018-07-25,0.05775216724527314
2018-07-26,0.05835783363123829
2018-07-27,0.057521790982386016
2018-07-28,0.056993339720449815
2018-07-29,0.056782537210498044
2018-07-30,0.0558745935132956
2018-07-31,0.05576381382825936
2018-08-01,0.05518058582401329
2018-08-02,0.05452792762430486
2018-08-03,0.05626043101267855
2018-08-04,0.05790710856980672
2018-08-05,0.05807698293625413
2018-08-06,0.05849679233106647
2018-08-07,0.056302122535951626
2018-08-08,0.0565531760660565
2018-08-09,0.05566005054366593
2018-08-10,0.05403260572988799
2018-08-11,0.05116356649840561
2018-08-12,0.050543362126839034
2018-08-13,0.04549294459831239
2018-08-14,0.04499113806829736
2018-08-15,0.04475915314490131
2018-08-16,0.04547091839404967
2018-08-17,0.04797853845737186
2018-08-18,0.046049669120832845
2018-08-19,0.04623897729666655
2018-08-20,0.04348319050293776
2018-08-21,0.043451138650219955
2018-08-22,0.042551880998218765
2018-08-23,0.042403840449319656
2018-08-24,0.042108436976248026
2018-08-25,0.04134823929484435
2018-08-26,0.041029720121649904
2018-08-27,0.04148408502906755
2018-08-28,0.04178231438113927
2018-08-29,0.04105370181805282
2018-08-30,0.040713047833262135
2018-08-31,0.04021325436599994
2018-09-01,0.04105807575407066
2018-09-02,0.040476052082472416
2018-09-03,0.0398425082369877
2018-09-04,0.03881230400194207
2018-09-05,0.034202385600741125
2018-09-06,0.03525945856709748
2018-09-07,0.033585999352639825
2018-09-08,0.03179435280057176
2018-09-09,0.03125351146424785
2018-09-10,0.031135597053542075
2018-09-11,0.029277034193590547
2018-09-12,0.02886284191719159
2018-09-13,0.03242963768887408
2018-09-14,0.032513192540427636
2018-09-15,0.03409249273570472
2018-09-16,0.03384730797168092
2018-09-17,0.03150273735068484
2018-09-18,0.03295638449614827
2018-09-19,0.03281514108824569
2018-09-20,0.03444821687435648
2018-09-21,0.0366125943745524
2018-09-22,0.03577517285476495
2018-09-23,0.0364093991320906
2018-09-24,0.03468017762485748
2018-09-25,0.03389529426191704
2018-09-26,0.03323279447606933
2018-09-27,0.03422233920633518
2018-09-28,0.03347345652787081
2018-09-29,0.03508579207953013
2018-09-30,0.0351438980467969
2018-10-01,0.035019925468721444
2018-10-02,0.03465185039457751
2018-10-03,0.033907874202616387
2018-10-04,0.033788730242590784
2018-10-05,0.03436794049903564
2018-10-06,0.03416961149597724
2018-10-07,0.0342451474882277
2018-10-08,0.03446288020046144
2018-10-09,0.03432099134328869
2018-10-10,0.034282586907626623
2018-10-11,0.0302895965980841
2018-10-12,0.03135301527041308
2018-10-13,0.031791491231586116
2018-10-14,0.03111066104204303
2018-10-15,0.03178999801550203
2018-10-16,0.03185513878215831
2018-10-17,0.03164263151894506
2018-10-18,0.03139742341888778
2018-10-19,0.03151029866341015
2018-10-20,0.031657263006738746
2018-10-21,0.03164623866353446
2018-10-22,0.031453517630680314
2018-10-23,0.03155407584919557
2018-10-24,0.031381932114754936
2018-10-25,0.03130171640212247
2018-10-26,0.031403373836978506
2018-10-27,0.03151204256643664
2018-10-28,0.03166106154360012
2018-10-29,0.031147721826267814
2018-10-30,0.03118843989073881
2018-10-31,0.031242986030413967
2018-11-01,0.031182010153660785
2018-11-02,0.03140594516768226
2018-11-03,0.03146955351838291
2018-11-04,0.03254105487890704
2018-11-05,0.03257041624148961
2018-11-06,0.033810813444650104
2018-11-07,0.033258550982085994
2018-11-08,0.03288506407815441
2018-11-09,0.032897980348301506
2018-11-10,0.03316050902237933
2018-11-11,0.03296382708793514
2018-11-12,0.033026068369812873
2018-11-13,0.03252241868544151
2018-11-14,0.031611351710296866
2018-11-15,0.03201222490558404
2018-11-16,0.03141878524802154
2018-11-17,0.03132709159028165
2018-11-18,0.03148675035881709
2018-11-19,0.03062204702764771
2018-11-20,0.029277360094895163
2018-11-21,0.029703597726488565
2018-11-22,0.029021471431631016
2018-11-23,0.028362751689593516
2018-11-24,0.02924530324222569
2018-11-25,0.02904011695823831
2018-11-26,0.02866665143666555
2018-11-27,0.028793003145945135
2018-11-28,0.028758733173333873
2018-11-29,0.027470638028099254
2018-11-30,0.028171235180250883
2018-12-01,0.028148231369027093
2018-12-02,0.028114090012702764
2018-12-03,0.02797158653472398
2018-12-04,0.027853713853708027
2018-12-05,0.027297734516283208
2018-12-06,0.026060324305198713
2018-12-07,0.027279612552427845
2018-12-08,0.0265122541063224
2018-12-09,0.026324263856344923
2018-12-10,0.02617603713671803
2018-12-11,0.025972555346919925
2018-12-12,0.02598066929304211
2018-12-13,0.026115794581996286
2018-12-14,0.0260011379415653
2018-12-15,0.026088052966048002
2018-12-16,0.026211594641369854
2018-12-17,0.026829513820084493
2018-12-18,0.02735682926903378
2018-12-19,0.027034145969730073
2018-12-20,0.028109449802157377
2018-12-21,0.02810086052574513
2018-12-22,0.029086743113345918
2018-12-23,0.03269965127217797
2018-12-24,0.03438386623154803
2018-12-25,0.03403083758578216
2018-12-26,0.03418601428362471
2018-12-27,0.03189636753635456
2018-12-28,0.03507896796931828
2018-12-29,0.036126590690392896
2018-12-30,0.03617722834096898
2018-12-31,0.035634231959724205
2019-01-01,0.03663813679019667
2019-01-02,0.0393181805518194
2019-01-03,0.03887022907369459
2019-01-04,0.04007082906493686
2019-01-05,0.04047612996944682
2019-01-06,0.03869522158701876
2019-01-07,0.03768692209337581
2019-01-08,0.03730223469480028
2019-01-09,0.037371013524820716
2019-01-10,0.03496271287670778
2019-01-11,0.03459063803903334
2019-01-12,0.034404854714930745
2019-01-13,0.032901589226639154
2019-01-14,0.03482647221770238
2019-01-15,0.03361157498167941
2019-01-16,0.03380214354733861
2019-01-17,0.033638648574226285
2019-01-18,0.03308244287839621
2019-01-19,0.033395933258801476
2019-01-20,0.03317811080823596
2019-01-21,0.032761965427516325
2019-01-22,0.03294354540749107
2019-01-23,0.03276110880031031
2019-01-24,0.03259296555834253
2019-01-25,0.03232941971934074
2019-01-26,0.03233588283777946
2019-01-27,0.03164240240617049
2019-01-28,0.030713584679948214
2019-01-29,0.03062489321865061
2019-01-30,0.0312397776692298
2019-01-31,0.03096224117371322
2019-02-01,0.030851913475149897
2019-02-02,0.03136278134883806
2019-02-03,0.03103125042507721
2019-02-04,0.031169933522459198
2019-02-05,0.03099608797241904
2019-02-06,0.030734160639437343
2019-02-07,0.030750455087805176
2019-02-08,0.03252655929117608
2019-02-09,0.0325318064306971
2019-02-10,0.0338211712184662
2019-02-11,0.033246731106696396
2019-02-12,0.033549016067849116
2019-02-13,0.03374207692686699
2019-02-14,0.033562124411329684
2019-02-15,0.03372183597005726
2019-02-16,0.03395796928692641
2019-02-17,0.036364952150224554
2019-02-18,0.037310784227415
2019-02-19,0.036823590631929304
2019-02-20,0.037390261495495555
2019-02-21,0.036956620427871754
2019-02-22,0.03722168580312955
2019-02-23,0.038332986352377064
2019-02-24,0.03565286611042594
2019-02-25,0.03601179446140365
2019-02-26,0.03582689493870131
2019-02-27,0.03534777645209901
2019-02-28,0.03547441222643248
2019-03-01,0.03535190009017098
2019-03-02,0.034728918503694944
2019-03-03,0.03437571550812944
2019-03-04,0.03396841248631009
2019-03-05,0.03537195154350197
2019-03-06,0.03555107379365149
2019-03-07,0.03528954404223341
2019-03-08,0.03463791774659734
2019-03-09,0.03481060086426209
2019-03-10,0.03460843388009195
2019-03-11,0.03427048415988411
2019-03-12,0.0343917914134384
2019-03-13,0.03411126709592365
2019-03-14,0.03407212441962955
2019-03-15,0.034762655132319666
2019-03-16,0.0351711091530834
2019-03-17,0.03478076630684711
2019-03-18,0.03456276506540172
2019-03-19,0.034515507542609423
2019-03-20,0.03441887967862008
2019-03-21,0.03391039393610918
2019-03-22,0.03409108455595724
2019-03-23,0.03425317491740391
2019-03-24,0.034057979668464584
2019-03-25,0.0340723232625527
2019-03-26,0.03399187221185267
2019-03-27,0.03449617735253939
2019-03-28,0.034262177745413215
2019-03-29,0.034769253238618444
2019-03-30,0.034600545571932026
2019-03-31,0.034470198033556186
2019-04-01,0.034108724572300075
2019-04-02,0.03359955895993492
2019-04-03,0.03246693904778606
2019-04-04,0.03210623499537587
2019-04-05,0.03286188698380039
2019-04-06,0.03279707389312971
2019-04-07,0.03357089929776833
2019-04-08,0.03407686641126635
2019-04-09,0.033835923644586575
2019-04-10,0.033305616454473407
2019-04-11,0.032677939270758946
2019-04-12,0.032367632137610694
2019-04-13,0.032279125221586255
2019-04-14,0.03247823911193797
2019-04-15,0.03188685938186284
2019-04-16,0.032016337767217976
2019-04-17,0.0317884103468502
2019-04-18,0.032805090896825706
2019-04-19,0.03275161689041491
2019-04-20,0.032550575073653096
2019-04-21,0.0319965235029621
2019-04-22,0.0318323834091464
2019-04-23,0.030767525567817873
2019-04-24,0.030344033021841313
2019-04-25,0.029643783356336197
2019-04-26,0.029614847779410206
2019-04-27,0.03007330765395117
2019-04-28,0.029761765905562333
2019-04-29,0.02957720006312707
2019-04-30,0.03030729172750342
2019-05-01,0.02976630675559553
2019-05-02,0.029448580048410524
2019-05-03,0.029116500889621047
2019-05-04,0.028129286521086386
2019-05-05,0.028202022058684148
2019-05-06,0.030043328343583448
2019-05-07,0.029127475360000012
2019-05-08,0.028574906772919163
2019-05-09,0.02757932012619574
2019-05-10,0.02714325777029693
2019-05-11,0.026968840992284034
2019-05-12,0.026866800654396464
2019-05-13,0.025188537811998868
2019-05-14,0.027162531247396562
2019-05-15,0.0301216333235818
2019-05-16,0.03348294872510991
2019-05-17,0.03319281805453588
2019-05-18,0.032263583967131707
2019-05-19,0.03187388437981643
2019-05-20,0.03156864541230168
2019-05-21,0.03204889877579076
2019-05-22,0.031861562209290796
2019-05-23,0.031206603949616718
2019-05-24,0.0312349291364903
2019-05-25,0.031264638125083
2019-05-26,0.030792458834912124
2019-05-27,0.030986771464759744
2019-05-28,0.03116627227890926
2019-05-29,0.031116817774038703
2019-05-30,0.030754226659028962
2019-05-31,0.03126870311231178
2019-06-01,0.030989111560190127
2019-06-02,0.0309077916948562
2019-06-03,0.0307720886428771
2019-06-04,0.03131110031886828
2019-06-05,0.03157511531434111
2019-06-06,0.03189383625735229
2019-06-07,0.031194913236678473
2019-06-08,0.03089441109280546
2019-06-09,0.030317945038679135
2019-06-10,0.030938741155988752
2019-06-11,0.031002861457090403
2019-06-12,0.03202895364879436
2019-06-13,0.031122726691903368
2019-06-14,0.030376413158797796
2019-06-15,0.030437644660579927
2019-06-16,0.029932020271529136
2019-06-17,0.029435700375763263
2019-06-18,0.029185066628314278
2019-06-19,0.029053881383340464
2019-06-20,0.028517942688932506
2019-06-21,0.02907079025408677
2019-06-22,0.02890947779319346
2019-06-23,0.028357187114853497
2019-06-24,0.028191970923523657
2019-06-25,0.026980625210629973
2019-06-26,0.025871787486492413
2019-06-27,0.02631429198562176
2019-06-28,0.025084047396527445
2019-06-29,0.026762184768482092
2019-06-30,0.026873607389231894
2019-07-01,0.027746137584397344
2019-07-02,0.02699547632484031
2019-07-03,0.0253401175179657
2019-07-04,0.02536889210759305
2019-07-05,0.026232962464762543
2019-07-06,0.02565426385199079
2019-07-07,0.0266967648833964
2019-07-08,0.0254967014871287
2019-07-09,0.02456542213929869
2019-07-10,0.02385571640522871
2019-07-11,0.023656310746805805
2019-07-12,0.02338160312721857
2019-07-13,0.02365254908452025
2019-07-14,0.02218962205457064
2019-07-15,0.021089867479006992
2019-07-16,0.021016692052790775
2019-07-17,0.021816512661520418
2019-07-18,0.021240944591511195
2019-07-19,0.021017856207231993
2019-07-20,0.021279487811992345
2019-07-21,0.021287717957662256
2019-07-22,0.02103430086190219
2019-07-23,0.021486062968997233
2019-07-24,0.02212066991728815
2019-07-25,0.022157132924080905
2019-07-26,0.02225155522934117
2019-07-27,0.021883874483753046
2019-07-28,0.02210715389768423
2019-07-29,0.02219401426042602
2019-07-30,0.021912492051231542
2019-07-31,0.021679775003744788
2019-08-01,0.020943786028908482
2019-08-02,0.02071381877731913
2019-08-03,0.02055959738970936
2019-08-04,0.020297718974877664
2019-08-05,0.01983922621651819
2019-08-06,0.01969135026836356
2019-08-07,0.01895759495013974
2019-08-08,0.01846350870654267
2019-08-09,0.017743406655214795
2019-08-10,0.01820795237242508
2019-08-11,0.0187522351420258
2019-08-12,0.018562346894880392
2019-08-13,0.019154946792825884
2019-08-14,0.018564786669412883
2019-08-15,0.01828067893923519
2019-08-16,0.017874881581309354
2019-08-17,0.018148194535885464
2019-08-18,0.018799254963371155
2019-08-19,0.0186048859397431
2019-08-20,0.01826267488465778
2019-08-21,0.018434672908557378
2019-08-22,0.018885782746064006
2019-08-23,0.018707423612437744
2019-08-24,0.018827785580749337
2019-08-25,0.018428965628161167
2019-08-26,0.018217400035029172
2019-08-27,0.01841015783198235
2019-08-28,0.01782678191403359
2019-08-29,0.017824728755463527
2019-08-30,0.017590311699715012
2019-08-31,0.017908400342736622
2019-09-01,0.017588639100326837
2019-09-02,0.017237022824644226
2019-09-03,0.01689637615646635
2019-09-04,0.016611732782204347
2019-09-05,0.016473602722639022
2019-09-06,0.016415648331572937
2019-09-07,0.016949538734663063
2019-09-08,0.017369095827697818
2019-09-09,0.0175278088902651
2019-09-10,0.017772598290972885
2019-09-11,0.01755933985809563
2019-09-12,0.017388462104020928
2019-09-13,0.017480711022037475
2019-09-14,0.0181603232083255
2019-09-15,0.01834116635639405
2019-09-16,0.019180415165216458
2019-09-17,0.020369417002167337
2019-09-18,0.020728367746796275
2019-09-19,0.0215538581315422
2019-09-20,0.021416001206982428
2019-09-21,0.021509211208564367
2019-09-22,0.021006666621735552
2019-09-23,0.02075388854198828
2019-09-24,0.019501123836868136
2019-09-25,0.02013583573024945
2019-09-26,0.020535507927580368
2019-09-27,0.02117235401880971
2019-09-28,0.021170833122626888
2019-09-29,0.021038940682898473
2019-09-30,0.021687372415803704
2019-10-01,0.02125548954382359
2019-10-02,0.021530990840045495
2019-10-03,0.021210594010663223
2019-10-04,0.021567914511354556
2019-10-05,0.02163423985279263
2019-10-06,0.02166446777311844
2019-10-07,0.021973638535501435
2019-10-08,0.022120106481821028
2019-10-09,0.02248709865544775
2019-10-10,0.02232111529887408
2019-10-11,0.021938839416843017
2019-10-12,0.021690809992065956
2019-10-13,0.021881387011763103
2019-10-14,0.022324525993801775
2019-10-15,0.022108215216837108
2019-10-16,0.021871751059607734
2019-10-17,0.02196820126879804
2019-10-18,0.021775595011834372
2019-10-19,0.021645079096256535
2019-10-20,0.02134914986006142
2019-10-21,0.021218694360172336
2019-10-22,0.021329106841930928
2019-10-23,0.021611427478978623
2019-10-24,0.021641261309867647
2019-10-25,0.020959414888464947
2019-10-26,0.019452245714837415
2019-10-27,0.01928891523998267
2019-10-28,0.019734213697272168
2019-10-29,0.02018974165968507
2019-10-30,0.020062747675105425
2019-10-31,0.019997306370500113
2019-11-01,0.01986478983844458
2019-11-02,0.01972453479919539
2019-11-03,0.019752898328360476
2019-11-04,0.019798456375281877
2019-11-05,0.020262629343848086
2019-11-06,0.02046750347737285
2019-11-07,0.020283280209774872
2019-11-08,0.020921517792200216
2019-11-09,0.020993588802483025
2019-11-10,0.020923938817035827
2019-11-11,0.021179964331412608
2019-11-12,0.02119448454222654
2019-11-13,0.021372971015762122
2019-11-14,0.021359394865297407
2019-11-15,0.021257812679684445
2019-11-16,0.021442344568208763
2019-11-17,0.021580759973392073
2019-11-18,0.02172985716752094
2019-11-19,0.021624714182622993
2019-11-20,0.02188768925436949
2019-11-21,0.021126259890526355
2019-11-22,0.02059433623532972
2019-11-23,0.020738307395677346
2019-11-24,0.020266229255596492
2019-11-25,0.020497311736118237
2019-11-26,0.020636937433268953
2019-11-27,0.020315639111363634
2019-11-28,0.020329012605040643
2019-11-29,0.020010214908725853
2019-11-30,0.020151538512696125
2019-12-01,0.020363654904247967
2019-12-02,0.020357743361445007
2019-12-03,0.020212224024854356
2019-12-04,0.02023538888298253
2019-12-05,0.020037973804347072
2019-12-06,0.019768717413261135
2019-12-07,0.019688125497773046
2019-12-08,0.01999706788032543
2019-12-09,0.02002799466083158
2019-12-10,0.020096817794318628
2019-12-11,0.019897395126041426
2019-12-12,0.020102347731105003
2019-12-13,0.019938244434527644
2019-12-14,0.020052740044568928
2019-12-15,0.020009640963211554
2019-12-16,0.01927362500809989
2019-12-17,0.01846300880896927
2019-12-18,0.018289927384564017
2019-12-19,0.01795417646091818
2019-12-20,0.017879115915194504
2019-12-21,0.017817844999145474
2019-12-22,0.017622438495751423
2019-12-23,0.017485126036496684
2019-12-24,0.017625581500566864
2019-12-25,0.01738170834575264
2019-12-26,0.017455698424811896
2019-12-27,0.017450351851270127
2019-12-28,0.017535239050621983
2019-12-29,0.018154962032597505
2019-12-30,0.018186421594351493
2019-12-31,0.018017525430696003
2020-01-01,0.01816650489351081
2020-01-02,0.01823931320578016
2020-01-03,0.01826736842773553
2020-01-04,0.018226369298330866
2020-01-05,0.018387659323677405
2020-01-06,0.018573829495163865
2020-01-07,0.017583219008971817
2020-01-08,0.01748273907045746
2020-01-09,0.017639033481450375
2020-01-10,0.01762846019543198
2020-01-11,0.01778244978988665
2020-01-12,0.017805802406547343
2020-01-13,0.01770912960428219
2020-01-14,0.018799249797917635
2020-01-15,0.018874813173187777
2020-01-16,0.018843997774247112
2020-01-17,0.019126355085425612
2020-01-18,0.019609686939117018
2020-01-19,0.019178169967117936
2020-01-20,0.01930323554107834
2020-01-21,0.019403064855988233
2020-01-22,0.019386771495172185
2020-01-23,0.019381223519656442
2020-01-24,0.019306428416564284
2020-01-25,0.019274243768815626
2020-01-26,0.019551055579057234
2020-01-27,0.01918455206548253
2020-01-28,0.018845821699253567
2020-01-29,0.01878901930708372
2020-01-30,0.01942271618848892
2020-01-31,0.01926737682849671
2020-02-01,0.01955460390937945
2020-02-02,0.020185163327979032
2020-02-03,0.020429830269132795
2020-02-04,0.020613371097058217
2020-02-05,0.021244277119112216
2020-02-06,0.02182357730362288
2020-02-07,0.022736560511735265
2020-02-08,0.022619748602290143
2020-02-09,0.02259424109032949
2020-02-10,0.022677439298059977
2020-02-11,0.023104010203923494
2020-02-12,0.025702568498980508
2020-02-13,0.02624723637067649
2020-02-14,0.027561510456781204
2020-02-15,0.02676885480080472
2020-02-16,0.02616099970902971
2020-02-17,0.02748808200605762
2020-02-18,0.02779971294328078
2020-02-19,0.02696496929217926
2020-02-20,0.026846034064773747
2020-02-21,0.027419834107880337
2020-02-22,0.027147551999990298
2020-02-23,0.027583628333561618
2020-02-24,0.02748307010306545
2020-02-25,0.026528090360703943
2020-02-26,0.02558581629755271
2020-02-27,0.025812913506598208
2020-02-28,0.02614720929703576
2020-02-29,0.02556524054278627
2020-03-01,0.025573345411979285
2020-03-02,0.025995305402936753
2020-03-03,0.02554450303227369
2020-03-04,0.025643822280882484
2020-03-05,0.025253241677407987
2020-03-06,0.026694883400255224
2020-03-07,0.026695209163557304
2020-03-08,0.02475162555338853
2020-03-09,0.02549159384023194
2020-03-10,0.02538231460759056
2020-03-11,0.02463126463151706
2020-03-12,0.02260147088350356
2020-03-13,0.023941198196809822
2020-03-14,0.023711026808978106
2020-03-15,0.023220880720726953
2020-03-16,0.022057296776279243
2020-03-17,0.02180459814901558
2020-03-18,0.021922996788314147
2020-03-19,0.022062607264146248
2020-03-20,0.02141343995532764
2020-03-21,0.021474096089402588
2020-03-22,0.02115193146991691
2020-03-23,0.021026337869473822
2020-03-24,0.02060363598518018
2020-03-25,0.020385362714417654
2020-03-26,0.020600429417234268
2020-03-27,0.020702027400148842
2020-03-28,0.020984048103674487
2020-03-29,0.021206150186290892
2020-03-30,0.020669955064869343
2020-03-31,0.02074870980159474
2020-04-01,0.02052961148731793
2020-04-02,0.02090623996691521
2020-04-03,0.021102500751088996
2020-04-04,0.021145804537830038
2020-04-05,0.021137374621923576
2020-04-06,0.02325920894782163
2020-04-07,0.02300618822971326
2020-04-08,0.02353959873394782
2020-04-09,0.023391543960923536
2020-04-10,0.023073716815795706
2020-04-11,0.023066642945791683
2020-04-12,0.023115808862156466
2020-04-13,0.022831073466700078
2020-04-14,0.023032232986367515
2020-04-15,0.023078042806751815
2020-04-16,0.024190264946348992
2020-04-17,0.02418744589033527
2020-04-18,0.025754013234122488
2020-04-19,0.02526140333206963
2020-04-20,0.02503606568025502
2020-04-21,0.025106044488848196
2020-04-22,0.02565607063673874
2020-04-23,0.02490383977774559
2020-04-24,0.02506150478086709
2020-04-25,0.02582786745587
2020-04-26,0.025692831735625723
2020-04-27,0.02529948804573593
2020-04-28,0.025414871379791024
2020-04-29,0.024652572694560733
2020-04-30,0.02397652745619707
2020-05-01,0.024165227420019187
2020-05-02,0.023955394383704264
2020-05-03,0.023707096610495786
2020-05-04,0.023357128448644057
2020-05-05,0.02296709807060178
2020-05-06,0.022015431222060997
2020-05-07,0.02133236372776022
2020-05-08,0.021639622517955846
2020-05-09,0.022055702656209437
2020-05-10,0.02153840655333106
2020-05-11,0.02161325890453245
2020-05-12,0.021501843710780594
2020-05-13,0.021487977980329035
2020-05-14,0.020850102700512303
2020-05-15,0.02097111154865425
2020-05-16,0.021400963147290654
2020-05-17,0.021421184656477736
2020-05-18,0.02205555918953118
2020-05-19,0.021939590425529242
2020-05-20,0.02206207603460912
2020-05-21,0.022009342696621963
2020-05-22,0.022561116133761723
2020-05-23,0.02266129771979924
2020-05-24,0.023021828243404287
2020-05-25,0.02305167353638717
2020-05-26,0.02285241744476182
2020-05-27,0.022749486324428313
2020-05-28,0.023078539857370583
2020-05-29,0.02337877165022203
2020-05-30,0.02498301564778968
2020-05-31,0.024413304887509698
2020-06-01,0.02429283331362715
2020-06-02,0.024892333816227647
2020-06-03,0.025285953987463593
2020-06-04,0.02493984815638971
2020-06-05,0.024956924754579588
2020-06-06,0.025061046981255528
2020-06-07,0.02512254905026636
2020-06-08,0.025206997572957437
2020-06-09,0.025001934355266087
2020-06-10,0.025070169349351443
2020-06-11,0.024856050686270725
2020-06-12,0.025049796843120337
2020-06-13,0.025213915680444714
2020-06-14,0.024940874149285832
2020-06-15,0.024329293812288048
2020-06-16,0.024577014907539593
2020-06-17,0.024580380740459637
2020-06-18,0.024660549429455607
2020-06-19,0.02445497810624428
2020-06-20,0.024567711990927044
2020-06-21,0.024612954865146825
2020-06-22,0.025136312778667257
2020-06-23,0.025353148131433956
2020-06-24,0.025314829806890683
2020-06-25,0.02514292264109557
2020-06-26,0.025064946104202273
2020-06-27,0.024648995530894533
2020-06-28,0.02464539249482112
2020-06-29,0.024828471627865462
2020-06-30,0.02476637904824092
2020-07-01,0.025043917903596957
2020-07-02,0.02514325156127373
2020-07-03,0.024802414101211565
2020-07-04,0.025083427964401644
2020-07-05,0.025089931911938344
2020-07-06,0.025759786405604883
2020-07-07,0.025839641649669863
2020-07-08,0.02616263269692944
2020-07-09,0.026192800689511513
2020-07-10,0.025971546700157524
2020-07-11,0.025914414681601314
2020-07-12,0.026101622229116418
2020-07-13,0.025921092881794137
2020-07-14,0.025987875025713016
2020-07-15,0.025935793833620244
2020-07-16,0.02558421627144425
2020-07-17,0.025435810403791434
2020-07-18,0.025710534010167763
2020-07-19,0.02596257996123227
2020-07-20,0.025769009560032616
2020-07-21,0.026135430268175087
2020-07-22,0.027525526908422537
2020-07-23,0.02866997020594601
2020-07-24,0.029277400505110806
2020-07-25,0.031420192557262
2020-07-26,0.03126081730544083
2020-07-27,0.029252826208606673
2020-07-28,0.029016987634870137
2020-07-29,0.028664637738292104
2020-07-30,0.030112519064398886
2020-07-31,0.030516683907951803
2020-08-01,0.03275621141416877
2020-08-02,0.03353398388677487
2020-08-03,0.03434849644342031
2020-08-04,0.03479200657717576
2020-08-05,0.03418658451597317
2020-08-06,0.03352882351053945
2020-08-07,0.03271247186846901
2020-08-08,0.033519297876404425
2020-08-09,0.03349856006926087
2020-08-10,0.0333291684432023
2020-08-11,0.03333624444964037
2020-08-12,0.03375281643142912
2020-08-13,0.036382958334068814
2020-08-14,0.03716565706805327
2020-08-15,0.036521653474452645
2020-08-16,0.03647471459524786
2020-08-17,0.03505117899275356
2020-08-18,0.03533158745610298
2020-08-19,0.0345682927186802
2020-08-20,0.035058658404813176
2020-08-21,0.03356710833363028
2020-08-22,0.033884700158139956
2020-08-23,0.033552473422753526
2020-08-24,0.034663117600574465
2020-08-25,0.03378466343360665
2020-08-26,0.03363978976178681
2020-08-27,0.03379132726856096
2020-08-28,0.03429713357649042
2020-08-29,0.034755032767463036
2020-08-30,0.036579046843290296
2020-08-31,0.037247361982449864
2020-09-01,0.03985236762070099
2020-09-02,0.038552582715169294
2020-09-03,0.03764380288249639
2020-09-04,0.036933793656820445
2020-09-05,0.032966994384382706
2020-09-06,0.034372586581464186
2020-09-07,0.03401044732777426
2020-09-08,0.03332197193106713
2020-09-09,0.03428022828876436
2020-09-10,0.03552030999955333
2020-09-11,0.03602525217742542
2020-09-12,0.03707879417360289
2020-09-13,0.03541056300670311
2020-09-14,0.0353220284519462
2020-09-15,0.033790946821286895
2020-09-16,0.03333170330520542
2020-09-17,0.035530146410476283
2020-09-18,0.03511914792077561
2020-09-19,0.034751426441764446
2020-09-20,0.0339224370557791
2020-09-21,0.03266847501725416
2020-09-22,0.0326900870815168
2020-09-23,0.03134007972192398
2020-09-24,0.032467791334204854
2020-09-25,0.032936742340315975
2020-09-26,0.03306643443605404
2020-09-27,0.03317211750884277
2020-09-28,0.03316255396799981
2020-09-29,0.03317374892299912
2020-09-30,0.03337550739954175
2020-10-01,0.03326027531011367
2020-10-02,0.03273825202002845
2020-10-03,0.032847785047793975
2020-10-04,0.03304524738704405
2020-10-05,0.03279400002533391
2020-10-06,0.03213907963339237
2020-10-07,0.03203764701111869
2020-10-08,0.03213413782327646
2020-10-09,0.03304187917392799
2020-10-10,0.032839564843629654
2020-10-11,0.032952922851077794
2020-10-12,0.03355422523462962
2020-10-13,0.03336199204691986
2020-10-14,0.033202135906112665
2020-10-15,0.03283430659544901
2020-10-16,0.03234631900660471
2020-10-17,0.03247513895557067
2020-10-18,0.03293580490961786
2020-10-19,0.03235687337479206
2020-10-20,0.030977385501962048
2020-10-21,0.030583239976094048
2020-10-22,0.03191242009816471
2020-10-23,0.03168738779930004
2020-10-24,0.03146594785339057
2020-10-25,0.031172769145383195
2020-10-26,0.030124729125747048
2020-10-27,0.029587708179563323
2020-10-28,0.029285088238263472
2020-10-29,0.028779094737998744
2020-10-30,0.0282596495086125
2020-10-31,0.028052425005876312
2020-11-01,0.028853099585548953
2020-11-02,0.028276229071237554
2020-11-03,0.027784502924304108
2020-11-04,0.028452690960826414
2020-11-05,0.026577110089687293
2020-11-06,0.02921256454577953
2020-11-07,0.02937308637579886
2020-11-08,0.029300223180418593
2020-11-09,0.02896907890114903
2020-11-10,0.029408311972422326
2020-11-11,0.0294854162369951
2020-11-12,0.028323638688265946
2020-11-13,0.029086407748891107
2020-11-14,0.02863740789802996
2020-11-15,0.028050303448500423
2020-11-16,0.027514790885804524
2020-11-17,0.027222953674092762
2020-11-18,0.02693124646281434
2020-11-19,0.02647067710074707
2020-11-20,0.027374252722828018
2020-11-21,0.029475366515439836
2020-11-22,0.030379317142067024
2020-11-23,0.03313276129149592
2020-11-24,0.031605331793182104
2020-11-25,0.03046567138081458
2020-11-26,0.030249696821099906
2020-11-27,0.030247927479210575
2020-11-28,0.03037857530814713
2020-11-29,0.031674242967991824
2020-11-30,0.03132822119041904
2020-12-01,0.031235665517311224
2020-12-02,0.03116241317352661
2020-12-03,0.03171489348580621
2020-12-04,0.03044712957527877
2020-12-05,0.031146929131802843
2020-12-06,0.03111425323548351
2020-12-07,0.030838618568986828
2020-12-08,0.03028346607073069
2020-12-09,0.030908791733972096
2020-12-10,0.030642144386738804
2020-12-11,0.030223171589413508
2020-12-12,0.030237062102076225
2020-12-13,0.03080406518789091
2020-12-14,0.030447445968158817
2020-12-15,0.030352437493857846
2020-12-16,0.029852838197801015
2020-12-17,0.0281896245436139
2020-12-18,0.02830033089140242
2020-12-19,0.02762055098395808
2020-12-20,0.027187579942389486
2020-12-21,0.026742782850933837
2020-12-22,0.026693579656614064
2020-12-23,0.025115352917403983
2020-12-24,0.02576712530423015
2020-12-25,0.02539695978650615
2020-12-26,0.0240509484023915
2020-12-27,0.025983353795864597
2020-12-28,0.026967048201172503
2020-12-29,0.026734465509571745
2020-12-30,0.026060822409784048
2020-12-31,0.02543998727917612
2021-01-01,0.024864293790126658
2021-01-02,0.02410833636134998
2021-01-03,0.02975739713838973
2021-01-04,0.032535838492280214
2021-01-05,0.03236032592045426
2021-01-06,0.03278025945480006
2021-01-07,0.031131461301616918
2021-01-08,0.030006590148511307
2021-01-09,0.03182441164934396
2021-01-10,0.03290833710908034
2021-01-11,0.030650769588220356
2021-01-12,0.030758947375936145
2021-01-13,0.030301438801137403
2021-01-14,0.031093035969256645
2021-01-15,0.03182139607081311
2021-01-16,0.03409621324772685
2021-01-17,0.03437072752101022
2021-01-18,0.03432369624771483
2021-01-19,0.038184179547686936
2021-01-20,0.038884994067179005
2021-01-21,0.03638428166357236
2021-01-22,0.03746352584036286
2021-01-23,0.03838731199485365
2021-01-24,0.04309805335805444
2021-01-25,0.040919444195859744
2021-01-26,0.0416660844844101
2021-01-27,0.04117917369638694
2021-01-28,0.03981618057733567
2021-01-29,0.04028754071573177
2021-01-30,0.04015566428944815
2021-01-31,0.03971045283296191
2021-02-01,0.04082158069222855
2021-02-02,0.042669146480872513
2021-02-03,0.04432391021755254
2021-02-04,0.04318799294155456
2021-02-05,0.045056548205145694
2021-02-06,0.04273025775512159
2021-02-07,0.04149318735960959
2021-02-08,0.037808451949659636
2021-02-09,0.03803771481657996
2021-02-10,0.03883156594172304
2021-02-11,0.03723278739242885
2021-02-12,0.038807248778537584
2021-02-13,0.038511623091510315
2021-02-14,0.03705222809359421
2021-02-15,0.03712146919467962
2021-02-16,0.0362006538897023
2021-02-17,0.0354457031780776
2021-02-18,0.037489489818162136
2021-02-19,0.0350730055966991
2021-02-20,0.03421658641029749
2021-02-21,0.033639258148517204
2021-02-22,0.03287365820056879
2021-02-23,0.03216021395780944
2021-02-24,0.032724370145462735
2021-02-25,0.03133538002074647
2021-02-26,0.031205030793698615
2021-02-27,0.031609050439080924
2021-02-28,0.03137170854698407
2021-03-01,0.03152666692665705
2021-03-02,0.030852417912735068
2021-03-03,0.03118140008842314
2021-03-04,0.03175200208596455
2021-03-05,0.0313378191217998
2021-03-06,0.03383072919370335
2021-03-07,0.03365094993002089
2021-03-08,0.035116746236105716
2021-03-09,0.03407348670542603
2021-03-10,0.03212306397272347
2021-03-11,0.03159226919233137
2021-03-12,0.03090943347472221
2021-03-13,0.03142698306824176
2021-03-14,0.03127305042099891
2021-03-15,0.03204779161798748
2021-03-16,0.03181013833670688
2021-03-17,0.030973698554085743
2021-03-18,0.030813832072273856
2021-03-19,0.03115215822150786
2021-03-20,0.031084228367570223
2021-03-21,0.031086764012430806
2021-03-22,0.031017064340808
2021-03-23,0.030666468579200853
2021-03-24,0.030193000949948083
2021-03-25,0.03085552976991621
2021-03-26,0.03088366051601853
2021-03-27,0.03066619506617911
2021-03-28,0.03022937270929768
2021-03-29,0.03150958717269035
2021-03-30,0.03133241726457772
2021-03-31,0.03255940408882161
2021-04-01,0.03345883409534848
2021-04-02,0.03609077036864745
2021-04-03,0.035213289646641166
2021-04-04,0.035622435130788804
2021-04-05,0.035691888128548684
2021-04-06,0.03640304206603584
2021-04-07,0.03516707645899287
2021-04-08,0.03580987945025803
2021-04-09,0.03557573607607573
2021-04-10,0.03572213747923508
2021-04-11,0.035838522421226295
2021-04-12,0.03571931755244535
2021-04-13,0.03620570991921269
2021-04-14,0.0385852755018203
2021-04-15,0.03978765746400305
2021-04-16,0.039497098803410645
2021-04-17,0.03864118981725076
2021-04-18,0.03979524791397161
2021-04-19,0.038873347120994474
2021-04-20,0.04126236693731577
2021-04-21,0.043867988122283555
2021-04-22,0.046434111112838426
2021-04-23,0.04625987912820934
2021-04-24,0.04418756070972172
2021-04-25,0.04726241878395602
2021-04-26,0.04691594600670491
2021-04-27,0.048386596479761686
2021-04-28,0.0500938440230382
2021-04-29,0.051477384423229924
2021-04-30,0.048020754806955744
2021-05-01,0.05094228116747786
2021-05-02,0.05212784658324479
2021-05-03,0.059983716928077906
2021-05-04,0.06100531582422119
2021-05-05,0.061346871061795934
2021-05-06,0.06189886613396162
2021-05-07,0.06075571098447693
2021-05-08,0.06636729613923213
2021-05-09,0.0674684602816319
2021-05-10,0.07075381878234765
2021-05-11,0.07351613567881395
2021-05-12,0.0770255831554479
2021-05-13,0.07472713279949589
2021-05-14,0.08177653588257006
2021-05-15,0.07780383836810963
2021-05-16,0.07722364341942416
2021-05-17,0.0753924047447231
2021-05-18,0.07877224765988151
2021-05-19,0.06650045525923384
2021-05-20,0.06827138899432884
2021-05-21,0.06515591595226011
2021-05-22,0.06115907033733089
2021-05-23,0.06067139837027732
2021-05-24,0.06829929205869047
2021-05-25,0.07048104820592965
2021-05-26,0.0735146354398883
2021-05-27,0.07119418139315746
2021-05-28,0.06778903565726299
2021-05-29,0.0658513342736331
2021-05-30,0.06699637826307499
2021-05-31,0.07272268028821378
2021-06-01,0.07178747822062898
2021-06-02,0.07201895034184592
2021-06-03,0.07281857562542815
2021-06-04,0.07286186014605872
2021-06-05,0.07399246409936337
2021-06-06,0.07570866340281517
2021-06-07,0.07718142472927732
2021-06-08,0.07520886494960785
2021-06-09,0.06984224480879415
2021-06-10,0.06733906351357752
2021-06-11,0.06304557987638328
2021-06-12,0.06673182848787511
2021-06-13,0.06415675030961973
2021-06-14,0.06310261676215748
2021-06-15,0.06461712001299304
2021-06-16,0.06174302332072372
2021-06-17,0.06233333884229821
2021-06-18,0.06236113134971378
2021-06-19,0.06116652370240049
2021-06-20,0.06292637740727301
2021-06-21,0.059616308064134545
2021-06-22,0.05768072588680168
2021-06-23,0.05900230450377298
2021-06-24,0.05736631472694686
2021-06-25,0.057311774892346797
2021-06-26,0.056832893045573214
2021-06-27,0.05711154270386747
2021-06-28,0.06039487662773009
2021-06-29,0.0602426041022414
2021-06-30,0.06491133977165481
2021-07-01,0.06295716939582723
2021-07-02,0.06342854264360234
2021-07-03,0.06421135174309206
2021-07-04,0.06579399550924585
2021-07-05,0.06515089981140128
2021-07-06,0.06790320376850852
2021-07-07,0.0683839736152129
2021-07-08,0.06448284326451265
2021-07-09,0.06351534524208675
2021-07-10,0.0629883902152751
2021-07-11,0.062489867934335204
2021-07-12,0.061428713584766634
2021-07-13,0.059326110881535256
2021-07-14,0.06076138488675006
2021-07-15,0.0601363036969508
2021-07-16,0.0598437565655227
2021-07-17,0.06021694982778186
2021-07-18,0.059614536534379946
2021-07-19,0.058968996554222046
2021-07-20,0.05996879570774876
2021-07-21,0.06200335828668835
2021-07-22,0.06267434619515713
2021-07-23,0.06327214085998904
2021-07-24,0.06383968043252967
2021-07-25,0.06199044288794437
2021-07-26,0.059815590125929956
2021-07-27,0.058323062234138044
2021-07-28,0.0574195117820652
2021-07-29,0.05951138974059759
2021-07-30,0.05840960064001184
2021-07-31,0.06092821940360947
2021-08-01,0.06408652432537493
2021-08-02,0.06658223972064524
2021-08-03,0.06558726418305909
2021-08-04,0.06854820064860598
2021-08-05,0.06917934093093059
2021-08-06,0.06751933601276669
2021-08-07,0.07086033051076665
2021-08-08,0.06880963976405235
2021-08-09,0.06832370778723326
2021-08-10,0.06891935962223071
2021-08-11,0.0694010248997363
2021-08-12,0.06850172200777904
2021-08-13,0.0695120499726606
2021-08-14,0.0693345043443469
2021-08-15,0.0703658867839369
2021-08-16,0.06861308336279717
2021-08-17,0.06745322085835953
2021-08-18,0.06741093288542854
2021-08-19,0.06812643711798791
2021-08-20,0.0666191773714932
2021-08-21,0.06596567870141119
2021-08-22,0.06573412131287737
2021-08-23,0.06699324627434619
2021-08-24,0.0664999896419861
2021-08-25,0.06586730616384508
2021-08-26,0.06604556669902027
2021-08-27,0.0666671347897475
2021-08-28,0.06634445681229713
2021-08-29,0.06608670460880688
2021-08-30,0.06852354347590037
2021-08-31,0.0727999536964648
2021-09-01,0.07850688841335741
2021-09-02,0.07685313219612101
2021-09-03,0.07877231797050496
2021-09-04,0.07784277825973515
2021-09-05,0.07636469815206169
2021-09-06,0.07463643441143193
2021-09-07,0.07319614730872041
2021-09-08,0.07587784048437733
2021-09-09,0.07387874631489995
2021-09-10,0.07155138329515179
2021-09-11,0.07234895268776337
2021-09-12,0.07403153436971922
2021-09-13,0.0730713318837063
2021-09-14,0.07281775753300644
2021-09-15,0.0750426898410746
2021-09-16,0.07473930189478228
2021-09-17,0.07190008809564245
2021-09-18,0.07108812472687485
2021-09-19,0.07044927184233304
2021-09-20,0.06906468040291346
2021-09-21,0.06793269713957588
2021-09-22,0.07063459977943669
2021-09-23,0.07028659801124931
2021-09-24,0.06843338697011829
2021-09-25,0.06848780338034618
2021-09-26,0.0708717639453139
2021-09-27,0.06947053794148486
2021-09-28,0.06841301078940447
2021-09-29,0.06864397972948018
2021-09-30,0.06854573278780754
2021-10-01,0.06873911800328253
2021-10-02,0.07108758200842777
2021-10-03,0.0709203727587261
2021-10-04,0.06882283371628653
2021-10-05,0.06830110377840354
2021-10-06,0.06467608890747883
2021-10-07,0.066683564945291
2021-10-08,0.06603486023832622
2021-10-09,0.06505061695802226
2021-10-10,0.06254800209306777
2021-10-11,0.06167464579284765
2021-10-12,0.06232168573948049
2021-10-13,0.06282461150398569
2021-10-14,0.06604873585197532
2021-10-15,0.06271126976948514
2021-10-16,0.06290433516644879
2021-10-17,0.06250005552831671
2021-10-18,0.06043845374765503
2021-10-19,0.06034128023283592
2021-10-20,0.06297641446165499
2021-10-21,0.06517138004461187
2021-10-22,0.06541495598955283
2021-10-23,0.06794946714864877
2021-10-24,0.06709087464949692
2021-10-25,0.0669081331586339
2021-10-26,0.06843675401444536
2021-10-27,0.06720411981679046
2021-10-28,0.07072200156102733
2021-10-29,0.07094473671308976
2021-10-30,0.0698938766277059
2021-10-31,0.06993064504610975
2021-11-01,0.07089040315223132
2021-11-02,0.0725139919111373
2021-11-03,0.07316484703913045
2021-11-04,0.07383498018118875
2021-11-05,0.07339375976991051
2021-11-06,0.07348880565626323
2021-11-07,0.07296343648902161
2021-11-08,0.07121967296498351
2021-11-09,0.07070239801157063
2021-11-10,0.07133099279700753
2021-11-11,0.07283121050520262
2021-11-12,0.07274642273303678
2021-11-13,0.07214975261750055
2021-11-14,0.07066720950271163
2021-11-15,0.07170636504686459
2021-11-16,0.0700844066262289
2021-11-17,0.07102426646044888
2021-11-18,0.07025817978461825
2021-11-19,0.07395626016727905
2021-11-20,0.07387166397447745
2021-11-21,0.07270046422341679
2021-11-22,0.07263296147038409
2021-11-23,0.07540096363858552
2021-11-24,0.07533669808740258
2021-11-25,0.07463582838675303
2021-11-26,0.07524596922383632
2021-11-27,0.07474060513117256
2021-11-28,0.07501431193048666
2021-11-29,0.07689619461619067
2021-11-30,0.0812462838481178
2021-12-01,0.08015034090887373
2021-12-02,0.07987741972252518
2021-12-03,0.07874709271838784
2021-12-04,0.08373025466480567
2021-12-05,0.0850399179486368
2021-12-06,0.08617064267992221
2021-12-07,0.08510955047999025
2021-12-08,0.08789972804254051
2021-12-09,0.08641981567941759
2021-12-10,0.08273121703918694
2021-12-11,0.0827440211930202
2021-12-12,0.08252675558241938
2021-12-13,0.08096771089684361
2021-12-14,0.08035247536335459
2021-12-15,0.08218114535251715
2021-12-16,0.08313089963252157
2021-12-17,0.08396767318109304
2021-12-18,0.08454564520135306
2021-12-19,0.0839829408239327
2021-12-20,0.08391256846833327
2021-12-21,0.08215239552153443
2021-12-22,0.08188816537109024
2021-12-23,0.08089106844002873
2021-12-24,0.07964990267078499
2021-12-25,0.08116780527626397
2021-12-26,0.08005051957233651
2021-12-27,0.07972974492259186
2021-12-28,0.0798693943984883
2021-12-29,0.07812583316890732
2021-12-30,0.0787197891137312
2021-12-31,0.07952743484514255
2022-01-01,0.07905114273436445
2022-01-02,0.08088599107816458
2022-01-03,0.08096282412636785
2022-01-04,0.08266355477834945
2022-01-05,0.08148882564609929
2022-01-06,0.07920144973417981
2022-01-07,0.07683762339123416
2022-01-08,0.07408772217682157
2022-01-09,0.07534313524466021
2022-01-10,0.07372082461606747
2022-01-11,0.07577036979249073
2022-01-12,0.07673099519419214
2022-01-13,0.07626599701268645
2022-01-14,0.07679871379250308
2022-01-15,0.0771359758170643
2022-01-16,0.07772257936444299
2022-01-17,0.07602989481183724
2022-01-18,0.07466614505756827
2022-01-19,0.07416159432400435
2022-01-20,0.07377308953641797
2022-01-21,0.07016236774318597
2022-01-22,0.06866011953508039
2022-01-23,0.06988043970072991
2022-01-24,0.06657746628446419
2022-01-25,0.0664592411914093
2022-01-26,0.06697118646600968
2022-01-27,0.06524276830818307
2022-01-28,0.0674113290902965
2022-01-29,0.06809671405602202
2022-01-30,0.06866116118771522
2022-01-31,0.06985604231968558
2022-02-01,0.07206714713985633
2022-02-02,0.07260182226909109
2022-02-03,0.07210850029301132
2022-02-04,0.07189214478158593
2022-02-05,0.07274525852634825
2022-02-06,0.07208914497821477
2022-02-07,0.0716799786298151
2022-02-08,0.07077784859507281
2022-02-09,0.07306145541979144
2022-02-10,0.07064097728534757
2022-02-11,0.06902914212514756
2022-02-12,0.06905904794858499
2022-02-13,0.06833253892316676
2022-02-14,0.06888216250020295
2022-02-15,0.07133735741704766
2022-02-16,0.07114872124593798
2022-02-17,0.07108098822372637
2022-02-18,0.06958929754594342
2022-02-19,0.06888216960859375
2022-02-20,0.06839849394715601
2022-02-21,0.06942135232242844
2022-02-22,0.06893635875849372
2022-02-23,0.06945302470003421
2022-02-24,0.06777694451362601
2022-02-25,0.07049829711400919
2022-02-26,0.07111881497780723
2022-02-27,0.06952576756799592
2022-02-28,0.06758468575265152
2022-03-01,0.06701633306727814
2022-03-02,0.06716397726583506
2022-03-03,0.0667691293285085
2022-03-04,0.06687062160583845
2022-03-05,0.06763430013235447
2022-03-06,0.06650282125513293
2022-03-07,0.06562368443090752
2022-03-08,0.06651856441546673
2022-03-09,0.06502127701840099
2022-03-10,0.06613124988237905
2022-03-11,0.06597666689858836
2022-03-12,0.06618222740123503
2022-03-13,0.06655130613362033
2022-03-14,0.06531152135727643
2022-03-15,0.06660474256630279
2022-03-16,0.06737459657152492
2022-03-17,0.06873650087904358
2022-03-18,0.07046080256639133
2022-03-19,0.06983198685987074
2022-03-20,0.06934812399669187
2022-03-21,0.07054814835383184
2022-03-22,0.07018920508435422
2022-03-23,0.07066584699356511
2022-03-24,0.07070054609032754
2022-03-25,0.07005096547031583
2022-03-26,0.0706319205172797
2022-03-27,0.07030207250998369
2022-03-28,0.07079940258284266
2022-03-29,0.07167250476021887
2022-03-30,0.07192873642870767
2022-03-31,0.07206276348546792
2022-04-01,0.07453391686988489
2022-04-02,0.07510656740232512
2022-04-03,0.07583558741831666
2022-04-04,0.07552636462692301
2022-04-05,0.07489228785593004
2022-04-06,0.07340734387042674
2022-04-07,0.07432157917964333
2022-04-08,0.0754847553152044
2022-04-09,0.0762448187478218
2022-04-10,0.07609675683774907
2022-04-11,0.07542785314748833
2022-04-12,0.07551929124962924
2022-04-13,0.07574913535211183
2022-04-14,0.0756196427306834
2022-04-15,0.07498536846660855
2022-04-16,0.07575384943260331
2022-04-17,0.07536840277982679
2022-04-18,0.07489321998512942
2022-04-19,0.0747927895214775
2022-04-20,0.07438772329569525
2022-04-21,0.07371515122161387
2022-04-22,0.0746052288971312
2022-04-23,0.07440762957057469
2022-04-24,0.07405079863806308
2022-04-25,0.07438258442549897
2022-04-26,0.07367485322404943
2022-04-27,0.07361995801797122
2022-04-28,0.07384104212294124
2022-04-29,0.07292449172232415
2022-04-30,0.07239018471035964
2022-05-01,0.07350721911705095
2022-05-02,0.0741619576422506
2022-05-03,0.07373358696232538
2022-05-04,0.07407469612408334
2022-05-05,0.07516616717767234
2022-05-06,0.07477554946222155
2022-05-07,0.07425205616988502
2022-05-08,0.07391409987095104
2022-05-09,0.07411406720199278
2022-05-10,0.07554131026418986
2022-05-11,0.07160917845427742
2022-05-12,0.0675336783807428
2022-05-13,0.06879114475744565
2022-05-14,0.06831187603199824
2022-05-15,0.06854173526963508
2022-05-16,0.06773370084815943
2022-05-17,0.06870502121608503
2022-05-18,0.06673530676659609
2022-05-19,0.06658025812742387
2022-05-20,0.06716664228666613
2022-05-21,0.06708694995786135
2022-05-22,0.06737860615522114
2022-05-23,0.06777511165111559
2022-05-24,0.06673220998757874
2022-05-25,0.06578729822265947
2022-05-26,0.061635954695215205
2022-05-27,0.060253895016810034
2022-05-28,0.06100808084115009
2022-05-29,0.061537514434879044
2022-05-30,0.06292683298826046
2022-05-31,0.06109426995140518
2022-06-01,0.06119549097343281
2022-06-02,0.0602002533245928
2022-06-03,0.05975812248399726
2022-06-04,0.0603899938603362
2022-06-05,0.06036129841079123
2022-06-06,0.059268404586937544
2022-06-07,0.05822566130492825
2022-06-08,0.05936159278592091
2022-06-09,0.059438966720789695
2022-06-10,0.05724980807080401
2022-06-11,0.053935815748996176
2022-06-12,0.05400125313118593
2022-06-13,0.05356703622855276
2022-06-14,0.05456271166673908
2022-06-15,0.05463231163800108
2022-06-16,0.052386862321107806
2022-06-17,0.05307477322445219
2022-06-18,0.052248157241533436
2022-06-19,0.05486506101950201
2022-06-20,0.05474115510787323
2022-06-21,0.054311546370149795
2022-06-22,0.052605210078137586
2022-06-23,0.054225239068396734
2022-06-24,0.05778375045811605
2022-06-25,0.05782845129394996
2022-06-26,0.05706067611154587
2022-06-27,0.0575670661838363
2022-06-28,0.0564370512491471
2022-06-29,0.05466288134177122
2022-06-30,0.05394559408002938
2022-07-01,0.05499751619616466
2022-07-02,0.05542556055677837
2022-07-03,0.05564402390339453
2022-07-04,0.05689507150038336
2022-07-05,0.05619289451569693
2022-07-06,0.05776522208308913
2022-07-07,0.05719645785125981
2022-07-08,0.05625602287438484
2022-07-09,0.05636192121180873
2022-07-10,0.05601037633829718
2022-07-11,0.05494271351623606
2022-07-12,0.05372574350272755
2022-07-13,0.055095144919371564
2022-07-14,0.05792566279512171
2022-07-15,0.05918169185054648
2022-07-16,0.06383229202017947
2022-07-17,0.06442146384856355
2022-07-18,0.07020989500005777
2022-07-19,0.0659689005953042
2022-07-20,0.06543638915892165
2022-07-21,0.06806711724586835
2022-07-22,0.06768243915835753
2022-07-23,0.06896347586248867
2022-07-24,0.07074461842767711
2022-07-25,0.06766237441588065
2022-07-26,0.0678824608354359
2022-07-27,0.07135601848346242
2022-07-28,0.0723652213249105
2022-07-29,0.07256599990548059
2022-07-30,0.07169236725826285
2022-07-31,0.07205402548321792
2022-08-01,0.07013733499652756
2022-08-02,0.07106524095275431
2022-08-03,0.07085872926421674
2022-08-04,0.07106220953564539
2022-08-05,0.07437980375757425
2022-08-06,0.0736743828243455
2022-08-07,0.07332407878405428
2022-08-08,0.07457179415012907
2022-08-09,0.07351932390122841
2022-08-10,0.07732463309239158
2022-08-11,0.07852329419207411
2022-08-12,0.08020575456232121
2022-08-13,0.0811222978374543
2022-08-14,0.07964042120551108
2022-08-15,0.07889258427448166
2022-08-16,0.07863821627715178
2022-08-17,0.07854815680508362
2022-08-18,0.07956871740512896
2022-08-19,0.07725940512326945
2022-08-20,0.07450624931773236
2022-08-21,0.07519782036502752
2022-08-22,0.07582189913493141
2022-08-23,0.07723723100299291
2022-08-24,0.07745069835908437
2022-08-25,0.07853638939993018
2022-08-26,0.07442158851764125
2022-08-27,0.074414454405211
2022-08-28,0.07292454983960767
2022-08-29,0.07651186332778226
2022-08-30,0.07697396577691756
2022-08-31,0.07749143391165673
2022-09-01,0.07880785390063325
2022-09-02,0.0789803959558798
2022-09-03,0.0785027118299544
2022-09-04,0.0789345206585977
2022-09-05,0.0816249211104883
2022-09-06,0.08290561962059478
2022-09-07,0.08449346696236759
2022-09-08,0.0846022608146511
2022-09-09,0.08040190825922729
2022-09-10,0.08192617952123682
2022-09-11,0.08093065101577186
2022-09-12,0.07660844187932776
2022-09-13,0.07788396223255889
2022-09-14,0.08076417907841008
2022-09-15,0.07470066109713275
2022-09-16,0.07244615853133922
2022-09-17,0.07302129608991241
2022-09-18,0.06876225951536526
2022-09-19,0.07048364183657296
2022-09-20,0.07010761589746325
2022-09-21,0.06753549078064237
2022-09-22,0.06838935291855781
2022-09-23,0.06883015813847852
2022-09-24,0.06959879973184127
2022-09-25,0.06883363870013673
2022-09-26,0.06946589938760464
2022-09-27,0.06960175939742044
2022-09-28,0.06884388307784431
2022-09-29,0.06823935413428181
2022-09-30,0.06834052353203453
2022-10-01,0.06791828444426375
2022-10-02,0.06700726254009633
2022-10-03,0.0674412723731106
2022-10-04,0.06697826878441068
2022-10-05,0.06710263190705704
2022-10-06,0.06773637890742334
2022-10-07,0.06817042103471957
2022-10-08,0.06775144113692368
2022-10-09,0.06801271672875298
2022-10-10,0.06746277463052679
2022-10-11,0.06716432790948344
2022-10-12,0.0675928523322158
2022-10-13,0.06645670234129282
2022-10-14,0.06762458902809879
2022-10-15,0.06686050576130671
2022-10-16,0.06779584155071774
2022-10-17,0.06811570353530894
2022-10-18,0.06777794687076892
2022-10-19,0.06717740280518013
2022-10-20,0.06734640610977483
2022-10-21,0.06780276593919667
2022-10-22,0.06842389791829717
2022-10-23,0.06968091567957384
2022-10-24,0.06952487714959808
2022-10-25,0.07273466240272818
2022-10-26,0.07542288677212378
2022-10-27,0.0746518350338348
2022-10-28,0.07552567872187482
2022-10-29,0.0778010091884275
2022-10-30,0.07708925614851986
2022-10-31,0.0767335998485206
2022-11-01,0.07711415689243226
2022-11-02,0.07538438441042367
2022-11-03,0.07578142682387286
2022-11-04,0.07779237977379942
2022-11-05,0.07649258200022796
2022-11-06,0.07513132957719083
2022-11-07,0.07613480010033519
2022-11-08,0.07188479886140832
2022-11-09,0.06927681013538439
2022-11-10,0.0738887521660179
2022-11-11,0.07556645125790598
2022-11-12,0.07472197429121087
2022-11-13,0.07471362599417193
2022-11-14,0.07471352531662975
2022-11-15,0.07413472758921365
2022-11-16,0.07292402017961153
2022-11-17,0.07195849161675742
2022-11-18,0.07260249481183288
2022-11-19,0.07290927446310981
2022-11-20,0.07012511991366456
2022-11-21,0.07020542702143778
2022-11-22,0.07011671535675139
2022-11-23,0.07123113921249495
2022-11-24,0.07250960302704727
2022-11-25,0.07256611690514321
2022-11-26,0.07324327924844883
2022-11-27,0.07267583244859732
2022-11-28,0.0721503934173396
2022-11-29,0.07399833054843975
2022-11-30,0.07546865404913095
2022-12-01,0.07522036515450597
2022-12-02,0.07574048128361804
2022-12-03,0.07353427138932499
2022-12-04,0.07473556601221164
2022-12-05,0.07420852178737564
2022-12-06,0.07441139400943515
2022-12-07,0.0731498227327523
2022-12-08,0.07433882963513846
2022-12-09,0.07379172055866653
2022-12-10,0.07393335955558024
2022-12-11,0.07389232007136408
2022-12-12,0.07407803146669306
2022-12-13,0.07426610151432854
2022-12-14,0.07349317631651332
2022-12-15,0.07292621421150444
2022-12-16,0.07017633253757372
2022-12-17,0.0707438548417989
2022-12-18,0.07069560012466078
2022-12-19,0.07102388157654
2022-12-20,0.07202659811174363
2022-12-21,0.07216277321917297
2022-12-22,0.07238011821794599
2022-12-23,0.07264171155017883
2022-12-24,0.07248137792136865
2022-12-25,0.07237638200057357
2022-12-26,0.07251705252489339
2022-12-27,0.07254764701532025
2022-12-28,0.07189130878803887
2022-12-29,0.07220109715206612
2022-12-30,0.07223168683483512
2022-12-31,0.07232340370132471
2023-01-01,0.07223813889054341
2023-01-02,0.07278417764088395
2023-01-03,0.07282908827509603
2023-01-04,0.07451277093826275
2023-01-05,0.07426846713421602
2023-01-06,0.07488092073791208
2023-01-07,0.07456588382674807
2023-01-08,0.07532318825789945
2023-01-09,0.07684905287396322
2023-01-10,0.0766114647945223
2023-01-11,0.0773872734903705
2023-01-12,0.07514411468768621
2023-01-13,0.07291039236775805
2023-01-14,0.07392662174990096
2023-01-15,0.07434962162924615
2023-01-16,0.07448563279579794
2023-01-17,0.0740894843123454
2023-01-18,0.07325259712955844
2023-01-19,0.07362696266120362
2023-01-20,0.07319252488825746
2023-01-21,0.07143493511999166
2023-01-22,0.07167043415746764
2023-01-23,0.07099592107391069
2023-01-24,0.06876533019519111
2023-01-25,0.06971714090938891
2023-01-26,0.06960107038356174
2023-01-27,0.06924803041288105
2023-01-28,0.0682744528922267
2023-01-29,0.06924019607843138
2023-01-30,0.06862158591076856
2023-01-31,0.06856458717685605
2023-02-01,0.06920454704496826
2023-02-02,0.07000897246687733
2023-02-03,0.07099333561162857
2023-02-04,0.07144994381338678
2023-02-05,0.0710781326454585
2023-02-06,0.07101227167597915
2023-02-07,0.07186995464061614
2023-02-08,0.07195989909554489
2023-02-09,0.0708756342564926
2023-02-10,0.06996703593896335
2023-02-11,0.07040992908662777
2023-02-12,0.06953458634080226
2023-02-13,0.06911036658717357
2023-02-14,0.07006384980045798
2023-02-15,0.06885621461856244
2023-02-16,0.06942533450613833
2023-02-17,0.06899010068544144
2023-02-18,0.06865794473259823
2023-02-19,0.0691162800434466
2023-02-20,0.06857565716296779
2023-02-21,0.06785121912289203
2023-02-22,0.06793345339018633
2023-02-23,0.06894558476569343
2023-02-24,0.06933202720181898
2023-02-25,0.06881937906041165
2023-02-26,0.06964060578242794
2023-02-27,0.06947818612371105
2023-02-28,0.06937705170129044
2023-03-01,0.07034572319694485
2023-03-02,0.07017195228496105
2023-03-03,0.07016903271284503
2023-03-04,0.07009794852124283
2023-03-05,0.06973179989906836
2023-03-06,0.06988032125639453
2023-03-07,0.07029474825434347
2023-03-08,0.07063645825586166
2023-03-09,0.07065065308237675
2023-03-10,0.07079510561714743
2023-03-11,0.07185862863285672
2023-03-12,0.071751336057234
2023-03-13,0.06944133295967266
2023-03-14,0.06883948803432363
2023-03-15,0.06794318985982284
2023-03-16,0.06694725485124067
2023-03-17,0.06536208077571395
2023-03-18,0.06532921378507127
2023-03-19,0.0636826272401918
2023-03-20,0.06249528287785775
2023-03-21,0.0641245214029263
2023-03-22,0.06363530232434388
2023-03-23,0.0641069705757099
2023-03-24,0.06372628042983791
2023-03-25,0.06342183491993132
2023-03-26,0.06342987143671741
2023-03-27,0.06320810067314002
2023-03-28,0.06501309729198956
2023-03-29,0.06324869171323765
2023-03-30,0.0639496739887122
2023-03-31,0.06397889967508366
2023-04-01,0.06384352367759831
2023-04-02,0.06367915454071832
2023-04-03,0.06514151645211863
2023-04-04,0.06642286137724272
2023-04-05,0.06775197218739586
2023-04-06,0.06678481014862173
2023-04-07,0.06680675725484052
2023-04-08,0.06617689066759586
2023-04-09,0.06562610682974182
2023-04-10,0.06445245939258583
2023-04-11,0.06258263702048081
2023-04-12,0.06372735552884919
2023-04-13,0.06620712020093134
2023-04-14,0.06893840561000746
2023-04-15,0.06901618043338077
2023-04-16,0.06993174998592272
2023-04-17,0.07051247248664969
2023-04-18,0.06923377588669215
2023-04-19,0.06718332449923468
2023-04-20,0.06879198691517725
2023-04-21,0.0678229266926626
2023-04-22,0.06737588344370675
2023-04-23,0.06748708075132998
2023-04-24,0.06694767282618984
2023-04-25,0.06594532269315397
2023-04-26,0.06567159812493081
2023-04-27,0.064762168833946
2023-04-28,0.06450224730522412
2023-04-29,0.06526549248739218
2023-04-30,0.06412712139076711
2023-05-01,0.06521369012040215
2023-05-02,0.06522853109431857
2023-05-03,0.06566336592996001
2023-05-04,0.06509022867119818
2023-05-05,0.067550447687266
2023-05-06,0.06574110302965025
2023-05-07,0.06582596486541342
2023-05-08,0.06676624785922856
2023-05-09,0.06683604473828766
2023-05-10,0.06670109962008407
2023-05-11,0.06653474446348645
2023-05-12,0.06745086491663785
2023-05-13,0.06705905126850666
2023-05-14,0.06685697277736129
2023-05-15,0.06683964338277623
2023-05-16,0.0674684708943625
2023-05-17,0.06649413249196065
2023-05-18,0.06714797565396823
2023-05-19,0.06740724389453437
2023-05-20,0.06710305242172478
2023-05-21,0.06744946911434031
2023-05-22,0.06768895076278814
2023-05-23,0.06811133620171408
2023-05-24,0.06835437218594353
2023-05-25,0.06821044015934707
2023-05-26,0.06844080167382575
2023-05-27,0.06815148851856313
2023-05-28,0.06803881782224308
2023-05-29,0.06822914969161038
2023-05-30,0.06862329867805804
2023-05-31,0.06885209502553194
2023-06-01,0.06943338234842183
2023-06-02,0.06999212108267111
2023-06-03,0.06989486484583622
2023-06-04,0.06971160147935587
2023-06-05,0.0703346855791532
2023-06-06,0.06918425316556263
2023-06-07,0.0695512082265222
2023-06-08,0.06965017277587941
2023-06-09,0.06949392596315432
2023-06-10,0.06778726087171683
2023-06-11,0.06759460020904476
2023-06-12,0.06727260637094634
2023-06-13,0.06709579123867432
2023-06-14,0.06569315765424212
2023-06-15,0.0651194120952288
2023-06-16,0.06520449123312523
2023-06-17,0.06515126644882008
2023-06-18,0.06533124264274602
2023-06-19,0.06471481612924086
2023-06-20,0.0632643451238631
2023-06-21,0.06297627155785855
2023-06-22,0.06261451533938296
2023-06-23,0.061665846381540435
2023-06-24,0.061412105269685976
2023-06-25,0.06235202706105783
2023-06-26,0.06142594638985074
2023-06-27,0.061577596016888635
2023-06-28,0.06075770256316509
2023-06-29,0.06083776996693615
2023-06-30,0.06343055364102568
2023-07-01,0.06291471077989443
2023-07-02,0.0632720334645717
2023-07-03,0.06276035370146006
2023-07-04,0.06292351176110961
2023-07-05,0.06261314865092436
2023-07-06,0.06180800395413718
2023-07-07,0.06165006140877129
2023-07-08,0.06158412230320982
2023-07-09,0.06174788019838847
2023-07-10,0.06183097561816695
2023-07-11,0.061341532110718466
2023-07-12,0.06159961654245169
2023-07-13,0.06374724748858833
2023-07-14,0.06393296879675112
2023-07-15,0.06375359387673095
2023-07-16,0.06359461266839003
2023-07-17,0.06341316187329908
2023-07-18,0.06355719092457689
2023-07-19,0.06314811608881185
2023-07-20,0.06347234574568794
2023-07-21,0.06326176950890394
2023-07-22,0.06264022270181065
2023-07-23,0.06279609757243974
2023-07-24,0.0634063611865143
2023-07-25,0.06356167634651357
2023-07-26,0.06377658511328135
2023-07-27,0.06368754769447427
2023-07-28,0.06394246520023976
2023-07-29,0.0640758287248893
2023-07-30,0.06359091972904321
2023-07-31,0.0635017202869713
2023-08-01,0.06307484134336143
2023-08-02,0.06308631686348802
2023-08-03,0.06289306076434768
2023-08-04,0.06286397193055054
2023-08-05,0.06318366137579375
2023-08-06,0.06292511296667054
2023-08-07,0.06260804138106628
2023-08-08,0.062347612509032195
2023-08-09,0.06272678906556348
2023-08-10,0.06288749877139897
2023-08-11,0.0628322439164396
2023-08-12,0.06285328060456116
2023-08-13,0.06281069388932806
2023-08-14,0.06270939840233755
2023-08-15,0.06262978970243353
2023-08-16,0.06291104948374349
2023-08-17,0.06319001904447985
2023-08-18,0.06376097264431309
2023-08-19,0.06397374326382615
2023-08-20,0.06433290623426671
2023-08-21,0.06382101011097853
2023-08-22,0.06276560209744626
2023-08-23,0.06353273479642356
2023-08-24,0.06344778346765449
2023-08-25,0.06345808233492592
2023-08-26,0.06329888735134515
2023-08-27,0.0635313354853146
2023-08-28,0.06329762805834263
2023-08-29,0.06238328047378125
2023-08-30,0.06246457817575593
2023-08-31,0.0634610761205503
2023-09-01,0.06311804166716187
2023-09-02,0.06328184781603381
2023-09-03,0.06300134743056363
2023-09-04,0.0631345501502464
2023-09-05,0.06336813453934212
2023-09-06,0.06338047376023812
2023-09-07,0.06278910072809933
2023-09-08,0.06315755620888448
2023-09-09,0.06314421928973275
2023-09-10,0.0625896050234007
2023-09-11,0.06166430921817342
2023-09-12,0.06164240520971564
2023-09-13,0.06130732989190032
2023-09-14,0.06130348005672227
2023-09-15,0.0616956405445207
2023-09-16,0.06154789104724266
2023-09-17,0.06116248061168728
2023-09-18,0.06119944059040784
2023-09-19,0.06039975008778294
2023-09-20,0.05981461586681091
2023-09-21,0.05963297588524805
2023-09-22,0.05994334780026276
2023-09-23,0.05996592662989005
2023-09-24,0.06020732982754857
2023-09-25,0.06039599428050367
2023-09-26,0.060777436089907405
2023-09-27,0.06061960226912681
2023-09-28,0.061169062529092814
2023-09-29,0.061978342672921974
2023-09-30,0.061968520825491924
2023-10-01,0.06195775851359048
2023-10-02,0.06042790113085054
2023-10-03,0.06039689998304632
2023-10-04,0.05927604404884605
2023-10-05,0.058778873889030143
2023-10-06,0.058892018384952664
2023-10-07,0.05844043727233837
2023-10-08,0.0584765824316779
2023-10-09,0.05727324165538058
2023-10-10,0.0572345622588722
2023-10-11,0.058282889591936705
2023-10-12,0.05754098001960804
2023-10-13,0.05777930944449486
2023-10-14,0.05789865975859862
2023-10-15,0.05736707541388299
2023-10-16,0.0561207652708707
2023-10-17,0.05509056360624195
2023-10-18,0.055200897007751805
2023-10-19,0.05457756212859687
2023-10-20,0.05406022354084541
2023-10-21,0.05445825257714225
2023-10-22,0.05545894753978267
2023-10-23,0.05335701459467424
2023-10-24,0.05263590285789806
2023-10-25,0.05180439067933985
2023-10-26,0.05281663714581555
2023-10-27,0.05249353423126541
2023-10-28,0.052116173486418074
2023-10-29,0.051986827334005066
2023-10-30,0.05246274315448274
2023-10-31,0.052396170706050016
2023-11-01,0.05212282324601681
2023-11-02,0.05153725141684155
2023-11-03,0.052769148257178926
2023-11-04,0.05295274688059581
2023-11-05,0.05404258336597889
2023-11-06,0.05422317208846313
2023-11-07,0.05327128918200943
2023-11-08,0.05298857640288391
2023-11-09,0.05779178075337683
2023-11-10,0.05569736655047917
2023-11-11,0.05527252572512125
2023-11-12,0.05519399624096968
2023-11-13,0.05630500701848971
2023-11-14,0.05568891399370122
2023-11-15,0.05439220668694764
2023-11-16,0.054235765217698524
2023-11-17,0.053591762124962014
2023-11-18,0.05366262956521182
2023-11-19,0.053848366218588815
2023-11-20,0.053959533962588055
2023-11-21,0.05408714228514312
2023-11-22,0.0551508482126971
2023-11-23,0.05530253815598614
2023-11-24,0.055173292208932696
2023-11-25,0.05514788219362609
2023-11-26,0.055051614675045636
2023-11-27,0.05442122234749949
2023-11-28,0.05417074567067138
2023-11-29,0.0536188601797772
2023-11-30,0.05442605922255852
2023-12-01,0.05394694562574715
2023-12-02,0.05486082394504381
2023-12-03,0.05487193496525662
2023-12-04,0.05343522158239977
2023-12-05,0.05203738779222671
2023-12-06,0.051013547752540606
2023-12-07,0.05445679171972879
2023-12-08,0.05340533004913038
2023-12-09,0.05354196884146762
2023-12-10,0.053734097960107974
2023-12-11,0.053937249471298784
2023-12-12,0.053124879550085345
2023-12-13,0.05270714765806651
2023-12-14,0.053843914416535764
2023-12-15,0.052929888416434555
2023-12-16,0.05272065188140347
2023-12-17,0.05310042402019991
2023-12-18,0.05201992810237448
2023-12-19,0.05152224718851926
2023-12-20,0.050442104976332836
2023-12-21,0.051050507265792106
2023-12-22,0.052878086872571964
2023-12-23,0.052790821073929906
2023-12-24,0.05267077288254784
2023-12-25,0.05210727168488855
2023-12-26,0.05247987340268546
2023-12-27,0.05475560859358077
2023-12-28,0.055071176729271525
2023-12-29,0.054649010336121344
2023-12-30,0.0543698730755371
2023-12-31,0.05397991411741046
2024-01-01,0.05325945156014896
2024-01-02,0.052400864435879345
2024-01-03,0.051595241164456664
2024-01-04,0.051359033462245116
2024-01-05,0.051370220984217715
2024-01-06,0.050958530610410904
2024-01-07,0.05058509948901425
2024-01-08,0.04967016575977826
2024-01-09,0.05082013103708157
2024-01-10,0.0553769375835605
2024-01-11,0.05649555809521499
2024-01-12,0.05890953515779856
2024-01-13,0.060141330412622575
2024-01-14,0.05914980544110686
2024-01-15,0.05907427586569371
2024-01-16,0.05996279553527415
2024-01-17,0.05915331047852797
2024-01-18,0.0597890382328575
2024-01-19,0.05981724817144458
2024-01-20,0.059271676030972054
2024-01-21,0.05906527164448936
2024-01-22,0.05849102535860103
2024-01-23,0.05623428441126337
2024-01-24,0.05573165734072365
2024-01-25,0.05553465304647192
2024-01-26,0.05421734452461481
2024-01-27,0.053843377060029486
2024-01-28,0.05369755816127553
2024-01-29,0.05352640538880403
2024-01-30,0.054583264822749784
2024-01-31,0.05360274244535919
2024-02-01,0.05348307234399266
2024-02-02,0.05344430142968528
2024-02-03,0.0534058657101716
2024-02-04,0.05376593591628669
2024-02-05,0.05389031175796903
2024-02-06,0.055059068598207236
2024-02-07,0.054689583018413084
2024-02-08,0.05341772230213135
2024-02-09,0.05276062345630784
2024-02-10,0.05235841305825194
2024-02-11,0.05192311293242396
2024-02-12,0.05320677609142952
2024-02-13,0.053117322512489136
2024-02-14,0.05359983550948119
2024-02-15,0.05437923568038254
2024-02-16,0.053751543097542334
2024-02-17,0.053939430891020206
2024-02-18,0.05523517593603776
2024-02-19,0.05684865467900362
2024-02-20,0.05763624111388571
2024-02-21,0.05729943040488048
2024-02-22,0.05790875952950772
2024-02-23,0.057590103438114805
2024-02-24,0.0580244729250469
2024-02-25,0.06016822779781706
2024-02-26,0.05830619187138888
2024-02-27,0.05683626514017007
2024-02-28,0.05416711116385707
2024-02-29,0.0546079736775622
2024-03-01,0.0550131188675343
2024-03-02,0.05516779315099126
2024-03-03,0.05526577395729488
2024-03-04,0.053130569859710854
2024-03-05,0.05571940093822933
2024-03-06,0.05777357318075827
2024-03-07,0.05789046866722808
2024-03-08,0.05698470999765282
2024-03-09,0.057160332906889336
2024-03-10,0.05623304805698275
2024-03-11,0.05638137588199994
2024-03-12,0.05568272824345969
2024-03-13,0.0548202676561741
2024-03-14,0.05438831430048965
2024-03-15,0.05381869068268195
2024-03-16,0.05393636663482983
2024-03-17,0.05325895305003427
2024-03-18,0.052080804530766044
2024-03-19,0.05100107762496001
2024-03-20,0.051733222036247764
2024-03-21,0.053335120503673075
2024-03-22,0.05226956275792974
2024-03-23,0.0520836598084235
2024-03-24,0.05138215253148569
2024-03-25,0.0513285411907542
2024-03-26,0.051258977145916984
2024-03-27,0.050393750075925586
2024-03-28,0.050339901123688816
2024-03-29,0.050245586658234115
2024-03-30,0.05036871260277664
2024-03-31,0.05113794857287612
2024-04-01,0.05028582486865149
2024-04-02,0.05007465565067139
2024-04-03,0.0501879526647425
2024-04-04,0.04860745481992973
2024-04-05,0.048923948759549744
2024-04-06,0.048684662578461095
2024-04-07,0.04978903450810489
2024-04-08,0.05158763922465872
2024-04-09,0.05069732767225994
2024-04-10,0.05020319238019893
2024-04-11,0.05003164879672266
2024-04-12,0.048262416244442115
2024-04-13,0.04708290588670288
2024-04-14,0.04802255929813061
2024-04-15,0.04890092433320954
2024-04-16,0.04834399134246993
2024-04-17,0.04870901921375717
2024-04-18,0.04827420320045217
2024-04-19,0.04791835026579248
2024-04-20,0.048583034624896104
2024-04-21,0.04847452993976796
2024-04-22,0.04790190375516804
2024-04-23,0.04848733360697618
2024-04-24,0.04884811265176799
2024-04-25,0.04895201549106981
2024-04-26,0.04909652684010072
2024-04-27,0.0512805468639323
2024-04-28,0.05169715817064159
2024-04-29,0.05036611043149292
2024-04-30,0.049677491386188335
2024-05-01,0.050979916753319095
2024-05-02,0.05054118604754262
2024-05-03,0.04934886450128132
2024-05-04,0.04879487490903306
2024-05-05,0.04899568203211695
2024-05-06,0.048490092494745805
2024-05-07,0.04823271041408001
2024-05-08,0.048598746063693486
2024-05-09,0.04815261520656672
2024-05-10,0.047864094830087175
2024-05-11,0.04789314562117407
2024-05-12,0.047661162291351054
2024-05-13,0.046888579766799145
2024-05-14,0.046807918907766796
2024-05-15,0.045830263683916475
2024-05-16,0.04514885292993083
2024-05-17,0.04614514735559222
2024-05-18,0.04665239668373048
2024-05-19,0.046347596477263095
2024-05-20,0.05127988821446133
2024-05-21,0.054027661143287935
2024-05-22,0.05406671696999173
2024-05-23,0.05560064141578639
2024-05-24,0.05438708003713457
2024-05-25,0.054128136927180916
2024-05-26,0.05583776855930847
2024-05-27,0.05608519073959221
2024-05-28,0.05622941383788176
2024-05-29,0.05568663341000389
2024-05-30,0.05480655361005193
2024-05-31,0.05571118435666759
2024-06-01,0.056319176666488203
2024-06-02,0.05580526377086335
2024-06-03,0.05474022432352766
2024-06-04,0.054026308405462214
2024-06-05,0.0543627977806698
2024-06-06,0.05386883444995687
2024-06-07,0.05305007162130144
2024-06-08,0.05311173613106502
2024-06-09,0.05320905444936664
2024-06-10,0.05274920436159437
2024-06-11,0.05195640917793119
2024-06-12,0.05216230558387118
2024-06-13,0.05196926933150954
2024-06-14,0.05272253154654402
2024-06-15,0.05386758865324402
2024-06-16,0.05433096129591815
2024-06-17,0.05281039597178066
2024-06-18,0.05347929837141704
2024-06-19,0.054792659260139424
2024-06-20,0.05415948929317041
2024-06-21,0.05485622745888489
2024-06-22,0.05439180152061019
2024-06-23,0.05410839979068007
2024-06-24,0.055580625011259786
2024-06-25,0.05493162031850865
2024-06-26,0.05540875709410139
2024-06-27,0.0559177287065886
2024-06-28,0.05592885178722513
2024-06-29,0.055396829918248784
2024-06-30,0.05476998491116872
2024-07-01,0.054737202027307835
2024-07-02,0.0550767201753111
2024-07-03,0.05472331942876002
2024-07-04,0.05360907521939092
2024-07-05,0.05262043168526734
2024-07-06,0.05264479616575591
2024-07-07,0.052451815970095766
2024-07-08,0.053235635919251914
2024-07-09,0.052819751969682624
2024-07-10,0.05372505450687958
2024-07-11,0.05406461691036517
2024-07-12,0.054131047667957316
2024-07-13,0.0536399453815706
2024-07-14,0.05336727890795817
2024-07-15,0.0537928863783716
2024-07-16,0.052898068661801745
2024-07-17,0.05285115774181602
2024-07-18,0.05355699172168214
2024-07-19,0.05255174114932837
2024-07-20,0.05239881233419259
2024-07-21,0.05189098669280824
2024-07-22,0.0509048930332432
2024-07-23,0.0528153922409288
2024-07-24,0.05103610991304231
2024-07-25,0.048260278093018756
2024-07-26,0.048238137606491115
2024-07-27,0.047890401869470044
2024-07-28,0.04792942694028936
2024-07-29,0.04969385778519198
2024-07-30,0.0495259429731653
2024-07-31,0.050005155650937994
2024-08-01,0.04898541794170524
2024-08-02,0.04862020605565728
2024-08-03,0.04784741688352286
2024-08-04,0.04622399657855997
2024-08-05,0.0447701623875247
2024-08-06,0.04387889483878636
2024-08-07,0.04246224186361497
2024-08-08,0.04348317676612464
2024-08-09,0.04270029230732608
2024-08-10,0.04282530402263076
2024-08-11,0.04348219716916792
2024-08-12,0.04590100443205537
2024-08-13,0.044608005556053605
2024-08-14,0.045336033087222824
2024-08-15,0.04465050879227112
2024-08-16,0.04403134240341726
2024-08-17,0.04395749889814658
2024-08-18,0.044685020667056506
2024-08-19,0.044329354877808244
2024-08-20,0.0436025275901842
2024-08-21,0.04301409521284574
2024-08-22,0.043439355256288587
2024-08-23,0.043130896648648186
2024-08-24,0.04315103048590545
2024-08-25,0.04273288222567118
2024-08-26,0.04264173705411336
2024-08-27,0.04132026543849567
2024-08-28,0.04283444450532695
2024-08-29,0.04258074145252232
2024-08-30,0.042724025454016386
2024-08-31,0.04262164028469504
2024-09-01,0.04235292915148387
2024-09-02,0.042938263387563236
2024-09-03,0.04214801713223648
2024-09-04,0.042244471863011446
2024-09-05,0.04216020232891438
2024-09-06,0.041222017263055126
2024-09-07,0.04200443856892183
2024-09-08,0.04188963079085556
2024-09-09,0.04136270440071903
2024-09-10,0.04145072831339057
2024-09-11,0.040804187773827695
2024-09-12,0.04063139783804526
2024-09-13,0.0403096375055921
2024-09-14,0.04030648816367301
2024-09-15,0.039215714827316776
2024-09-16,0.039442941672178856
2024-09-17,0.03882879273936773
2024-09-18,0.03843862637921755
2024-09-19,0.03916006196208383
2024-09-20,0.04052779534686719
2024-09-21,0.04126293534586898
2024-09-22,0.0405799663619955
2024-09-23,0.04182148615731794
2024-09-24,0.04127952894861792
2024-09-25,0.04084986091559697
2024-09-26,0.040382920827280226
2024-09-27,0.040976948221780614
2024-09-28,0.040637951512867726
2024-09-29,0.04051701955966676
2024-09-30,0.041103478539079336
2024-10-01,0.04025380653377487
2024-10-02,0.03900912160571133
2024-10-03,0.03867370594713125
2024-10-04,0.03890594686705006
2024-10-05,0.038905360148177165
2024-10-06,0.0388411083326514
2024-10-07,0.03891270233298614
2024-10-08,0.03926868678714611
2024-10-09,0.039092130946008316
2024-10-10,0.039550023810338536
2024-10-11,0.03901849503029005
2024-10-12,0.03918981967698917
2024-10-13,0.039262100502226484
2024-10-14,0.03980399913460101
2024-10-15,0.038871999538063286
2024-10-16,0.03861850401898311
2024-10-17,0.03863916582697542
2024-10-18,0.03860857934332503
2024-10-19,0.03874416385823325
2024-10-20,0.039801394593068244
2024-10-21,0.0395694993439123
2024-10-22,0.038897607036902156
2024-10-23,0.03776932051018655
2024-10-24,0.03718396886280942
2024-10-25,0.036552308560532196
2024-10-26,0.037000888535292105
2024-10-27,0.036890425620618866
2024-10-28,0.036696186872589805
2024-10-29,0.036275297927434696
2024-10-30,0.03673471787396696
2024-10-31,0.035829845450548
2024-11-01,0.03615135649662527
2024-11-02,0.035951720662255285
2024-11-03,0.035734439495193865
2024-11-04,0.03534837145658698
2024-11-05,0.034928862689490366
2024-11-06,0.036015367413008446
2024-11-07,0.038147563582371105
2024-11-08,0.038699826088882415
2024-11-09,0.04078133275401811
2024-11-10,0.03965658303574826
2024-11-11,0.03804686034355048
2024-11-12,0.03690782032419688
2024-11-13,0.0352445262404016
2024-11-14,0.03505941164329868
2024-11-15,0.03407463006100743
2024-11-16,0.03459945490159371
2024-11-17,0.03423265034061377
2024-11-18,0.03542923448188863
2024-11-19,0.03369348458397437
2024-11-20,0.03256523770739902
2024-11-21,0.03412073788099477
2024-11-22,0.033653327698467635
2024-11-23,0.034734279223701314
2024-11-24,0.03431822064873026
2024-11-25,0.03666444394917083
2024-11-26,0.03616356743318673
2024-11-27,0.03811122132710651
2024-11-28,0.0374251869315971
2024-11-29,0.036870903080743
2024-11-30,0.03842137524595036
2024-12-01,0.038149394389395345
2024-12-02,0.03801373706793525
2024-12-03,0.03771489638050965
2024-12-04,0.038892256532239364
2024-12-05,0.0394540577437179
2024-12-06,0.0400898923685663
2024-12-07,0.040057636080692176
2024-12-08,0.03956797948945109
2024-12-09,0.03816675216904486
2024-12-10,0.03756728831694002
2024-12-11,0.03788383103806999
2024-12-12,0.03881432546505003
2024-12-13,0.038549516393010276
2024-12-14,0.03816012612768135
2024-12-15,0.03789060975564996
2024-12-16,0.03760720111342604
2024-12-17,0.036619032265353804
2024-12-18,0.03617288671963373
2024-12-19,0.0350589246381996
2024-12-20,0.03552268878110735
2024-12-21,0.03432483206794182
2024-12-22,0.03446230282470876
2024-12-23,0.036074780469443526
2024-12-24,0.03538901543401945
2024-12-25,0.03517888881746823
2024-12-26,0.034774339992265424
2024-12-27,0.035352009383144686
2024-12-28,0.0357057800671752
2024-12-29,0.035812095734592486
2024-12-30,0.036229234113974385
2024-12-31,0.03566905878264441
2025-01-01,0.03551697471042086
2025-01-02,0.03562291154632658
2025-01-03,0.03674553269928668
2025-01-04,0.037233787525239107
2025-01-05,0.03696389364458852
2025-01-06,0.03613519291871763
2025-01-07,0.03488942511453634
2025-01-08,0.03499795909702882
2025-01-09,0.034810662431025895
2025-01-10,0.03450306074946382
2025-01-11,0.03470800462703036
2025-01-12,0.034564558990352656
2025-01-13,0.033174091067079456
2025-01-14,0.03339427564335705
2025-01-15,0.03433217284675164
2025-01-16,0.03316407193455591
2025-01-17,0.03325712583166986
2025-01-18,0.03166220332285437
2025-01-19,0.031743760563608864
2025-01-20,0.03213235240060735
2025-01-21,0.031347369880682034
2025-01-22,0.03126028587099408
2025-01-23,0.03207684299846801
2025-01-24,0.03157385243186687
2025-01-25,0.03167913544808343
2025-01-26,0.031515928004711126
2025-01-27,0.03113911665553449
2025-01-28,0.03036649900617221
2025-01-29,0.030018347506266193
2025-01-30,0.03100941023647485
2025-01-31,0.03220804044570873
2025-02-01,0.030980085813705045
2025-02-02,0.029365574008838158
2025-02-03,0.028445881857740902
2025-02-04,0.02794523756478998
2025-02-05,0.028854382896206506
2025-02-06,0.027832168130520186
2025-02-07,0.02716498510447345
2025-02-08,0.027282767636505147
2025-02-09,0.02724060764351589
2025-02-10,0.027311509987927363
2025-02-11,0.027183831366719945
2025-02-12,0.02796013762441747
2025-02-13,0.027694012522785885
2025-02-14,0.02795734164437438
2025-02-15,0.027603505944820313
2025-02-16,0.027692384222321217
2025-02-17,0.028642610571683987
2025-02-18,0.027939622433838344
2025-02-19,0.02810321178350566
2025-02-20,0.027868165806025767
2025-02-21,0.02766856058604998
2025-02-22,0.02861972942301269
2025-02-23,0.029305031391548626
2025-02-24,0.027498048117826683
2025-02-25,0.02810119567485427
2025-02-26,0.027641196354087405
2025-02-27,0.02721805591718462
2025-02-28,0.026523948019143043
2025-03-01,0.02576536085128293
2025-03-02,0.02673462759088376
2025-03-03,0.024929497764515942
2025-03-04,0.02487916210941506
2025-03-05,0.024739452224931843
2025-03-06,0.024482375903606926
2025-03-07,0.024659000035305575
2025-03-08,0.025553022283344582
2025-03-09,0.025005994695807367
2025-03-10,0.02369927376340218
2025-03-11,0.023169125575845367
2025-03-12,0.022801348173492334
2025-03-13,0.02298070024655622
2025-03-14,0.022740120994097068
2025-03-15,0.022970396368794204
2025-03-16,0.02285592396548788
2025-03-17,0.022919859319467356
2025-03-18,0.023362892908252084
2025-03-19,0.02369198489099147
2025-03-20,0.023549553316543216
2025-03-21,0.02337900684264564
2025-03-22,0.023618980834920235
2025-03-23,0.023302698954421983
2025-03-24,0.02374291185399533
2025-03-25,0.023639235161585292
2025-03-26,0.023120470886236862
2025-03-27,0.02296884601559559
2025-03-28,0.022471039490505086
2025-03-29,0.02212316851345629
2025-03-30,0.02193756097101582
2025-03-31,0.022089690714624598
2025-04-01,0.022373018465821792
2025-04-02,0.021765142253331565
2025-04-03,0.021848079638159126
2025-04-04,0.021651393467223792
2025-04-05,0.02162717992482468
2025-04-06,0.020159028598643113
2025-04-07,0.019628123594044363
2025-04-08,0.019306613247108157
2025-04-09,0.02020055932816284
2025-04-10,0.019120841307610784
2025-04-11,0.01878967523475248
2025-04-12,0.01927053896535141
2025-04-13,0.019079718446514023
2025-04-14,0.01919474816673884
2025-04-15,0.018987111052192182
2025-04-16,0.018779396920512424
2025-04-17,0.018641078497377665
2025-04-18,0.018814796241395346
2025-04-19,0.018961416836354716
2025-04-20,0.018638417866175344
2025-04-21,0.018050208403630644
2025-04-22,0.018806679245088984
2025-04-23,0.01916885080367793
2025-04-24,0.018839260535679327
2025-04-25,0.018862173673960494
2025-04-26,0.019249236182631718
2025-04-27,0.01912290521239736
2025-04-28,0.01893951864644065
2025-04-29,0.019082353336836128
2025-04-30,0.019040723517349038
2025-05-01,0.019060804568027948
2025-05-02,0.019014617157949835
2025-05-03,0.019124052123772318
2025-05-04,0.01917590533649149
2025-05-05,0.019205645073847574
2025-05-06,0.01875042446090892
2025-05-07,0.018670136750504444
2025-05-08,0.02137236947637997
2025-05-09,0.022778361921141365
2025-05-10,0.02466583741445684
2025-05-11,0.024112242595350577
2025-05-12,0.024280964890124344
2025-05-13,0.025728467531530547
2025-05-14,0.025208402578426315
2025-05-15,0.02454928677038588
2025-05-16,0.02450782714228654
2025-05-17,0.02399194050570169
2025-05-18,0.023469491190112594
2025-05-19,0.023949041197503313
2025-05-20,0.023636552372736517
2025-05-21,0.023271260871838423
2025-05-22,0.023856709076701146
2025-05-23,0.023548268937564107
2025-05-24,0.023477308605587714
2025-05-25,0.02340307950830185
2025-05-26,0.023429548836777333
2025-05-27,0.024433034587279735
2025-05-28,0.024880843830338197
2025-05-29,0.024920588597445153
2025-05-30,0.02432671522227206
2025-05-31,0.02416985355626043
2025-06-01,0.02400582969872597
2025-06-02,0.02462277775293673
2025-06-03,0.024596600119329938
2025-06-04,0.024907797574672375
2025-06-05,0.023787969201310412
2025-06-06,0.02373011463733924
2025-06-07,0.023921700705683936
2025-06-08,0.023732871930003476
2025-06-09,0.024312425160145337
2025-06-10,0.0255177593930557
2025-06-11,0.025518588850053998
2025-06-12,0.02503369046234438
2025-06-13,0.024313908284340886
2025-06-14,0.024019970548428395
2025-06-15,0.02412873837242136
2025-06-16,0.023789158327532912
2025-06-17,0.0240031994123808
2025-06-18,0.02406770989058825
2025-06-19,0.02408817585748339
2025-06-20,0.02330184380550906
2025-06-21,0.022497105000340745
2025-06-22,0.022064325427726954
2025-06-23,0.022938776527670842
2025-06-24,0.02308448470849187
2025-06-25,0.02253429544351609
2025-06-26,0.022589255128231348
2025-06-27,0.02263425610434834
2025-06-28,0.022707179079026807
2025-06-29,0.023074657943180716
2025-06-30,0.02320862984850572
2025-07-01,0.022760944607217774
2025-07-02,0.02362071930852843
2025-07-03,0.023630233821431812
2025-07-04,0.02321963928207142
2025-07-05,0.02325836266928914
2025-07-06,0.023539209363235742
2025-07-07,0.023481225014663785
2025-07-08,0.024006418495823245
2025-07-09,0.024888739220111106
2025-07-10,0.025475613992168588
2025-07-11,0.025169859910551498
2025-07-12,0.025059870936830934
2025-07-13,0.024961851988832065
2025-07-14,0.02514274755386988
2025-07-15,0.02665957402351368
2025-07-16,0.02839438441707089
2025-07-17,0.02914568679555442
2025-07-18,0.030075587429316188
2025-07-19,0.030483927387719798
2025-07-20,0.03204983926871762
2025-07-21,0.032045181443430236
2025-07-22,0.03124407325983096
2025-07-23,0.03056464828607489
2025-07-24,0.03132608150204764
2025-07-25,0.031684778118629166
2025-07-26,0.03172089454227564
2025-07-27,0.0324428254477103
2025-07-28,0.032117384716502544
2025-07-29,0.03216914620576936
2025-07-30,0.032319131640392317
2025-07-31,0.03193473692469149
2025-08-01,0.030783297929378832
2025-08-02,0.03015048656762323
2025-08-03,0.03062029800623289
2025-08-04,0.03231880797539527
2025-08-05,0.03164406587084761
2025-08-06,0.03202629493946583
2025-08-07,0.03331429152418452
2025-08-08,0.03436363558912778
2025-08-09,0.036597304454398814
2025-08-10,0.03565781060049708
2025-08-11,0.0356010725360048
2025-08-12,0.03820266104854646
2025-08-13,0.03856104446783768
2025-08-14,0.03842668735353986
2025-08-15,0.0378198561601396
2025-08-16,0.03767239134555981
2025-08-17,0.03808560959723804
2025-08-18,0.03709607826349691
2025-08-19,0.03610229125149707
2025-08-20,0.037930520824709255
2025-08-21,0.03756668167283731
2025-08-22,0.04133806561187678
2025-08-23,0.041396473631956414
2025-08-24,0.04212686068458857
2025-08-25,0.03970954408287166
2025-08-26,0.04114774113707607
2025-08-27,0.0404901056964867
2025-08-28,0.040047852469867036
2025-08-29,0.040218791731713284
2025-08-30,0.04020063316764834
2025-08-31,0.0405594276188207
2025-09-01,0.03949150358593589
2025-09-02,0.0388969688081258
2025-09-03,0.03983406064694899
2025-09-04,0.03882409964959904
2025-09-05,0.038924089052246626
2025-09-06,0.03877753687939005
2025-09-07,0.03872843337991511
2025-09-08,0.03844041498924061
2025-09-09,0.03863552743748034
2025-09-10,0.03816534843071087
2025-09-11,0.03862287634769511
2025-09-12,0.04061310939867985
2025-09-13,0.040260105587883836
2025-09-14,0.03994187046190881
2025-09-15,0.03921196425999855
2025-09-16,0.03854366308797421
2025-09-17,0.039433263847006926
2025-09-18,0.03918412616028132
2025-09-19,0.038646046095892714
2025-09-20,0.03873305972943905
2025-09-21,0.03860445668390791
2025-09-22,0.03727656820430481
2025-09-23,0.03718718475063496
2025-09-24,0.0366497780411159
2025-09-25,0.035473261839954966
2025-09-26,0.03678592566089796
2025-09-27,0.036639195190012824
2025-09-28,0.03693702306166141
2025-09-29,0.03686475248764806
2025-09-30,0.03635016479351339
2025-10-01,0.036672158072959864
2025-10-02,0.03718824206404772
2025-10-03,0.03692646351630876
2025-10-04,0.03666882997334794
2025-10-05,0.036558139056814716
2025-10-06,0.03757656407773289
2025-10-07,0.03664965974360754
2025-10-08,0.03670425052897753
2025-10-09,0.03589928532065246
2025-10-10,0.03394453269961665
2025-10-11,0.033847876857390206
2025-10-12,0.03615903628678588
2025-10-13,0.036830294662757584
2025-10-14,0.03646977396316879
2025-10-15,0.035993370530622
2025-10-16,0.036000526761879294
2025-10-17,0.035997355365769736
2025-10-18,0.03629112997980232
2025-10-19,0.03666854019806405
2025-10-20,0.035996010316358094
2025-10-21,0.0357381571118042
2025-10-22,0.035362357870157866
2025-10-23,0.03503257878085091
2025-10-24,0.03543572375334058
2025-10-25,0.03541212653185157
2025-10-26,0.03632305788927234
2025-10-27,0.036103630629506916
2025-10-28,0.03525493702998308
2025-10-29,0.035467195683363456
2025-10-30,0.035126319509114476
2025-10-31,0.03511514258632612
2025-11-01,0.03519940614815497
2025-11-02,0.03534957057583912
2025-11-03,0.03380940250180322
2025-11-04,0.03241025197508964
2025-11-05,0.03296862656887365
2025-11-06,0.0326970944116657
2025-11-07,0.033232282675925665
2025-11-08,0.03324506834688462
2025-11-09,0.03421155111408333
2025-11-10,0.03366579844399481
2025-11-11,0.033158894757425776
2025-11-12,0.03357256763448667
2025-11-13,0.03242566095843528
2025-11-14,0.03287985529487623
2025-11-15,0.03314138743714275
2025-11-16,0.032840766285021916
2025-11-17,0.03284191069557422
2025-11-18,0.03359888975424662
2025-11-19,0.03305130932799733
2025-11-20,0.03268747007701317
2025-11-21,0.032502960077152976
2025-11-22,0.03269534628089182
2025-11-23,0.03227551147097738
2025-11-24,0.03345071443162323
2025-11-25,0.03386618102871957
2025-11-26,0.033449697622659626
2025-11-27,0.03302327712766832
2025-11-28,0.03335161610154476
2025-11-29,0.032929305659760814
2025-11-30,0.03310067266486622
2025-12-01,0.03243904107289232
2025-12-02,0.03281809557843416
2025-12-03,0.03412430974946538
2025-12-04,0.034016291836073
2025-12-05,0.033834978472915535
2025-12-06,0.034055414832100915
2025-12-07,0.03386184464430369
2025-12-08,0.03447915925052573
2025-12-09,0.0358296869983739
2025-12-10,0.036137317709852235
2025-12-11,0.03499092140397321
2025-12-12,0.034165929551253686
2025-12-13,0.03451539097448702
2025-12-14,0.034710388313463
2025-12-15,0.0342998218995
2025-12-16,0.03374369832257652
2025-12-17,0.0328683544385879
2025-12-18,0.03307964116849119
2025-12-19,0.03380086675516946
2025-12-20,0.03370441138652597
2025-12-21,0.03386994467533365
2025-12-22,0.0339707673146741
2025-12-23,0.03390045099683689
2025-12-24,0.03362087259150813
2025-12-25,0.03328466981197554
2025-12-26,0.03351314653083699
2025-12-27,0.033575465762159175
2025-12-28,0.03356907899564413
2025-12-29,0.03367685274243967
2025-12-30,0.033601857800521724
2025-12-31,0.033905580285203366
2026-01-01,0.03381412360202696
2026-01-02,0.03473715260879494
2026-01-03,0.03450118662181449
2026-01-04,0.03435718704167627
2026-01-05,0.03436347020841449
2026-01-06,0.03516463078075129
2026-01-07,0.034683073743921995
2026-01-08,0.03410392856370423
2026-01-09,0.03406188790262321
2026-01-10,0.0341023375617821
2026-01-11,0.03433857141566922
2026-01-12,0.03390968013149996
2026-01-13,0.034851378304309386
2026-01-14,0.03460998565804306
2026-01-15,0.034715437925450954
2026-01-16,0.03449859340413986
2026-01-17,0.03479355390177601
2026-01-18,0.03504221391420273
2026-01-19,0.0344300093020429
2026-01-20,0.03324171200984165
2026-01-21,0.033329630945160206
2026-01-22,0.03297062843403055
2026-01-23,0.032995849036214914
2026-01-24,0.033090746511494566
2026-01-25,0.03252662787679795
2026-01-26,0.03315454664701279
2026-01-27,0.03391833621522387
2026-01-28,0.033712192718313716
2026-01-29,0.03332757581082501
2026-01-30,0.03212193519542427
2026-01-31,0.031099682685045156
2026-02-01,0.029463867320414477
2026-02-02,0.02979277500203035
2026-02-03,0.029451994914004555
2026-02-04,0.02935514742810213
2026-02-05,0.029052985044546894
2026-02-06,0.029244922955036435
2026-02-07,0.030174507943760618
2026-02-08,0.029727048572446724
2026-02-09,0.029999204079790898
2026-02-10,0.029355737175217615
2026-02-11,0.028967969953721133
2026-02-12,0.029400278874417853
2026-02-13,0.029750094283920996
2026-02-14,0.02989939482138026
2026-02-15,0.028581113127163004
2026-02-16,0.029021297590628336
2026-02-17,0.029516518197160405
2026-02-18,0.029416103857703924
2026-02-19,0.029096073895612227
2026-02-20,0.028953902271004587
2026-02-21,0.029023939549188568
2026-02-22,0.028936203683154662
2026-02-23,0.02871551330153728
2026-02-24,0.0289164831447681
2026-02-25,0.030232845064477147
2026-02-26,0.03004713449303186
2026-02-27,0.02930645386742592
2026-02-28,0.02933092515628881
2026-03-01,0.02949684588240006
2026-03-02,0.029476464119912178
2026-03-03,0.029032991592373325
2026-03-05,0.02924402329493436
