Date,eth_z
2017-11-09,
2017-11-10,
2017-11-11,
2017-11-12,
2017-11-13,
2017-11-14,
2017-11-15,
2017-11-16,
2017-11-17,
2017-11-18,
2017-11-19,
2017-11-20,
2017-11-21,
2017-11-22,
2017-11-23,
2017-11-24,
2017-11-25,
2017-11-26,
2017-11-27,
2017-11-28,
2017-11-29,
2017-11-30,
2017-12-01,
2017-12-02,
2017-12-03,
2017-12-04,
2017-12-05,
2017-12-06,
2017-12-07,
2017-12-08,
2017-12-09,
2017-12-10,
2017-12-11,
2017-12-12,
2017-12-13,
2017-12-14,
2017-12-15,
2017-12-16,
2017-12-17,
2017-12-18,
2017-12-19,
2017-12-20,
2017-12-21,
2017-12-22,
2017-12-23,
2017-12-24,
2017-12-25,
2017-12-26,
2017-12-27,
2017-12-28,
2017-12-29,
2017-12-30,
2017-12-31,
2018-01-01,
2018-01-02,
2018-01-03,
2018-01-04,
2018-01-05,
2018-01-06,
2018-01-07,
2018-01-08,
2018-01-09,
2018-01-10,
2018-01-11,
2018-01-12,
2018-01-13,
2018-01-14,
2018-01-15,
2018-01-16,
2018-01-17,
2018-01-18,
2018-01-19,
2018-01-20,
2018-01-21,
2018-01-22,
2018-01-23,
2018-01-24,
2018-01-25,
2018-01-26,
2018-01-27,
2018-01-28,
2018-01-29,
2018-01-30,
2018-01-31,
2018-02-01,
2018-02-02,
2018-02-03,
2018-02-04,
2018-02-05,
2018-02-06,
2018-02-07,
2018-02-08,
2018-02-09,
2018-02-10,
2018-02-11,
2018-02-12,
2018-02-13,
2018-02-14,
2018-02-15,
2018-02-16,
2018-02-17,
2018-02-18,
2018-02-19,
2018-02-20,
2018-02-21,
2018-02-22,
2018-02-23,
2018-02-24,
2018-02-25,
2018-02-26,
2018-02-27,
2018-02-28,
2018-03-01,
2018-03-02,
2018-03-03,
2018-03-04,
2018-03-05,
2018-03-06,
2018-03-07,
2018-03-08,
2018-03-09,
2018-03-10,
2018-03-11,
2018-03-12,
2018-03-13,
2018-03-14,
2018-03-15,
2018-03-16,
2018-03-17,
2018-03-18,
2018-03-19,
2018-03-20,
2018-03-21,
2018-03-22,
2018-03-23,
2018-03-24,
2018-03-25,
2018-03-26,
2018-03-27,
2018-03-28,
2018-03-29,
2018-03-30,
2018-03-31,
2018-04-01,
2018-04-02,
2018-04-03,
2018-04-04,
2018-04-05,
2018-04-06,
2018-04-07,
2018-04-08,
2018-04-09,
2018-04-10,
2018-04-11,
2018-04-12,
2018-04-13,
2018-04-14,
2018-04-15,
2018-04-16,
2018-04-17,
2018-04-18,
2018-04-19,
2018-04-20,
2018-04-21,
2018-04-22,
2018-04-23,
2018-04-24,
2018-04-25,
2018-04-26,
2018-04-27,
2018-04-28,
2018-04-29,
2018-04-30,
2018-05-01,
2018-05-02,
2018-05-03,
2018-05-04,
2018-05-05,
2018-05-06,
2018-05-07,
2018-05-08,
2018-05-09,
2018-05-10,
2018-05-11,
2018-05-12,
2018-05-13,
2018-05-14,
2018-05-15,
2018-05-16,
2018-05-17,
2018-05-18,
2018-05-19,
2018-05-20,
2018-05-21,
2018-05-22,
2018-05-23,
2018-05-24,
2018-05-25,
2018-05-26,
2018-05-27,
2018-05-28,
2018-05-29,
2018-05-30,
2018-05-31,
2018-06-01,
2018-06-02,
2018-06-03,
2018-06-04,
2018-06-05,
2018-06-06,
2018-06-07,
2018-06-08,
2018-06-09,
2018-06-10,
2018-06-11,
2018-06-12,
2018-06-13,
2018-06-14,
2018-06-15,
2018-06-16,
2018-06-17,
2018-06-18,
2018-06-19,
2018-06-20,
2018-06-21,
2018-06-22,
2018-06-23,
2018-06-24,
2018-06-25,
2018-06-26,
2018-06-27,
2018-06-28,
2018-06-29,
2018-06-30,
2018-07-01,
2018-07-02,
2018-07-03,
2018-07-04,
2018-07-05,
2018-07-06,
2018-07-07,
2018-07-08,
2018-07-09,
2018-07-10,
2018-07-11,
2018-07-12,
2018-07-13,
2018-07-14,
2018-07-15,
2018-07-16,
2018-07-17,
2018-07-18,
2018-07-19,
2018-07-20,
2018-07-21,
2018-07-22,
2018-07-23,
2018-07-24,
2018-07-25,
2018-07-26,
2018-07-27,
2018-07-28,
2018-07-29,
2018-07-30,
2018-07-31,
2018-08-01,
2018-08-02,
2018-08-03,
2018-08-04,
2018-08-05,
2018-08-06,
2018-08-07,
2018-08-08,
2018-08-09,
2018-08-10,
2018-08-11,
2018-08-12,
2018-08-13,
2018-08-14,
2018-08-15,
2018-08-16,
2018-08-17,
2018-08-18,
2018-08-19,
2018-08-20,
2018-08-21,
2018-08-22,
2018-08-23,
2018-08-24,
2018-08-25,
2018-08-26,
2018-08-27,
2018-08-28,
2018-08-29,
2018-08-30,
2018-08-31,
2018-09-01,
2018-09-02,
2018-09-03,
2018-09-04,
2018-09-05,
2018-09-06,
2018-09-07,
2018-09-08,
2018-09-09,
2018-09-10,
2018-09-11,
2018-09-12,
2018-09-13,
2018-09-14,
2018-09-15,
2018-09-16,
2018-09-17,
2018-09-18,
2018-09-19,
2018-09-20,
2018-09-21,
2018-09-22,
2018-09-23,
2018-09-24,
2018-09-25,
2018-09-26,
2018-09-27,
2018-09-28,
2018-09-29,
2018-09-30,
2018-10-01,
2018-10-02,
2018-10-03,
2018-10-04,
2018-10-05,
2018-10-06,
2018-10-07,
2018-10-08,
2018-10-09,
2018-10-10,
2018-10-11,
2018-10-12,
2018-10-13,
2018-10-14,
2018-10-15,
2018-10-16,
2018-10-17,
2018-10-18,
2018-10-19,
2018-10-20,
2018-10-21,
2018-10-22,
2018-10-23,
2018-10-24,
2018-10-25,
2018-10-26,
2018-10-27,
2018-10-28,
2018-10-29,
2018-10-30,
2018-10-31,
2018-11-01,
2018-11-02,
2018-11-03,
2018-11-04,
2018-11-05,
2018-11-06,
2018-11-07,
2018-11-08,-1.3324216346991333
2018-11-09,-1.328073255108906
2018-11-10,-1.3119629608454009
2018-11-11,-1.3164946258780508
2018-11-12,-1.3083768734522532
2018-11-13,-1.3274591725110227
2018-11-14,-1.3646788771076213
2018-11-15,-1.3417410811031356
2018-11-16,-1.366061369838934
2018-11-17,-1.3665752155850432
2018-11-18,-1.3550517806052007
2018-11-19,-1.3910078835351591
2018-11-20,-1.4484192177996762
2018-11-21,-1.42382321503847
2018-11-22,-1.449892486111314
2018-11-23,-1.4734005922038362
2018-11-24,-1.4252182772682056
2018-11-25,-1.4278129731690226
2018-11-26,-1.4384511730258025
2018-11-27,-1.4266619585482287
2018-11-28,-1.4226607494030457
2018-11-29,-1.4760036066303062
2018-11-30,-1.4392577173612462
2018-12-01,-1.4356640311549034
2018-12-02,-1.4327588451429896
2018-12-03,-1.4348880621418945
2018-12-04,-1.4360886131594892
2018-12-05,-1.4571455258336252
2018-12-06,-1.5111217348956754
2018-12-07,-1.457665208808666
2018-12-08,-1.4916817367007682
2018-12-09,-1.4982625903577862
2018-12-10,-1.503962592271012
2018-12-11,-1.511362774178581
2018-12-12,-1.5069459107025063
2018-12-13,-1.495412975160457
2018-12-14,-1.4952232024163943
2018-12-15,-1.4870651662611294
2018-12-16,-1.4782544907962516
2018-12-17,-1.447259520481112
2018-12-18,-1.4194863886950544
2018-12-19,-1.4280016776242712
2018-12-20,-1.374858004596112
2018-12-21,-1.3690164285661484
2018-12-22,-1.3206235607972883
2018-12-23,-1.1587636149346467
2018-12-24,-1.0818345007345505
2018-12-25,-1.093035080810693
2018-12-26,-1.083211470574698
2018-12-27,-1.1789805051856246
2018-12-28,-1.0375802105333154
2018-12-29,-0.9891332108371614
2018-12-30,-0.9833805818328348
2018-12-31,-1.0034446074383834
2019-01-01,-0.9565100194856384
2019-01-02,-0.8377055374420445
2019-01-03,-0.853318327537039
2019-01-04,-0.7982457570463874
2019-01-05,-0.7781790429619311
2019-01-06,-0.8514697766332276
2019-01-07,-0.8903092727619335
2019-01-08,-0.901978175555997
2019-01-09,-0.8941111671648858
2019-01-10,-0.9921531835545732
2019-01-11,-1.0027025976893518
2019-01-12,-1.0054384765761435
2019-01-13,-1.0651822445723056
2019-01-14,-0.977541525876246
2019-01-15,-1.025028540895112
2019-01-16,-1.0115730101959908
2019-01-17,-1.0134354929822176
2019-01-18,-1.0323185085393634
2019-01-19,-1.0133663444144836
2019-01-20,-1.0175864678447206
2019-01-21,-1.0305071690886076
2019-01-22,-1.0174373477541168
2019-01-23,-1.0202560066028306
2019-01-24,-1.022655324450976
2019-01-25,-1.0293239660335478
2019-01-26,-1.0241988440833762
2019-01-27,-1.0502561223129712
2019-01-28,-1.0881544823895597
2019-01-29,-1.0886606960209395
2019-01-30,-1.057945350587768
2019-01-31,-1.068120211633713
2019-02-01,-1.071735872600301
2019-02-02,-1.0451005270242277
2019-02-03,-1.0574978950041622
2019-02-04,-1.0475168892135185
2019-02-05,-1.0520540674158114
2019-02-06,-1.0611767287828522
2019-02-07,-1.056818631975566
2019-02-08,-0.9691838893468281
2019-02-09,-0.9657983662778111
2019-02-10,-0.9007364974804207
2019-02-11,-0.9252310702006473
2019-02-12,-0.90704776857868
2019-02-13,-0.8942900408147116
2019-02-14,-0.8996837702248329
2019-02-15,-0.8878091814752873
2019-02-16,-0.8721686388346912
2019-02-17,-0.7482217780048926
2019-02-18,-0.6968069716375194
2019-02-19,-0.7169134234116867
2019-02-20,-0.6841163856842208
2019-02-21,-0.7016114666526799
2019-02-22,-0.6839234139936823
2019-02-23,-0.6234516047686673
2019-02-24,-0.7553071361844277
2019-02-25,-0.7328837362940493
2019-02-26,-0.7380585038883141
2019-02-27,-0.7582838997328654
2019-02-28,-0.7474216977258746
2019-03-01,-0.7493362086352555
2019-03-02,-0.7770786034583982
2019-03-03,-0.790824043011942
2019-03-04,-0.8073638383379567
2019-03-05,-0.7299261690919399
2019-03-06,-0.7162124206826486
2019-03-07,-0.7254674498347059
2019-03-08,-0.7550808478509241
2019-03-09,-0.7416269880911591
2019-03-10,-0.7478223356203243
2019-03-11,-0.7611355184962836
2019-03-12,-0.7502887235656736
2019-03-13,-0.7606385477678946
2019-03-14,-0.7582315405115884
2019-03-15,-0.7172112018713135
2019-03-16,-0.6911973864818814
2019-03-17,-0.7076784147613272
2019-03-18,-0.7151284618110131
2019-03-19,-0.7135309171907765
2019-03-20,-0.7146761106322425
2019-03-21,-0.7376729705098787
2019-03-22,-0.7240171777788388
2019-03-23,-0.711474171204509
2019-03-24,-0.7179674221891628
2019-03-25,-0.7132256234977352
2019-03-26,-0.7136818432208905
2019-03-27,-0.6832481825222819
2019-03-28,-0.6922918748928758
2019-03-29,-0.6621743722807969
2019-03-30,-0.6677115323853625
2019-03-31,-0.6712217426324577
2019-04-01,-0.6871060106672944
2019-04-02,-0.710829815744467
2019-04-03,-0.7673225231884169
2019-04-04,-0.7826679235915228
2019-04-05,-0.7387745794787787
2019-04-06,-0.7385497345040347
2019-04-07,-0.6939648612650277
2019-04-08,-0.6636263196293248
2019-04-09,-0.67275597407637
2019-04-10,-0.69701725544283
2019-04-11,-0.726255380612014
2019-04-12,-0.7385484879023746
2019-04-13,-0.7390584900447629
2019-04-14,-0.7243163746711409
2019-04-15,-0.7514400543903893
2019-04-16,-0.7402921789606671
2019-04-17,-0.7481163358024987
2019-04-18,-0.6898650441739511
2019-04-19,-0.6884416276810108
2019-04-20,-0.6948529301633102
2019-04-21,-0.7200985047020662
2019-04-22,-0.7244822145977212
2019-04-23,-0.7770381305973831
2019-04-24,-0.7952514801656321
2019-04-25,-0.8282465320384917
2019-04-26,-0.8251658177828043
2019-04-27,-0.7958662141770533
2019-04-28,-0.8081921684342246
2019-04-29,-0.8136664360166621
2019-04-30,-0.7695157408444931
2019-05-01,-0.7945449387208723
2019-05-02,-0.8074660695995295
2019-05-03,-0.8216341353982283
2019-05-04,-0.8720692874748344
2019-05-05,-0.8644153877529641
2019-05-06,-0.7582798349862031
2019-05-07,-0.8056174387034203
2019-05-08,-0.8329802613242354
2019-05-09,-0.8854913297830205
2019-05-10,-0.9065379556515681
2019-05-11,-0.9128451146805886
2019-05-12,-0.9151316152544612
2019-05-13,-1.0091272894568828
2019-05-14,-0.8916417723373323
2019-05-15,-0.7153453250663597
2019-05-16,-0.5134662009112059
2019-05-17,-0.5266758885039385
2019-05-18,-0.578578328196483
2019-05-19,-0.5985700926574449
2019-05-20,-0.6137109229118365
2019-05-21,-0.5805996758152918
2019-05-22,-0.5884326300834033
2019-05-23,-0.6254295925908723
2019-05-24,-0.6199722833319882
2019-05-25,-0.6143554099072686
2019-05-26,-0.640970353434989
2019-05-27,-0.6247997750360631
2019-05-28,-0.6091173760124569
2019-05-29,-0.6084785057104758
2019-05-30,-0.6284412869514017
2019-05-31,-0.5907789629334496
2019-06-01,-0.6056819989008663
2019-06-02,-0.6075532779681717
2019-06-03,-0.6135251455116495
2019-06-04,-0.5732902758116197
2019-06-05,-0.5516390856105383
2019-06-06,-0.5258309267254473
2019-06-07,-0.5715661881916974
2019-06-08,-0.5897289014295966
2019-06-09,-0.6283296669410425
2019-06-10,-0.5800862482017938
2019-06-11,-0.5721144994540367
2019-06-12,-0.4922224276715098
2019-06-13,-0.5564830430327897
2019-06-14,-0.6101865192208134
2019-06-15,-0.602583725103289
2019-06-16,-0.6391378661629755
2019-06-17,-0.6759833959843166
2019-06-18,-0.6941816372547326
2019-06-19,-0.7040209854749272
2019-06-20,-0.7475472539313472
2019-06-21,-0.7013244927682215
2019-06-22,-0.7140733285769549
2019-06-23,-0.7611575436064363
2019-06-24,-0.7748732477174624
2019-06-25,-0.8813115821100163
2019-06-26,-0.9798172513106239
2019-06-27,-0.9406983499732602
2019-06-28,-1.0539680336539938
2019-06-29,-0.8995917209616651
2019-06-30,-0.8898358953686126
2019-07-01,-0.8076488082353138
2019-07-02,-0.881077095682615
2019-07-03,-1.0450459617316568
2019-07-04,-1.0455727314227001
2019-07-05,-0.9624789906502398
2019-07-06,-1.0257283499905874
2019-07-07,-0.9219344776728262
2019-07-08,-1.055479892529341
2019-07-09,-1.1633524570153186
2019-07-10,-1.2483177110616475
2019-07-11,-1.280320562406813
2019-07-12,-1.3217527364329582
2019-07-13,-1.3022093504749366
2019-07-14,-1.4901546412943605
2019-07-15,-1.6439165960092355
2019-07-16,-1.6781018212823093
2019-07-17,-1.5968683710498932
2019-07-18,-1.6872039980559117
2019-07-19,-1.7293323366862798
2019-07-20,-1.7047282180842545
2019-07-21,-1.7174295500249532
2019-07-22,-1.7671419444320065
2019-07-23,-1.7116250250861356
2019-07-24,-1.6268341324237705
2019-07-25,-1.6296150260157956
2019-07-26,-1.6259071785905148
2019-07-27,-1.6901885892270967
2019-07-28,-1.6658887734383954
2019-07-29,-1.6624460973005841
2019-07-30,-1.715137567477922
2019-07-31,-1.7615758247260296
2019-08-01,-1.8886228938941092
2019-08-02,-1.9346762580443158
2019-08-03,-1.9749323489556818
2019-08-04,-2.040945482044823
2019-08-05,-2.1446948607196354
2019-08-06,-2.2011414370853504
2019-08-07,-2.3555298813651375
2019-08-08,-2.472950640861797
2019-08-09,-2.6315196050362326
2019-08-10,-2.5650728823112807
2019-08-11,-2.471085763532049
2019-08-12,-2.5150797803912823
2019-08-13,-2.3915688846151872
2019-08-14,-2.4945958432726885
2019-08-15,-2.536913804203711
2019-08-16,-2.604117960148375
2019-08-17,-2.5497662933877083
2019-08-18,-2.416615243336661
2019-08-19,-2.4498707295201854
2019-08-20,-2.503124054043676
2019-08-21,-2.455875021089514
2019-08-22,-2.35327435618832
2019-08-23,-2.3743517881545393
2019-08-24,-2.336614560693204
2019-08-25,-2.39842641032639
2019-08-26,-2.422124672786206
2019-08-27,-2.3685420840022444
2019-08-28,-2.465997655500747
2019-08-29,-2.4482433428947354
2019-08-30,-2.474607516551096
2019-08-31,-2.3940604806751677
2019-09-01,-2.438459290393188
2019-09-02,-2.4866238791592354
2019-09-03,-2.5301498385903654
2019-09-04,-2.5599424314326646
2019-09-05,-2.5560866826306397
2019-09-06,-2.5380709756092763
2019-09-07,-2.410962081097927
2019-09-08,-2.3083842225767244
2019-09-09,-2.256166187034004
2019-09-10,-2.18985374115289
2019-09-11,-2.2080859805969415
2019-09-12,-2.218341762312797
2019-09-13,-2.180597640130632
2019-09-14,-2.0404157292826244
2019-09-15,-1.9912234699216402
2019-09-16,-1.8278371298497587
2019-09-17,-1.606320262161682
2019-09-18,-1.5328449318560189
2019-09-19,-1.3791015560940505
2019-09-20,-1.394813151338173
2019-09-21,-1.3707029795453125
2019-09-22,-1.45008364256944
2019-09-23,-1.4855126436675887
2019-09-24,-1.6928798752154783
2019-09-25,-1.5716057055909438
2019-09-26,-1.4924017459218393
2019-09-27,-1.373483074609275
2019-09-28,-1.365470174719462
2019-09-29,-1.3800820235862257
2019-09-30,-1.2607647822935852
2019-10-01,-1.3276416258417656
2019-10-02,-1.272728601644041
2019-10-03,-1.3201685925144273
2019-10-04,-1.251382234133948
2019-10-05,-1.232918678954784
2019-10-06,-1.220752360221444
2019-10-07,-1.1611316363849438
2019-10-08,-1.1297021280641983
2019-10-09,-1.0608867382003564
2019-10-10,-1.0833647683631347
2019-10-11,-1.143051579776124
2019-10-12,-1.179069003117699
2019-10-13,-1.1402834387736116
2019-10-14,-1.0591848303872502
2019-10-15,-1.0902047643932398
2019-10-16,-1.1243423256087581
2019-10-17,-1.102028472897282
2019-10-18,-1.1286584116984528
2019-10-19,-1.144564757223199
2019-10-20,-1.1880683575731525
2019-10-21,-1.2033925967667545
2019-10-22,-1.1782616610513068
2019-10-23,-1.1245886729409926
2019-10-24,-1.113584356970181
2019-10-25,-1.2213468059152595
2019-10-26,-1.4649655202814267
2019-10-27,-1.4828122673770214
2019-10-28,-1.3998888997162824
2019-10-29,-1.3163239252998937
2019-10-30,-1.3295967220583935
2019-10-31,-1.332576280592836
2019-11-01,-1.3465034757851868
2019-11-02,-1.361482796222969
2019-11-03,-1.3487395073117894
2019-11-04,-1.3332762769321596
2019-11-05,-1.2498296160940812
2019-11-06,-1.2093729206490407
2019-11-07,-1.2324866620007153
2019-11-08,-1.1217607439364126
2019-11-09,-1.103848016610534
2019-11-10,-1.1090678089714692
2019-11-11,-1.0613983897417736
2019-11-12,-1.053229538163181
2019-11-13,-1.0185487529051662
2019-11-14,-1.0153314294576672
2019-11-15,-1.0263268207806506
2019-11-16,-0.9910234539054446
2019-11-17,-0.9634300711923891
2019-11-18,-0.9342577053340502
2019-11-19,-0.9465065043139363
2019-11-20,-0.8996325872565606
2019-11-21,-1.0180422246085987
2019-11-22,-1.0987331697067184
2019-11-23,-1.0704149893898445
2019-11-24,-1.1407646576616899
2019-11-25,-1.0980259495222784
2019-11-26,-1.070388384839754
2019-11-27,-1.1164581711631256
2019-11-28,-1.1088112730420536
2019-11-29,-1.1544804438150265
2019-11-30,-1.1264323011126087
2019-12-01,-1.0874290898498402
2019-12-02,-1.0832621408584144
2019-12-03,-1.1012139551473952
2019-12-04,-1.0924377810178538
2019-12-05,-1.1186589472767205
2019-12-06,-1.1564642716279587
2019-12-07,-1.1637378327864705
2019-12-08,-1.1103135158385793
2019-12-09,-1.1009045654456537
2019-12-10,-1.0857267018987449
2019-12-11,-1.1125539506770057
2019-12-12,-1.0762324558673133
2019-12-13,-1.0974607733172657
2019-12-14,-1.0753487214830535
2019-12-15,-1.0777711047844105
2019-12-16,-1.1871201267515559
2019-12-17,-1.3064474785041011
2019-12-18,-1.3262151021269981
2019-12-19,-1.3707353336680286
2019-12-20,-1.3744727468729125
2019-12-21,-1.3760373036382076
2019-12-22,-1.3976717093849724
2019-12-23,-1.4100489279050614
2019-12-24,-1.3805503760731705
2019-12-25,-1.4094238854022219
2019-12-26,-1.3899883761498069
2019-12-27,-1.3823744828159468
2019-12-28,-1.3618329348905132
2019-12-29,-1.2610292482202001
2019-12-30,-1.2498368488873284
2019-12-31,-1.2688820032380286
2020-01-01,-1.2400421324989757
2020-01-02,-1.224279133078808
2020-01-03,-1.21515956919119
2020-01-04,-1.217458576082905
2020-01-05,-1.188992228513709
2020-01-06,-1.155582612068631
2020-01-07,-1.304093641331775
2020-01-08,-1.3138689660662193
2020-01-09,-1.283787967300316
2020-01-10,-1.278728937632649
2020-01-11,-1.2479756862831017
2020-01-12,-1.2377197839274885
2020-01-13,-1.245881796784136
2020-01-14,-1.069427341324695
2020-01-15,-1.0519098653565178
2020-01-16,-1.051137542275111
2020-01-17,-1.001352636667718
2020-01-18,-0.920221735242117
2020-01-19,-0.9828615367677903
2020-01-20,-0.9579242097047891
2020-01-21,-0.9370232639123943
2020-01-22,-0.9344650552045094
2020-01-23,-0.9302228043240546
2020-01-24,-0.9368933482740545
2020-01-25,-0.9368235193701074
2020-01-26,-0.888066388849844
2020-01-27,-0.9409295712194783
2020-01-28,-0.9891757147803437
2020-01-29,-0.9927381688943797
2020-01-30,-0.8874855296690518
2020-01-31,-0.9070885092701099
2020-02-01,-0.8568439409022666
2020-02-02,-0.7525843910916242
2020-02-03,-0.7096196835703067
2020-02-04,-0.6764165373225133
2020-02-05,-0.5725237254446557
2020-02-06,-0.4770450686291849
2020-02-07,-0.3287442816074772
2020-02-08,-0.3436776137493107
2020-02-09,-0.3440735481028061
2020-02-10,-0.32680070615922174
2020-02-11,-0.2546325912438987
2020-02-12,0.16668153351307266
2020-02-13,0.258457665839291
2020-02-14,0.4746229796341395
2020-02-15,0.3503286847394547
2020-02-16,0.25586972294689975
2020-02-17,0.478303840003644
2020-02-18,0.536594131602188
2020-02-19,0.4058311507594138
2020-02-20,0.3933128153895499
2020-02-21,0.49600168528046956
2020-02-22,0.4577853798917991
2020-02-23,0.5400973164377794
2020-02-24,0.529292650465388
2020-02-25,0.37286332029003066
2020-02-26,0.21732449081161953
2020-02-27,0.2622350301620977
2020-02-28,0.3261796175850764
2020-02-29,0.23074030499499498
2020-03-01,0.23762955828527937
2020-03-02,0.31715398427969893
2020-03-03,0.242655778357
2020-03-04,0.26639596630317286
2020-03-05,0.20299679233567486
2020-03-06,0.4679020475313033
2020-03-07,0.4740919137351274
2020-03-08,0.12811795308320054
2020-03-09,0.26857172727672046
2020-03-10,0.25425845499289906
2020-03-11,0.12185320744427819
2020-03-12,-0.24814500169788994
2020-03-13,0.0054833517980624625
2020-03-14,-0.031949103915203954
2020-03-15,-0.11840545127314411
2020-03-16,-0.3331672321315054
2020-03-17,-0.37655477382195973
2020-03-18,-0.34935857300857104
2020-03-19,-0.31788455203747096
2020-03-20,-0.4387298804008718
2020-03-21,-0.4225444288692497
2020-03-22,-0.481037570024053
2020-03-23,-0.5013932133047845
2020-03-24,-0.5806033474521766
2020-03-25,-0.6198256585859069
2020-03-26,-0.5729322124045859
2020-03-27,-0.5484435477435333
2020-03-28,-0.48730621870178353
2020-03-29,-0.4377632893860595
2020-03-30,-0.543375285632913
2020-03-31,-0.5229990165537787
2020-04-01,-0.5643177811915757
2020-04-02,-0.4814947945185514
2020-04-03,-0.4360403773950816
2020-04-04,-0.42249354456458244
2020-04-05,-0.4198370740795527
2020-04-06,0.037973498779571103
2020-04-07,-0.009818303299779924
2020-04-08,0.11229216781142204
2020-04-09,0.0865890223482486
2020-04-10,0.022869053764488164
2020-04-11,0.027087553363840482
2020-04-12,0.04381673932025152
2020-04-13,-0.013891801089083743
2020-04-14,0.03691913777551983
2020-04-15,0.05310203408886687
2020-04-16,0.3121442223295884
2020-04-17,0.31913993322769935
2020-04-18,0.688372283899374
2020-04-19,0.5828020070915272
2020-04-20,0.5379621038860426
2020-04-21,0.5619743267547123
2020-04-22,0.6979953840940187
2020-04-23,0.5255294580492718
2020-04-24,0.5679037113713303
2020-04-25,0.755520126979588
2020-04-26,0.7286979926525896
2020-04-27,0.6393575572925818
2020-04-28,0.6720906161490541
2020-04-29,0.49367215580075907
2020-04-30,0.33465270085621907
2020-05-01,0.3856067291422754
2020-05-02,0.33884676492043025
2020-05-03,0.28153298884460654
2020-05-04,0.19915693256277253
2020-05-05,0.108175143896414
2020-05-06,-0.1234697761374569
2020-05-07,-0.28943962379088195
2020-05-08,-0.20911248489402043
2020-05-09,-0.10170174747636049
2020-05-10,-0.2280385920052335
2020-05-11,-0.20596549464105227
2020-05-12,-0.2315852201280104
2020-05-13,-0.23159960156338164
2020-05-14,-0.38798387932120465
2020-05-15,-0.3524343187895637
2020-05-16,-0.23654531208998797
2020-05-17,-0.2256742163784607
2020-05-18,-0.05333310407541774
2020-05-19,-0.0775951539155798
2020-05-20,-0.03812186443329318
2020-05-21,-0.04545176674516148
2020-05-22,0.11134062234391974
2020-05-23,0.14635916883831354
2020-05-24,0.2540942348136029
2020-05-25,0.27043134188201046
2020-05-26,0.22276290042191413
2020-05-27,0.2020361335923425
2020-05-28,0.3049137117025355
2020-05-29,0.4005253741181625
2020-05-30,0.8789532487755264
2020-05-31,0.7238556729146787
2020-06-01,0.6999133835598228
2020-06-02,0.8910258837736535
2020-06-03,1.0241730716127497
2020-06-04,0.9346440432363229
2020-06-05,0.9570200163321771
2020-06-06,1.0048549687600037
2020-06-07,1.0391536319382904
2020-06-08,1.0794023427310067
2020-06-09,1.0296757174859235
2020-06-10,1.0683234197091305
2020-06-11,1.0192009185477973
2020-06-12,1.1016271029536426
2020-06-13,1.1726435568646472
2020-06-14,1.0967394138248876
2020-06-15,0.9018385043891999
2020-06-16,1.0003577239397945
2020-06-17,1.0140070067876539
2020-06-18,1.0544821542976972
2020-06-19,0.9924362705931142
2020-06-20,1.0454329820608377
2020-06-21,1.0742691589488367
2020-06-22,1.274273192754504
2020-06-23,1.3632378948891675
2020-06-24,1.3546498130858733
2020-06-25,1.293691672003838
2020-06-26,1.268713359364615
2020-06-27,1.1167440746130313
2020-06-28,1.1211717769144178
2020-06-29,1.194725002739432
2020-06-30,1.180942808016476
2020-07-01,1.2905340218432986
2020-07-02,1.3282124738522043
2020-07-03,1.2023359253330217
2020-07-04,1.3109685972134333
2020-07-05,1.3150693076405096
2020-07-06,1.5698479803387704
2020-07-07,1.5986204330391067
2020-07-08,1.7142243868631812
2020-07-09,1.717818165706106
2020-07-10,1.628200296942744
2020-07-11,1.5996530251633305
2020-07-12,1.6616291088187223
2020-07-13,1.5856124836026633
2020-07-14,1.5997111913680502
2020-07-15,1.5703658478180706
2020-07-16,1.4337218451569178
2020-07-17,1.371786685831
2020-07-18,1.4629819553151044
2020-07-19,1.5448339258911137
2020-07-20,1.465976986090801
2020-07-21,1.5878185643711562
2020-07-22,2.06976803103471
2020-07-23,2.4522228778718076
2020-07-24,2.635282048538012
2020-07-25,3.327501165983705
2020-07-26,3.216634238397623
2020-07-27,2.503391311987122
2020-07-28,2.3981692556272165
2020-07-29,2.2577818535742806
2020-07-30,2.70457241125033
2020-07-31,2.7988457023564854
2020-08-01,3.46061028682055
2020-08-02,3.6318683878283777
2020-08-03,3.799903993751029
2020-08-04,3.8458563759535145
2020-08-05,3.587922985996125
2020-08-06,3.3324041811260896
2020-08-07,3.0469190196503457
2020-08-08,3.2284172650747323
2020-08-09,3.1715302213335796
2020-08-10,3.0757347010046208
2020-08-11,3.031946895177519
2020-08-12,3.097660340298541
2020-08-13,3.734262388921268
2020-08-14,3.855578733284155
2020-08-15,3.613493308041121
2020-08-16,3.5324793029462587
2020-08-17,3.1199166675389978
2020-08-18,3.1399650661127163
2020-08-19,2.9095510027193074
2020-08-20,2.9863047468601462
2020-08-21,2.592424889579624
2020-08-22,2.6370618296792228
2020-08-23,2.5285892922824793
2020-08-24,2.75694582470689
2020-08-25,2.522026438196816
2020-08-26,2.461531483451329
2020-08-27,2.4705604201951927
2020-08-28,2.558694843735713
2020-08-29,2.633207719252932
2020-08-30,3.0043052371574737
2020-08-31,3.1073727113970606
2020-09-01,3.6154172180315207
2020-09-02,3.2773483760976534
2020-09-03,3.0380851885791182
2020-09-04,2.850464539782601
2020-09-05,1.9934664782111995
2020-09-06,2.2711146820644075
2020-09-07,2.175991302588933
2020-09-08,2.0155035107855617
2020-09-09,2.1966446013707372
2020-09-10,2.4304782003491754
2020-09-11,2.5086453476235184
2020-09-12,2.693643315337538
2020-09-13,2.3299343450397134
2020-09-14,2.2898929032704824
2020-09-15,1.9644566016455267
2020-09-16,1.8573884161786924
2020-09-17,2.2749595176898803
2020-09-18,2.1722331837389155
2020-09-19,2.080549239176961
2020-09-20,1.9018854702851566
2020-09-21,1.6447123530014423
2020-09-22,1.6375179845330934
2020-09-23,1.3664950019740187
2020-09-24,1.5751845961806228
2020-09-25,1.65450833050612
2020-09-26,1.667741894577701
2020-09-27,1.6761499071897334
2020-09-28,1.6625517193324497
2020-09-29,1.653065385433592
2020-09-30,1.6795524752200226
2020-10-01,1.6461004121172491
2020-10-02,1.5370229791414132
2020-10-03,1.5474595731363436
2020-10-04,1.5740786871614965
2020-10-05,1.5169764822323417
2020-10-06,1.3858536559164416
2020-10-07,1.3587871695864515
2020-10-08,1.3686491651691892
2020-10-09,1.527625860469727
2020-10-10,1.4806320179768964
2020-10-11,1.4920049463677936
2020-10-12,1.5921762908206745
2020-10-13,1.5465969231375476
2020-10-14,1.5075099110585313
2020-10-15,1.431292551113256
2020-10-16,1.334310103889335
2020-10-17,1.349687665860423
2020-10-18,1.4245613669125319
2020-10-19,1.3118002977539636
2020-10-20,1.0562944184057816
2020-10-21,0.9797509966386425
2020-10-22,1.213160221641847
2020-10-23,1.166041568289676
2020-10-24,1.1199035737198575
2020-10-25,1.061261246073147
2020-10-26,0.8676517886618677
2020-10-27,0.7664591114965984
2020-10-28,0.7077522533711146
2020-10-29,0.6126177332495293
2020-10-30,0.5152368964576483
2020-10-31,0.4742461514493112
2020-11-01,0.6151460147370791
2020-11-02,0.5070294761454897
2020-11-03,0.4144346339760357
2020-11-04,0.5320905072885378
2020-11-05,0.18855958433202882
2020-11-06,0.6638096570683588
2020-11-07,0.6890338526998481
2020-11-08,0.6718575964953194
2020-11-09,0.6078453305110857
2020-11-10,0.6839391952573384
2020-11-11,0.6940221658570592
2020-11-12,0.4790405538595185
2020-11-13,0.6144995357635872
2020-11-14,0.5291757292278311
2020-11-15,0.4189589854483646
2020-11-16,0.3183924501884645
2020-11-17,0.2624769795540656
2020-11-18,0.20662219625906372
2020-11-19,0.12011321876423242
2020-11-20,0.28272074139788334
2020-11-21,0.6638609861930561
2020-11-22,0.8250595741956969
2020-11-23,1.322549592084927
2020-11-24,1.0368513429960997
2020-11-25,0.8233359444806062
2020-11-26,0.7792503543502451
2020-11-27,0.7744568679775181
2020-11-28,0.7938760073543389
2020-11-29,1.0263283870400712
2020-11-30,0.9574679674527442
2020-12-01,0.935294319646275
2020-12-02,0.9167522080421843
2020-12-03,1.012849385656695
2020-12-04,0.7750409261463252
2020-12-05,0.8989616052035818
2020-12-06,0.8880054692661641
2020-12-07,0.8324210880832282
2020-12-08,0.7255265320200102
2020-12-09,0.8364185479781686
2020-12-10,0.782519145307495
2020-12-11,0.7006015771125528
2020-12-12,0.6988790165850838
2020-12-13,0.7995986815918769
2020-12-14,0.7288967090789589
2020-12-15,0.7068498430612082
2020-12-16,0.6094417942612327
2020-12-17,0.29423521877142333
2020-12-18,0.3107821718577679
2020-12-19,0.17841865003737314
2020-12-20,0.0920896652933216
2020-12-21,0.0029678219026038895
2020-12-22,-0.011260691947284683
2020-12-23,-0.3184498434109515
2020-12-24,-0.198529630159622
2020-12-25,-0.2753658617724723
2020-12-26,-0.5420038989126473
2020-12-27,-0.1711758631187559
2020-12-28,0.01648671046552908
2020-12-29,-0.03389992707964484
2020-12-30,-0.17172581492353678
2020-12-31,-0.299747333314964
2021-01-01,-0.41938367586420355
2021-01-02,-0.5755114026200479
2021-01-03,0.5513820861641128
2021-01-04,1.104784176119752
2021-01-05,1.0644382024327026
2021-01-06,1.144621775131956
2021-01-07,0.8064328481703795
2021-01-08,0.5732821119616882
2021-01-09,0.9409622712705272
2021-01-10,1.1589548031168218
2021-01-11,0.6896935129657682
2021-01-12,0.7080703207118391
2021-01-13,0.6087012167116053
2021-01-14,0.7697395063646864
2021-01-15,0.9179534683712275
2021-01-16,1.3898041743123979
2021-01-17,1.4404607557361484
2021-01-18,1.4239260802539624
2021-01-19,2.222105915026114
2021-01-20,2.3501432499725943
2021-01-21,1.8150409198423918
2021-01-22,2.0280439149151257
2021-01-23,2.205286735819815
2021-01-24,3.146125001516024
2021-01-25,2.667658465593687
2021-01-26,2.790881770349753
2021-01-27,2.665407836102553
2021-01-28,2.369615245292246
2021-01-29,2.4439183806127165
2021-01-30,2.397351983277003
2021-01-31,2.2896268254596275
2021-02-01,2.4890391319262797
2021-02-02,2.8243043667100656
2021-02-03,3.107720517703864
2021-02-04,2.8486486131997166
2021-02-05,3.162920109372453
2021-02-06,2.682725723537568
2021-02-07,2.4215613596846994
2021-02-08,1.7114359338540714
2021-02-09,1.742697137803772
2021-02-10,1.8781766178265873
2021-02-11,1.5669752679253528
2021-02-12,1.8476500689300885
2021-02-13,1.7792009791679566
2021-02-14,1.4983342180653394
2021-02-15,1.5014811833628234
2021-02-16,1.323777273388456
2021-02-17,1.1784935219556447
2021-02-18,1.5446541631527975
2021-02-19,1.0954590048528192
2021-02-20,0.9340890518241196
2021-02-21,0.82451501225347
2021-02-22,0.6814497015683476
2021-02-23,0.5485062693560133
2021-02-24,0.648352565892515
2021-02-25,0.391805815347163
2021-02-26,0.3654016402374988
2021-02-27,0.4366210720691396
2021-02-28,0.39046063288764965
2021-03-01,0.4159879965032552
2021-03-02,0.29024441071858226
2021-03-03,0.3478216464815763
2021-03-04,0.44943925499122217
2021-03-05,0.37069214452162474
2021-03-06,0.8237077308117151
2021-03-07,0.7868530624699213
2021-03-08,1.0495507288637091
2021-03-09,0.8540120658994488
2021-03-10,0.49391154562338674
2021-03-11,0.39357942914651367
2021-03-12,0.26484202211062324
2021-03-13,0.35654688765788
2021-03-14,0.324897355106514
2021-03-15,0.4637926722876554
2021-03-16,0.41603764237726276
2021-03-17,0.2575068516412832
2021-03-18,0.2239714420893598
2021-03-19,0.28295312612233503
2021-03-20,0.2661953105889566
2021-03-21,0.26256997275645294
2021-03-22,0.24528037134325648
2021-03-23,0.17498622234601544
2021-03-24,0.0809507900736178
2021-03-25,0.20200471612278384
2021-03-26,0.20284350944685953
2021-03-27,0.15669002470024535
2021-03-28,0.06821579799523697
2021-03-29,0.31075481188108633
2021-03-30,0.2719870747694052
2021-03-31,0.5062199508742662
2021-04-01,0.6775729775349144
2021-04-02,1.1880255816343608
2021-04-03,1.0109599266619977
2021-04-04,1.0866240010628079
2021-04-05,1.095418750714699
2021-04-06,1.2297291095594787
2021-04-07,0.9796857696420874
2021-04-08,1.1014032897055877
2021-04-09,1.0493818522373366
2021-04-10,1.0729472034638834
2021-04-11,1.0905076427879643
2021-04-12,1.0612809883541
2021-04-13,1.1525511805129398
2021-04-14,1.6185524865768752
2021-04-15,1.8463855692700404
2021-04-16,1.7762541332414523
2021-04-17,1.5960394711434627
2021-04-18,1.811760679969295
2021-04-19,1.618490401778016
2021-04-20,2.0730215659870694
2021-04-21,2.556669334393133
2021-04-22,3.012629025643903
2021-04-23,2.9375087780910496
2021-04-24,2.5134912825651794
2021-04-25,3.050221877307951
2021-04-26,2.942645071515732
2021-04-27,3.1644002351951497
2021-04-28,3.414094346119998
2021-04-29,3.59219661311079
2021-04-30,2.9374071271533104
2021-05-01,3.3913157717808384
2021-05-02,3.5298413932642876
2021-05-03,4.716507404592627
2021-05-04,4.72885850352766
2021-05-05,4.636344922880739
2021-05-06,4.582528136599843
2021-05-07,4.2938653418910295
2021-05-08,4.954267078118123
2021-05-09,4.936111502412318
2021-05-10,5.190516927576272
2021-05-11,5.338561013233976
2021-05-12,5.541944065194989
2021-05-13,5.061918496980007
2021-05-14,5.6451626237273995
2021-05-15,4.999648915558134
2021-05-16,4.77219893702335
2021-05-17,4.441784763566982
2021-05-18,4.648116836737795
2021-05-19,3.327312292151472
2021-05-20,3.4434061999443735
2021-05-21,3.084651652233936
2021-05-22,2.6572530447000258
2021-05-23,2.5797057208278362
2021-05-24,3.266919380614814
2021-05-25,3.4135971818643673
2021-05-26,3.626391573977101
2021-05-27,3.3505547009849472
2021-05-28,2.993682921400941
2021-05-29,2.78116618026268
2021-05-30,2.8448073378600194
2021-05-31,3.2968678434749603
2021-06-01,3.162824424664356
2021-06-02,3.132092352850799
2021-06-03,3.1488731049856047
2021-06-04,3.1029565289371814
2021-06-05,3.14595772047121
2021-06-06,3.232124479025659
2021-06-07,3.29363458665766
2021-06-08,3.0863630822465895
2021-06-09,2.628763769813931
2021-06-10,2.4061514134200275
2021-06-11,2.053201268352465
2021-06-12,2.31599085330141
2021-06-13,2.0984260723466415
2021-06-14,2.0006214823300064
2021-06-15,2.097870601430892
2021-06-16,1.864719528917977
2021-06-17,1.8945903720420307
2021-06-18,1.8819979420773405
2021-06-19,1.779017609927354
2021-06-20,1.8961985451669812
2021-06-21,1.637576999448951
2021-06-22,1.4838219623545115
2021-06-23,1.5718288370719726
2021-06-24,1.441357568765592
2021-06-25,1.4285201827725749
2021-06-26,1.384705896747091
2021-06-27,1.396875660382296
2021-06-28,1.6283744612528683
2021-06-29,1.6064530188577946
2021-06-30,1.9342249488226007
2021-07-01,1.7781007972646843
2021-07-02,1.7991885686776872
2021-07-03,1.8422465780264055
2021-07-04,1.9414789430111088
2021-07-05,1.8804516857939417
2021-07-06,2.060788233358598
2021-07-07,2.0770641144138975
2021-07-08,1.7855252675805116
2021-07-09,1.7046592460327046
2021-07-10,1.6559099022767094
2021-07-11,1.6098607014381392
2021-07-12,1.5251659934150608
2021-07-13,1.368873564167681
2021-07-14,1.4607517424659187
2021-07-15,1.4082959903589205
2021-07-16,1.379529158205989
2021-07-17,1.3972750103425586
2021-07-18,1.3471741814517553
2021-07-19,1.294545666909367
2021-07-20,1.3563266004113297
2021-07-21,1.4888829411781606
2021-07-22,1.5257368733506498
2021-07-23,1.5569716758130887
2021-07-24,1.5856318198600852
2021-07-25,1.4486378337491352
2021-07-26,1.2910442947922682
2021-07-27,1.1815761120270456
2021-07-28,1.1132268901409044
2021-07-29,1.249812407992485
2021-07-30,1.1675863427612487
2021-07-31,1.3323871820189102
2021-08-01,1.5385027180721405
2021-08-02,1.6966851374532335
2021-08-03,1.6178452254989948
2021-08-04,1.804792861897903
2021-08-05,1.8330760810338336
2021-08-06,1.7090145384971671
2021-08-07,1.9171363284686895
2021-08-08,1.7670537510528161
2021-08-09,1.722146474172088
2021-08-10,1.748570800664641
2021-08-11,1.7670494768678306
2021-08-12,1.6957245141601238
2021-08-13,1.7489188021470143
2021-08-14,1.7247917061940903
2021-08-15,1.7783732419291673
2021-08-16,1.653421970318825
2021-08-17,1.5681605253663475
2021-08-18,1.5551176490384462
2021-08-19,1.5901654961953726
2021-08-20,1.484400798549687
2021-08-21,1.4338028515806982
2021-08-22,1.4103732754284835
2021-08-23,1.4807312425939165
2021-08-24,1.4405104820441526
2021-08-25,1.392057025510572
2021-08-26,1.3947218006889393
2021-08-27,1.4249032815109766
2021-08-28,1.3961101939724883
2021-08-29,1.3716848210489827
2021-08-30,1.513997430321691
2021-08-31,1.7669300131215697
2021-09-01,2.1014739614443996
2021-09-02,1.9826361174398226
2021-09-03,2.0813494285986334
2021-09-04,2.00724490878613
2021-09-05,1.902216989540694
2021-09-06,1.7843442840337878
2021-09-07,1.6856564927631237
2021-09-08,1.8321151649126388
2021-09-09,1.7004865540952234
2021-09-10,1.5517090826107787
2021-09-11,1.588249348876883
2021-09-12,1.6758235709743738
2021-09-13,1.608198477912346
2021-09-14,1.5825906843851898
2021-09-15,1.7006484341807608
2021-09-16,1.6710946350969682
2021-09-17,1.4961869611828116
2021-09-18,1.4400125897622802
2021-09-19,1.394448056570586
2021-09-20,1.3067003111295667
2021-09-21,1.2342822381170575
2021-09-22,1.3815698049562588
2021-09-23,1.3534279013659898
2021-09-24,1.2398240481465195
2021-09-25,1.2358333973967508
2021-09-26,1.3641912314330442
2021-09-27,1.2765718858701363
2021-09-28,1.209257776227949
2021-09-29,1.2154899616553203
2021-09-30,1.2030415584456517
2021-10-01,1.2071699307740675
2021-10-02,1.3327812336900866
2021-10-03,1.3154940241456672
2021-10-04,1.189802811496054
2021-10-05,1.153768870004798
2021-10-06,0.9434183328587292
2021-10-07,1.0512410365583198
2021-10-08,1.0090060560225331
2021-10-09,0.9481651122633091
2021-10-10,0.802186670552757
2021-10-11,0.7485510985097938
2021-10-12,0.7808022471445625
2021-10-13,0.8047868142121208
2021-10-14,0.981849287776874
2021-10-15,0.7886258214571302
2021-10-16,0.7950670643393307
2021-10-17,0.7678152783380476
2021-10-18,0.6471781717406228
2021-10-19,0.6377552066269697
2021-10-20,0.7826489606243694
2021-10-21,0.9021548384430421
2021-10-22,0.9109457121519332
2021-10-23,1.0490280658829139
2021-10-24,0.9948359855714198
2021-10-25,0.9790844220112424
2021-10-26,1.0600556778743004
2021-10-27,0.9846883468495884
2021-10-28,1.1780273809643478
2021-10-29,1.1841958108917237
2021-10-30,1.1184686371905654
2021-10-31,1.1145672094534531
2021-11-01,1.1628071957923072
2021-11-02,1.2482919230765332
2021-11-03,1.2783110824233197
2021-11-04,1.3091423828394093
2021-11-05,1.2772337344445772
2021-11-06,1.2755642102387321
2021-11-07,1.2388691831264314
2021-11-08,1.1335770387003792
2021-11-09,1.0982604735590438
2021-11-10,1.127967590004876
2021-11-11,1.206839238776387
2021-11-12,1.1956311618849809
2021-11-13,1.155442081689136
2021-11-14,1.0652704624222502
2021-11-15,1.1186929377581185
2021-11-16,1.0207191284142703
2021-11-17,1.0689352200192102
2021-11-18,1.0197979146004799
2021-11-19,1.225607854619352
2021-11-20,1.2144855051858316
2021-11-21,1.1411624358622476
2021-11-22,1.1312353699040951
2021-11-23,1.2831653333321253
2021-11-24,1.2724160122702566
2021-11-25,1.2255224853363356
2021-11-26,1.2538411823768014
2021-11-27,1.2182642933348455
2021-11-28,1.2274402164389815
2021-11-29,1.3283330086778427
2021-11-30,1.569073830636659
2021-12-01,1.4972595042901085
2021-12-02,1.473026372893382
2021-12-03,1.4001777140905043
2021-12-04,1.6755861764931925
2021-12-05,1.7391972991214601
2021-12-06,1.791775568507565
2021-12-07,1.7201009383185897
2021-12-08,1.866268726320332
2021-12-09,1.7703703731038691
2021-12-10,1.5517907048053468
2021-12-11,1.5436183725764754
2021-12-12,1.522619392224547
2021-12-13,1.4263202501144954
2021-12-14,1.3839729411699586
2021-12-15,1.4794784011101787
2021-12-16,1.5248324770836967
2021-12-17,1.5638009521324527
2021-12-18,1.5878778000872986
2021-12-19,1.5478415526465916
2021-12-20,1.5359790976750602
2021-12-21,1.4291753693512057
2021-12-22,1.4074885763023397
2021-12-23,1.3448657140822349
2021-12-24,1.2685109709727198
2021-12-25,1.3494308536552524
2021-12-26,1.2802818953480528
2021-12-27,1.256447772547633
2021-12-28,1.2589191837312668
2021-12-29,1.1532458838563961
2021-12-30,1.182648581125783
2021-12-31,1.2245696301956757
2022-01-01,1.1921808921565284
2022-01-02,1.294564979998619
2022-01-03,1.2930388194645492
2022-01-04,1.385743875738543
2022-01-05,1.3101812827161627
2022-01-06,1.1698861733540231
2022-01-07,1.0257251807447128
2022-01-08,0.8589824540170528
2022-01-09,0.9286257202543294
2022-01-10,0.8277839224621604
2022-01-11,0.9451854702779169
2022-01-12,0.9978242041232438
2022-01-13,0.9654428824326156
2022-01-14,0.9927513474758218
2022-01-15,1.0082736126176572
2022-01-16,1.0385618460424215
2022-01-17,0.9313561829109647
2022-01-18,0.844099450780645
2022-01-19,0.8088094177194944
2022-01-20,0.7806054947424529
2022-01-21,0.5561949502830182
2022-01-22,0.4602726982727155
2022-01-23,0.5310369271894909
2022-01-24,0.3245777147404144
2022-01-25,0.3136308187004452
2022-01-26,0.3415755956533374
2022-01-27,0.23116351497953153
2022-01-28,0.36161966600866374
2022-01-29,0.40031244326898235
2022-01-30,0.43152389118981194
2022-01-31,0.5020070054371512
2022-02-01,0.6359873317957658
2022-02-02,0.6652518649456118
2022-02-03,0.6302737426169935
2022-02-04,0.6126282256518142
2022-02-05,0.6621340487539283
2022-02-06,0.6167503183993969
2022-02-07,0.5868698426115656
2022-02-08,0.5257604234860983
2022-02-09,0.6660730113770215
2022-02-10,0.5082777064130444
2022-02-11,0.4014746654729476
2022-02-12,0.3992911520818395
2022-02-13,0.34861385943940537
2022-02-14,0.3797107658209591
2022-02-15,0.5339007384542838
2022-02-16,0.5174646634491357
2022-02-17,0.508820426654262
2022-02-18,0.40724141138095515
2022-02-19,0.3564893868542583
2022-02-20,0.3200954523492776
2022-02-21,0.3832444017388133
2022-02-22,0.3463851200871241
2022-02-23,0.37633909195015025
2022-02-24,0.25871035142870824
2022-02-25,0.43839079377739393
2022-02-26,0.47634439421613517
2022-02-27,0.36245871226761195
2022-02-28,0.22323820609877626
2022-03-01,0.17825759105970657
2022-03-02,0.1830217553990884
2022-03-03,0.14943478079599562
2022-03-04,0.15094750244810362
2022-03-05,0.2000941223373288
2022-03-06,0.1127343221585614
2022-03-07,0.0427684946524059
2022-03-08,0.10266667915973292
2022-03-09,-0.014036237620108164
2022-03-10,0.06196674943327485
2022-03-11,0.04372693420652101
2022-03-12,0.05244600291273756
2022-03-13,0.0739388826005703
2022-03-14,-0.02893439879999824
2022-03-15,0.06482015843810479
2022-03-16,0.1187389556814413
2022-03-17,0.22077036211329792
2022-03-18,0.35397102243815187
2022-03-19,0.2977529861276305
2022-03-20,0.25243650151869
2022-03-21,0.3468581404391824
2022-03-22,0.3115572656996927
2022-03-23,0.34706289348658664
2022-03-24,0.3451408333319088
2022-03-25,0.28305771345719216
2022-03-26,0.32924679673723495
2022-03-27,0.2942954865887586
2022-03-28,0.33448567658276285
2022-03-29,0.410895065638004
2022-03-30,0.4311251969268909
2022-03-31,0.4401554376735702
2022-04-01,0.6774194689181139
2022-04-02,0.7321366547878685
2022-04-03,0.8042374891655251
2022-04-04,0.7727861252969346
2022-04-05,0.7073655151377546
2022-04-06,0.5513776483334272
2022-04-07,0.646369500040251
2022-04-08,0.7709286634300391
2022-04-09,0.8552997451575837
2022-04-10,0.841219554096312
2022-04-11,0.767895050651084
2022-04-12,0.780607369935787
2022-04-13,0.810204325099595
2022-04-14,0.7964491249820976
2022-04-15,0.720262895684931
2022-04-16,0.8165346171390765
2022-04-17,0.7708698345302839
2022-04-18,0.7116408870746278
2022-04-19,0.7006916365851125
2022-04-20,0.6472293827903013
2022-04-21,0.5544038678202969
2022-04-22,0.6751591553450097
2022-04-23,0.6461423847417966
2022-04-24,0.5947543872050101
2022-04-25,0.6408484680382314
2022-04-26,0.5351450308571937
2022-04-27,0.5240727937473885
2022-04-28,0.5542345592881563
2022-04-29,0.4104520352787318
2022-04-30,0.3232435085338091
2022-05-01,0.4942386179759529
2022-05-02,0.5948610392465955
2022-05-03,0.5221257894675613
2022-05-04,0.5727098030738684
2022-05-05,0.7439928308292342
2022-05-06,0.6766711892700038
2022-05-07,0.5878273156439572
2022-05-08,0.5298127035977807
2022-05-09,0.5592600277658614
2022-05-10,0.7879567988259472
2022-05-11,0.1515967439201102
2022-05-12,-0.5054005949100967
2022-05-13,-0.29883916261887694
2022-05-14,-0.3722764887229436
2022-05-15,-0.3312370901849267
2022-05-16,-0.4596007085761934
2022-05-17,-0.29794384919997363
2022-05-18,-0.6162049302696803
2022-05-19,-0.641687070573792
2022-05-20,-0.5448854074674636
2022-05-21,-0.5591703600612248
2022-05-22,-0.5155893406313232
2022-05-23,-0.45505909740177614
2022-05-24,-0.6263262209471085
2022-05-25,-0.7795133446113183
2022-05-26,-1.4550053311162001
2022-05-27,-1.6709795416488165
2022-05-28,-1.5397066526488992
2022-05-29,-1.4482030957838654
2022-05-30,-1.2179260622481203
2022-05-31,-1.5065660529498854
2022-06-01,-1.4810427745270478
2022-06-02,-1.6309883641565313
2022-06-03,-1.690190814259706
2022-06-04,-1.5781429269455205
2022-06-05,-1.572159769605853
2022-06-06,-1.7340627417541952
2022-06-07,-1.8857016886763303
2022-06-08,-1.6934135486337605
2022-06-09,-1.6702169024082587
2022-06-10,-2.000141813946249
2022-06-11,-2.4979693679408315
2022-06-12,-2.4624100137485008
2022-06-13,-2.5057916334657704
2022-06-14,-2.335471306196506
2022-06-15,-2.305708053332033
2022-06-16,-2.621868900252786
2022-06-17,-2.4974496207091352
2022-06-18,-2.596603676754942
2022-06-19,-2.19700383730191
2022-06-20,-2.200245493354765
2022-06-21,-2.2520814810672456
2022-06-22,-2.4883568134285308
2022-06-23,-2.2428690632916357
2022-06-24,-1.7282217439665373
2022-06-25,-1.7225748737616997
2022-06-26,-1.834229396919276
2022-06-27,-1.7615915602704395
2022-06-28,-1.9189001952466098
2022-06-29,-2.1647641056077522
2022-06-30,-2.24939313672129
2022-07-01,-2.085763790045649
2022-07-02,-2.0125272974593886
2022-07-03,-1.9692200259404535
2022-07-04,-1.7820446220906163
2022-07-05,-1.8692546434263846
2022-07-06,-1.6392708043723894
2022-07-07,-1.70748917617809
2022-07-08,-1.8277634758021464
2022-07-09,-1.8039490175295794
2022-07-10,-1.8431232261585795
2022-07-11,-1.978699213130814
2022-07-12,-2.1323554240812244
2022-07-13,-1.9392106549501447
2022-07-14,-1.5514657017819953
2022-07-15,-1.3801097508274351
2022-07-16,-0.7522667348072629
2022-07-17,-0.6748525273024644
2022-07-18,0.10855712092512916
2022-07-19,-0.4733103842310042
2022-07-20,-0.5491619510188154
2022-07-21,-0.1915395223011814
2022-07-22,-0.24643171001318498
2022-07-23,-0.07282508153975202
2022-07-24,0.16941013648459446
2022-07-25,-0.25686766674829403
2022-07-26,-0.23015926186150126
2022-07-27,0.24510204322064738
2022-07-28,0.38058221365794476
2022-07-29,0.4045269376950386
2022-07-30,0.27865250836937694
2022-07-31,0.3255733251601719
2022-08-01,0.05485681118605732
2022-08-02,0.1832454381064404
2022-08-03,0.15233317634856802
2022-08-04,0.1799081126077062
2022-08-05,0.6429000165486892
2022-08-06,0.5415008165111868
2022-08-07,0.49131021967915045
2022-08-08,0.663530606684971
2022-08-09,0.5140061801092963
2022-08-10,1.0419352820387604
2022-08-11,1.2035887782934322
2022-08-12,1.42985216308656
2022-08-13,1.5478064160154912
2022-08-14,1.3351436660925426
2022-08-15,1.225933098466061
2022-08-16,1.184794787102975
2022-08-17,1.1662127398786981
2022-08-18,1.2992040739254829
2022-08-19,0.977646598238107
2022-08-20,0.5971943148332288
2022-08-21,0.6883702631895257
2022-08-22,0.7698601798173196
2022-08-23,0.9589281407132928
2022-08-24,0.9830762974779085
2022-08-25,1.1253486428739214
2022-08-26,0.5603981803148512
2022-08-27,0.5564788590624948
2022-08-28,0.3506812022680813
2022-08-29,0.8362691171729723
2022-08-30,0.8952745944851539
2022-08-31,0.9629922515319495
2022-09-01,1.1420383986718863
2022-09-02,1.1637980968788877
2022-09-03,1.0990204777582608
2022-09-04,1.1568679117068197
2022-09-05,1.5174204123162542
2022-09-06,1.6823209906472791
2022-09-07,1.8839713961877957
2022-09-08,1.8874394818365898
2022-09-09,1.3191843899546176
2022-09-10,1.5145069766966481
2022-09-11,1.3751342681711303
2022-09-12,0.7988358988529658
2022-09-13,0.9655384333355594
2022-09-14,1.3418952474159405
2022-09-15,0.5388600111144282
2022-09-16,0.24111028670754905
2022-09-17,0.31688705094364134
2022-09-18,-0.24658604568033862
2022-09-19,-0.018527455617640493
2022-09-20,-0.06873043619876701
2022-09-21,-0.4093699800699296
2022-09-22,-0.29538905181910924
2022-09-23,-0.23644645078344864
2022-09-24,-0.1350620408968486
2022-09-25,-0.23656285521713644
2022-09-26,-0.15228410986588634
2022-09-27,-0.134334051876779
2022-09-28,-0.23490355191474752
2022-09-29,-0.3148345909602744
2022-09-30,-0.30135073042422383
2022-10-01,-0.35695746712731646
2022-10-02,-0.4760090902060657
2022-10-03,-0.4171743705964338
2022-10-04,-0.47768961362924134
2022-10-05,-0.4607175120772271
2022-10-06,-0.3782015653685745
2022-10-07,-0.32133599980555577
2022-10-08,-0.3775706111417359
2022-10-09,-0.34422840705110697
2022-10-10,-0.4194796541187727
2022-10-11,-0.461857877608883
2022-10-12,-0.4073913405773595
2022-10-13,-0.5606069296086077
2022-10-14,-0.4056165615971481
2022-10-15,-0.5096270342709202
2022-10-16,-0.38704008044781096
2022-10-17,-0.3468551158733707
2022-10-18,-0.3957099966770399
2022-10-19,-0.47994698003372455
2022-10-20,-0.4593825471012458
2022-10-21,-0.3991164273328224
2022-10-22,-0.31671176945309465
2022-10-23,-0.14789327514147524
2022-10-24,-0.1698858090542548
2022-10-25,0.26101223709630117
2022-10-26,0.6209119037797983
2022-10-27,0.5141427158014291
2022-10-28,0.6298816976034002
2022-10-29,0.9329432830509533
2022-10-30,0.8336807200474192
2022-10-31,0.7826902374100267
2022-11-01,0.8307552320578141
2022-11-02,0.5971795214002051
2022-11-03,0.6492099236797522
2022-11-04,0.9166625850289919
2022-11-05,0.7408645484776585
2022-11-06,0.5577764902858644
2022-11-07,0.690601354942296
2022-11-08,0.12155696727572307
2022-11-09,-0.22693779357355146
2022-11-10,0.38922862595413577
2022-11-11,0.6124298338068173
2022-11-12,0.4986347346942671
2022-11-13,0.4964271633643276
2022-11-14,0.4947664025792066
2022-11-15,0.4164460121714876
2022-11-16,0.25365602903637047
2022-11-17,0.12433898287244541
2022-11-18,0.20949369484550084
2022-11-19,0.25088371289861244
2022-11-20,-0.11968659312453143
2022-11-21,-0.10804933316030492
2022-11-22,-0.1189868179222392
2022-11-23,0.03146565921305973
2022-11-24,0.20349519205021055
2022-11-25,0.21186804974991771
2022-11-26,0.30328687999440734
2022-11-27,0.22817270893052774
2022-11-28,0.1589488987620299
2022-11-29,0.4077203329819845
2022-11-30,0.6081359155922026
2022-12-01,0.5775638736340974
2022-12-02,0.6499629931073726
2022-12-03,0.35522201712329604
2022-12-04,0.5225284382665133
2022-12-05,0.4573861542300743
2022-12-06,0.4921569958482984
2022-12-07,0.32572130250214376
2022-12-08,0.497981279854418
2022-12-09,0.42967559660975024
2022-12-10,0.4544127318779848
2022-12-11,0.45371800373233556
2022-12-12,0.48474562600756654
2022-12-13,0.5151513929188952
2022-12-14,0.40958784714970176
2022-12-15,0.33408086241067186
2022-12-16,-0.051897754298441595
2022-12-17,0.03445656760838689
2022-12-18,0.03316336348851554
2022-12-19,0.08610035002796504
2022-12-20,0.23748964635701922
2022-12-21,0.26237236067605246
2022-12-22,0.29913584616379923
2022-12-23,0.3419715192677761
2022-12-24,0.3220273347558448
2022-12-25,0.31113730079222773
2022-12-26,0.33597562137510995
2022-12-27,0.3443357462043067
2022-12-28,0.25045017767163313
2022-12-29,0.29972202636852563
2022-12-30,0.3076148604475343
2022-12-31,0.32517452504506716
2023-01-01,0.31589075429137714
2023-01-02,0.40294874147639204
2023-01-03,0.4145578640743835
2023-01-04,0.6765746591332298
2023-01-05,0.6446603875756006
2023-01-06,0.7416596076762018
2023-01-07,0.6948770272896183
2023-01-08,0.8102935216970518
2023-01-09,1.0431626076720633
2023-01-10,1.0045568036634445
2023-01-11,1.1219659941441278
2023-01-12,0.7796916381871936
2023-01-13,0.4393618569381302
2023-01-14,0.5969807898516531
2023-01-15,0.6637607191897628
2023-01-16,0.6868977429681832
2023-01-17,0.6271709502039313
2023-01-18,0.4991192416441253
2023-01-19,0.5570703652316535
2023-01-20,0.49046975776937324
2023-01-21,0.21918716366547422
2023-01-22,0.25418224337593875
2023-01-23,0.14981788055255424
2023-01-24,-0.1947179420021026
2023-01-25,-0.049470007050039386
2023-01-26,-0.068491340044201
2023-01-27,-0.12470578324481814
2023-01-28,-0.2753197236712458
2023-01-29,-0.1267918290202305
2023-01-30,-0.22224239713587762
2023-01-31,-0.2304762087070156
2023-02-01,-0.13052467699402237
2023-02-02,-0.00528093222529228
2023-02-03,0.14715804252721074
2023-02-04,0.2178474243002507
2023-02-05,0.16118195198348603
2023-02-06,0.15148346100901244
2023-02-07,0.2838552241364367
2023-02-08,0.2972148375733644
2023-02-09,0.1307457688001708
2023-02-10,-0.009312047396286114
2023-02-11,0.058515764970987476
2023-02-12,-0.07689889662478308
2023-02-13,-0.14276712536162847
2023-02-14,0.004027931055364069
2023-02-15,-0.18148855341637873
2023-02-16,-0.09283890501236576
2023-02-17,-0.15919508190724124
2023-02-18,-0.2101054929618017
2023-02-19,-0.13940055535707807
2023-02-20,-0.22299926442497595
2023-02-21,-0.33420617059368896
2023-02-22,-0.3210457948151485
2023-02-23,-0.1645001185944747
2023-02-24,-0.10548832817549343
2023-02-25,-0.1839601938737109
2023-02-26,-0.05648541689564391
2023-02-27,-0.08155429742536051
2023-02-28,-0.09795274729435581
2023-03-01,0.05031103355641919
2023-03-02,0.022188185677181595
2023-03-03,0.020304023431270062
2023-03-04,0.007946941851634763
2023-03-05,-0.04959091736618267
2023-03-06,-0.028055109729426254
2023-03-07,0.034132625534896044
2023-03-08,0.08534541635505437
2023-03-09,0.08522658720714058
2023-03-10,0.1056999084970802
2023-03-11,0.26833700859349363
2023-03-12,0.24942137857449515
2023-03-13,-0.11058694860201151
2023-03-14,-0.20573938434089298
2023-03-15,-0.345747359009387
2023-03-16,-0.5004021234656352
2023-03-17,-0.7449372354223854
2023-03-18,-0.7472866269139712
2023-03-19,-0.998965036590599
2023-03-20,-1.1779268906912415
2023-03-21,-0.9219796474032118
2023-03-22,-0.9934763749993372
2023-03-23,-0.9168364060135215
2023-03-24,-0.9713398322918442
2023-03-25,-1.0139879615647205
2023-03-26,-1.0083152450967119
2023-03-27,-1.037847104115159
2023-03-28,-0.7580558276202759
2023-03-29,-1.0234806960176652
2023-03-30,-0.9119458235687802
2023-03-31,-0.9032105429843488
2023-04-01,-0.9189767802095797
2023-04-02,-0.9389739398870237
2023-04-03,-0.7116935315095972
2023-04-04,-0.5126346109344144
2023-04-05,-0.3068273702494023
2023-04-06,-0.45197058670798596
2023-04-07,-0.44564649286988833
2023-04-08,-0.5384487819922384
2023-04-09,-0.6188284922213341
2023-04-10,-0.7941035236969368
2023-04-11,-1.0747358540403107
2023-04-12,-0.8944633041616281
2023-04-13,-0.5110370218663488
2023-04-14,-0.08956994862549544
2023-04-15,-0.07519307048982726
2023-04-16,0.06802299557654591
2023-04-17,0.15958623773137112
2023-04-18,-0.03499742072780966
2023-04-19,-0.3481520679903655
2023-04-20,-0.09767902683249814
2023-04-21,-0.24493946851861875
2023-04-22,-0.31117515041847593
2023-04-23,-0.2912604454800915
2023-04-24,-0.371899389798454
2023-04-25,-0.5237174184179295
2023-04-26,-0.5628176381449785
2023-04-27,-0.6998807790396359
2023-04-28,-0.7361317469268036
2023-04-29,-0.6146285917143036
2023-04-30,-0.7870004373593059
2023-05-01,-0.6153569975111726
2023-05-02,-0.6094569275581494
2023-05-03,-0.5388588593394145
2023-05-04,-0.623984825276965
2023-05-05,-0.23986622935045368
2023-05-06,-0.5170255378237785
2023-05-07,-0.5005439910583621
2023-05-08,-0.3516961949450361
2023-05-09,-0.3379893468917908
2023-05-10,-0.35565123869198095
2023-05-11,-0.3793995841153237
2023-05-12,-0.23672098340361858
2023-05-13,-0.29695184241764366
2023-05-14,-0.3277473588639267
2023-05-15,-0.32967156245444273
2023-05-16,-0.23168327035284955
2023-05-17,-0.3823051287442365
2023-05-18,-0.28075621021581715
2023-05-19,-0.2407894512779837
2023-05-20,-0.2881011166051693
2023-05-21,-0.2343531727551012
2023-05-22,-0.19721978866188095
2023-05-23,-0.13162664433470367
2023-05-24,-0.09450616031017517
2023-05-25,-0.11798232704902496
2023-05-26,-0.08516677284547937
2023-05-27,-0.13401290706710645
2023-05-28,-0.1549753894397076
2023-05-29,-0.12825990737300294
2023-05-30,-0.06890902321973698
2023-05-31,-0.0363583868237011
2023-06-01,0.05178217287820422
2023-06-02,0.13613543899555677
2023-06-03,0.11669320274672876
2023-06-04,0.08375850566233402
2023-06-05,0.17909834475116465
2023-06-06,-0.008940037354048594
2023-06-07,0.04507238594772622
2023-06-08,0.05665895282324692
2023-06-09,0.02707684114233767
2023-06-10,-0.255466432404723
2023-06-11,-0.29548573960568564
2023-06-12,-0.3574615773266211
2023-06-13,-0.39661697488638475
2023-06-14,-0.6415304287719253
2023-06-15,-0.7490777240063586
2023-06-16,-0.7488195950639503
2023-06-17,-0.7716116826105377
2023-06-18,-0.7554959322565153
2023-06-19,-0.8758224222369396
2023-06-20,-1.1460394144003265
2023-06-21,-1.2119508517237008
2023-06-22,-1.2961407035088408
2023-06-23,-1.4845501513861834
2023-06-24,-1.5382213164370255
2023-06-25,-1.3729598751152807
2023-06-26,-1.5532141373126052
2023-06-27,-1.5330503859485998
2023-06-28,-1.6960481165041303
2023-06-29,-1.6964526854432904
2023-06-30,-1.2247204589054281
2023-07-01,-1.3388495833097038
2023-07-02,-1.2850861720427824
2023-07-03,-1.3992211141928026
2023-07-04,-1.3793183645271492
2023-07-05,-1.4543821302174624
2023-07-06,-1.6234371452143666
2023-07-07,-1.6658670516666014
2023-07-08,-1.6930074446772612
2023-07-09,-1.674021504736375
2023-07-10,-1.6726479592271881
2023-07-11,-1.7919344600292635
2023-07-12,-1.7633667084269709
2023-07-13,-1.335259421559263
2023-07-14,-1.3083920832458071
2023-07-15,-1.355772397543823
2023-07-16,-1.3892849511251097
2023-07-17,-1.426285242851183
2023-07-18,-1.388007719943538
2023-07-19,-1.4704751085977201
2023-07-20,-1.398640797293108
2023-07-21,-1.4367203847744978
2023-07-22,-1.5604237690254448
2023-07-23,-1.5192817247446824
2023-07-24,-1.3832775641661437
2023-07-25,-1.34547264277677
2023-07-26,-1.2955469683947896
2023-07-27,-1.3067989000602551
2023-07-28,-1.2466945982220088
2023-07-29,-1.2121926060344685
2023-07-30,-1.305332086117028
2023-07-31,-1.3161536387841353
2023-08-01,-1.3965559131966117
2023-08-02,-1.3861258281603936
2023-08-03,-1.4174920698196969
2023-08-04,-1.4150592271288525
2023-08-05,-1.341759456965868
2023-08-06,-1.3860531272559458
2023-08-07,-1.4415879671338956
2023-08-08,-1.4852006315812698
2023-08-09,-1.399642364355351
2023-08-10,-1.360160773180294
2023-08-11,-1.3653156022763813
2023-08-12,-1.3567314090109648
2023-08-13,-1.362285475685256
2023-08-14,-1.3782409201397698
2023-08-15,-1.3890618422502963
2023-08-16,-1.3256629718002688
2023-08-17,-1.2628569241729632
2023-08-18,-1.1406220577719877
2023-08-19,-1.091139329248584
2023-08-20,-1.0106298146446544
2023-08-21,-1.1115471557288665
2023-08-22,-1.324919111026647
2023-08-23,-1.1592400668757459
2023-08-24,-1.1717677167096066
2023-08-25,-1.165169988711384
2023-08-26,-1.1921065417902739
2023-08-27,-1.1369053638598885
2023-08-28,-1.1794691415091458
2023-08-29,-1.3650824386521305
2023-08-30,-1.3416622994639174
2023-08-31,-1.1265361927304467
2023-09-01,-1.1951101665190271
2023-09-02,-1.1566039598706095
2023-09-03,-1.2123171550304892
2023-09-04,-1.1801450772160191
2023-09-05,-1.12937454002762
2023-09-06,-1.1283171149409081
2023-09-07,-1.2642954195803344
2023-09-08,-1.1881010532130176
2023-09-09,-1.190339689325704
2023-09-10,-1.3197251149467546
2023-09-11,-1.5349374056979643
2023-09-12,-1.5336006142883167
2023-09-13,-1.6070706697309758
2023-09-14,-1.609310766324952
2023-09-15,-1.5083519797925473
2023-09-16,-1.5335726868586774
2023-09-17,-1.6143085808388484
2023-09-18,-1.5951431520169272
2023-09-19,-1.7699348240253108
2023-09-20,-1.8917241394191295
2023-09-21,-1.9192542336986749
2023-09-22,-1.83333613094842
2023-09-23,-1.8143479358210564
2023-09-24,-1.7459243194260647
2023-09-25,-1.6908390931705044
2023-09-26,-1.5930896484313448
2023-09-27,-1.6179055905846433
2023-09-28,-1.4842034656894847
2023-09-29,-1.294468785437422
2023-09-30,-1.2898163133044898
2023-10-01,-1.285631047404271
2023-10-02,-1.6191220859793507
2023-10-03,-1.615901442096598
2023-10-04,-1.8522036117263352
2023-10-05,-1.947196643216581
2023-10-06,-1.9072615251751937
2023-10-07,-1.9896475075011235
2023-10-08,-1.9656678927748035
2023-10-09,-2.205696374969401
2023-10-10,-2.193315920815166
2023-10-11,-1.9531473297906918
2023-10-12,-2.0926723464755295
2023-10-13,-2.025714628614043
2023-10-14,-1.9841180663503177
2023-10-15,-2.077613419995728
2023-10-16,-2.3133077686085772
2023-10-17,-2.4972707219281896
2023-10-18,-2.4471910633506875
2023-10-19,-2.5438920644417076
2023-10-20,-2.615769686953791
2023-10-21,-2.5071173881759803
2023-10-22,-2.2857281227167845
2023-10-23,-2.664266524883501
2023-10-24,-2.766792530227107
2023-10-25,-2.887015652309717
2023-10-26,-2.665465422809561
2023-10-27,-2.6958998666550285
2023-10-28,-2.7363641232420237
2023-10-29,-2.734934220403687
2023-10-30,-2.6223462405238114
2023-10-31,-2.6102307015835895
2023-11-01,-2.63630668315161
2023-11-02,-2.7138975511033077
2023-11-03,-2.4668724080777
2023-11-04,-2.416020990954413
2023-11-05,-2.2030706933000745
2023-11-06,-2.1539193832391628
2023-11-07,-2.307424769225372
2023-11-08,-2.3346891965505123
2023-11-09,-1.4674258571995171
2023-11-10,-1.8281996114729084
2023-11-11,-1.892091119776811
2023-11-12,-1.893533242118675
2023-11-13,-1.6866183806524642
2023-11-14,-1.7848696815598784
2023-11-15,-1.999938936335812
2023-11-16,-2.011751224269794
2023-11-17,-2.1068772977785644
2023-11-18,-2.0772297938054085
2023-11-19,-2.028714754270915
2023-11-20,-1.9924609530800594
2023-11-21,-1.9541747662509334
2023-11-22,-1.7577247209437428
2023-11-23,-1.719514551125204
2023-11-24,-1.729976342513137
2023-11-25,-1.722772771588768
2023-11-26,-1.7280178643630664
2023-11-27,-1.8226688094015588
2023-11-28,-1.851729037248209
2023-11-29,-1.9319631842848157
2023-11-30,-1.7854147413119639
2023-12-01,-1.855507948623471
2023-12-02,-1.6924077039517016
2023-12-03,-1.6803154449888997
2023-12-04,-1.9111653791198422
2023-12-05,-2.131088174755713
2023-12-06,-2.2846450208321447
2023-12-07,-1.6961975988387283
2023-12-08,-1.8608260494361266
2023-12-09,-1.8263112509606045
2023-12-10,-1.7832617036611034
2023-12-11,-1.7389464284259117
2023-12-12,-1.8628468114337868
2023-12-13,-1.9202036608704964
2023-12-14,-1.7205014034901294
2023-12-15,-1.8600374804210995
2023-12-16,-1.8802579936730308
2023-12-17,-1.8042848521097985
2023-12-18,-1.9669325377963898
2023-12-19,-2.032120213045987
2023-12-20,-2.1901316619407507
2023-12-21,-2.0743076830997076
2023-12-22,-1.7656095147096862
2023-12-23,-1.7683764350782076
2023-12-24,-1.7762504310894793
2023-12-25,-1.85473179304702
2023-12-26,-1.7829638913544976
2023-12-27,-1.4083763982221862
2023-12-28,-1.3500743051361053
2023-12-29,-1.410421686765499
2023-12-30,-1.4474242528645598
2023-12-31,-1.501879406410046
2024-01-01,-1.6085301432427601
2024-01-02,-1.736303757098605
2024-01-03,-1.853980969472099
2024-01-04,-1.8812571498575654
2024-01-05,-1.8687265775279192
2024-01-06,-1.9241740384663613
2024-01-07,-1.972506698265988
2024-01-08,-2.106817435841738
2024-01-09,-1.9146356435587626
2024-01-10,-1.1785626743323652
2024-01-11,-0.9950061869152311
2024-01-12,-0.5983428506427786
2024-01-13,-0.3927149726382149
2024-01-14,-0.5512039166580645
2024-01-15,-0.5594649587535936
2024-01-16,-0.40786142454503466
2024-01-17,-0.5384218627221884
2024-01-18,-0.42774036617050876
2024-01-19,-0.41862340286381683
2024-01-20,-0.5064810109510536
2024-01-21,-0.537314650997453
2024-01-22,-0.6307329473964156
2024-01-23,-1.010508330048203
2024-01-24,-1.0904247164235563
2024-01-25,-1.1181286906563144
2024-01-26,-1.3359362869555567
2024-01-27,-1.391855685992036
2024-01-28,-1.4083290621999913
2024-01-29,-1.4292136608434276
2024-01-30,-1.2420077910147738
2024-01-31,-1.4009178950667351
2024-02-01,-1.413148562876563
2024-02-02,-1.4119587559266933
2024-02-03,-1.4112583852828995
2024-02-04,-1.343451546363662
2024-02-05,-1.3157695993089216
2024-02-06,-1.1107816048849375
2024-02-07,-1.1687811507436312
2024-02-08,-1.3807214872756874
2024-02-09,-1.4859542031634492
2024-02-10,-1.546332348756948
2024-02-11,-1.6120492285178665
2024-02-12,-1.38394881617807
2024-02-13,-1.3915675981613993
2024-02-14,-1.3020193946133298
2024-02-15,-1.1618011178778929
2024-02-16,-1.2631882624846018
2024-02-17,-1.2243358097590904
2024-02-18,-0.9958023555022392
2024-02-19,-0.7132195405370726
2024-02-20,-0.5730706544462055
2024-02-21,-0.62726646194712
2024-02-22,-0.5177403787612275
2024-02-23,-0.5689532000806385
2024-02-24,-0.4892719738190934
2024-02-25,-0.11134142624577355
2024-02-26,-0.43302329763210384
2024-02-27,-0.6866867493730532
2024-02-28,-1.1505759499286878
2024-02-29,-1.06788575514097
2024-03-01,-0.9915193324726453
2024-03-02,-0.95943061482271
2024-03-03,-0.9373881431453228
2024-03-04,-1.3111918387267218
2024-03-05,-0.8451874888135013
2024-03-06,-0.4736612566289775
2024-03-07,-0.4483706860299808
2024-03-08,-0.6074948112590849
2024-03-09,-0.5715044977253844
2024-03-10,-0.7363202111580993
2024-03-11,-0.7053189150617168
2024-03-12,-0.8293477679757969
2024-03-13,-0.9834675222905513
2024-03-14,-1.0578413384201217
2024-03-15,-1.1570260675582464
2024-03-16,-1.128955127095959
2024-03-17,-1.24716413498636
2024-03-18,-1.455788774708793
2024-03-19,-1.643507399944189
2024-03-20,-1.4992284165791872
2024-03-21,-1.1986211790021606
2024-03-22,-1.3853391727202569
2024-03-23,-1.4105971803964883
2024-03-24,-1.5285543180523022
2024-03-25,-1.5282683082951163
2024-03-26,-1.5308221818339545
2024-03-27,-1.675811802908937
2024-03-28,-1.6736178368192336
2024-03-29,-1.6786767855049805
2024-03-30,-1.645132872419441
2024-03-31,-1.4978606681567848
2024-04-01,-1.6385468995431707
2024-04-02,-1.6647148413429127
2024-04-03,-1.6341254569926684
2024-04-04,-1.9011829211753513
2024-04-05,-1.8323938733306604
2024-04-06,-1.8614341034251785
2024-04-07,-1.6561927605552802
2024-04-08,-1.3323756309217654
2024-04-09,-1.479408951748578
2024-04-10,-1.5556668667668554
2024-04-11,-1.5751102191682707
2024-04-12,-1.8700005716141128
2024-04-13,-2.0610699949393156
2024-04-14,-1.8866246694588968
2024-04-15,-1.7258944739240858
2024-04-16,-1.814117769982758
2024-04-17,-1.741538345488164
2024-04-18,-1.8054014331720465
2024-04-19,-1.8563395486306313
2024-04-20,-1.730770234498886
2024-04-21,-1.7389509463408237
2024-04-22,-1.8265554419923407
2024-04-23,-1.7146282524921488
2024-04-24,-1.6418901101457246
2024-04-25,-1.6137837500125098
2024-04-26,-1.5787230341075231
2024-04-27,-1.196159257556426
2024-04-28,-1.1184224655751023
2024-04-29,-1.3395887113453575
2024-04-30,-1.4493830110272548
2024-05-01,-1.2189930564836298
2024-05-02,-1.287303439309006
2024-05-03,-1.4831910261235297
2024-05-04,-1.5699231545218524
2024-05-05,-1.5264438359475663
2024-05-06,-1.6034120850285936
2024-05-07,-1.6380220936833814
2024-05-08,-1.5666508101722645
2024-05-09,-1.633627872059979
2024-05-10,-1.6730741443722026
2024-05-11,-1.6590793540634114
2024-05-12,-1.68913289944161
2024-05-13,-1.810045232793337
2024-05-14,-1.8126087930353438
2024-05-15,-1.9667897232662122
2024-05-16,-2.0676206124087875
2024-05-17,-1.8864660935399078
2024-05-18,-1.7900919630396614
2024-05-19,-1.8308514825178066
2024-05-20,-0.9894426232769816
2024-05-21,-0.5177144342549101
2024-05-22,-0.5067853317552289
2024-05-23,-0.23876167875798446
2024-05-24,-0.44375895422371475
2024-05-25,-0.484352239898917
2024-05-26,-0.18150492934909837
2024-05-27,-0.13312391103997925
2024-05-28,-0.10250327080476082
2024-05-29,-0.19350794887837147
2024-05-30,-0.3456007154698238
2024-05-31,-0.17794951570020962
2024-06-01,-0.0618984081840854
2024-06-02,-0.149606682968206
2024-06-03,-0.34015272767500104
2024-06-04,-0.4679600860698753
2024-06-05,-0.4006132665621916
2024-06-06,-0.48929116708199166
2024-06-07,-0.6409827484113243
2024-06-08,-0.6257062991969948
2024-06-09,-0.6030092535385128
2024-06-10,-0.6883246185267837
2024-06-11,-0.8391953161057579
2024-06-12,-0.7951106164861816
2024-06-13,-0.8289631780401627
2024-06-14,-0.6757468290907713
2024-06-15,-0.44410260764423776
2024-06-16,-0.3473064472517906
2024-06-17,-0.6476468379661705
2024-06-18,-0.5089034587044782
2024-06-19,-0.239775215328824
2024-06-20,-0.36401816819385313
2024-06-21,-0.21881351801540058
2024-06-22,-0.30980259762325857
2024-06-23,-0.3640570748548514
2024-06-24,-0.0598474642435165
2024-06-25,-0.18935098041124337
2024-06-26,-0.08823872169285592
2024-06-27,0.01904900794253184
2024-06-28,0.024138331057883253
2024-06-29,-0.08118925764989118
2024-06-30,-0.20674053348851046
2024-07-01,-0.2093754862201364
2024-07-02,-0.1347801635264471
2024-07-03,-0.20443027461497223
2024-07-04,-0.4335270601035819
2024-07-05,-0.6367307227730737
2024-07-06,-0.6274619454720107
2024-07-07,-0.6638509809664462
2024-07-08,-0.49467887171448216
2024-07-09,-0.578434877998971
2024-07-10,-0.3831386236793463
2024-07-11,-0.3074247407174232
2024-07-12,-0.2888988419194291
2024-07-13,-0.389332689416666
2024-07-14,-0.4434786281607631
2024-07-15,-0.3475481265642665
2024-07-16,-0.5366567501705068
2024-07-17,-0.5426093950087436
2024-07-18,-0.3846689187461705
2024-07-19,-0.6001593469945383
2024-07-20,-0.6294997539300583
2024-07-21,-0.7369813740785511
2024-07-22,-0.9500508792367058
2024-07-23,-0.5227724040035395
2024-07-24,-0.9141362550322835
2024-07-25,-1.5271042871194913
2024-07-26,-1.5254888214857358
2024-07-27,-1.5966944502024665
2024-07-28,-1.5816192886954197
2024-07-29,-1.179954402784911
2024-07-30,-1.213047730465535
2024-07-31,-1.0998172631654715
2024-08-01,-1.3258870951369313
2024-08-02,-1.4029075708399816
2024-08-03,-1.5718880408853177
2024-08-04,-1.9321451219255519
2024-08-05,-2.2481855979072596
2024-08-06,-2.430831506066118
2024-08-07,-2.723801534367797
2024-08-08,-2.4721121662386287
2024-08-09,-2.623641383517828
2024-08-10,-2.572331282698506
2024-08-11,-2.4066168878484797
2024-08-12,-1.8590063772508074
2024-08-13,-2.132373132885508
2024-08-14,-1.9592960989527783
2024-08-15,-2.098425401014212
2024-08-16,-2.221288727099096
2024-08-17,-2.2245703847958214
2024-08-18,-2.0537223733698373
2024-08-19,-2.122659909197765
2024-08-20,-2.270530401444564
2024-08-21,-2.383054339336042
2024-08-22,-2.275149499234167
2024-08-23,-2.3283314547691742
2024-08-24,-2.3094182596618023
2024-08-25,-2.385369401270202
2024-08-26,-2.389812798454035
2024-08-27,-2.657988008466032
2024-08-28,-2.309666632617542
2024-08-29,-2.348021539045266
2024-08-30,-2.3029764083081385
2024-08-31,-2.310645082901054
2024-09-01,-2.354203044426417
2024-09-02,-2.2138828918724536
2024-09-03,-2.370317229007805
2024-09-04,-2.335351324481898
2024-09-05,-2.3397088598980678
2024-09-06,-2.5240080041520914
2024-09-07,-2.3404066320982753
2024-09-08,-2.350825266385612
2024-09-09,-2.4470101749594253
2024-09-10,-2.409092592244967
2024-09-11,-2.5264347762811945
2024-09-12,-2.5407248442171797
2024-09-13,-2.5855245056925495
2024-09-14,-2.5638819271429703
2024-09-15,-2.7664108843597814
2024-09-16,-2.691675934323923
2024-09-17,-2.7904289335977985
2024-09-18,-2.8384267523789815
2024-09-19,-2.6606491702014257
2024-09-20,-2.3587875636563984
2024-09-21,-2.191398601556383
2024-09-22,-2.3108641718746252
2024-09-23,-2.044842941512563
2024-09-24,-2.1390998627098483
2024-09-25,-2.2097951629779953
2024-09-26,-2.286100967876935
2024-09-27,-2.152438291962863
2024-09-28,-2.20682181788366
2024-09-29,-2.2173253780639235
2024-09-30,-2.088276030750572
2024-10-01,-2.2416136873394286
2024-10-02,-2.4685103036801403
2024-10-03,-2.5104833074779163
2024-10-04,-2.440788401968661
2024-10-05,-2.417917393792342
2024-10-06,-2.4071784754191765
2024-10-07,-2.370846191369076
2024-10-08,-2.28023814783879
2024-10-09,-2.292389922820834
2024-10-10,-2.1860368820280516
2024-10-11,-2.2666065464191947
2024-10-12,-2.214439682968174
2024-10-13,-2.1819740514992807
2024-10-14,-2.0629052975055027
2024-10-15,-2.2169367719716897
2024-10-16,-2.2422057545026512
2024-10-17,-2.2169346606044282
2024-10-18,-2.201265840874375
2024-10-19,-2.1559604832117256
2024-10-20,-1.9469715271548795
2024-10-21,-1.9726920672076684
2024-10-22,-2.0753215100835933
2024-10-23,-2.2553035010729277
2024-10-24,-2.335105183669966
2024-10-25,-2.4199977341427634
2024-10-26,-2.316831355169274
2024-10-27,-2.3119478946515484
2024-10-28,-2.321217467510174
2024-10-29,-2.3679722140204125
2024-10-30,-2.266486941942898
2024-10-31,-2.3935744354207005
2024-11-01,-2.315320302468228
2024-11-02,-2.324150663496205
2024-11-03,-2.335393584069915
2024-11-04,-2.373378862731122
2024-11-05,-2.4153317508065
2024-11-06,-2.2172493710797045
2024-11-07,-1.8588785256417877
2024-11-08,-1.7584156003703575
2024-11-09,-1.4164625220471516
2024-11-10,-1.5857084217250725
2024-11-11,-1.8285147590430089
2024-11-12,-1.9932979516223666
2024-11-13,-2.23520812630516
2024-11-14,-2.2422132011072304
2024-11-15,-2.370984506140916
2024-11-16,-2.266517379705646
2024-11-17,-2.299452275337135
2024-11-18,-2.09687151513436
2024-11-19,-2.3370743063375587
2024-11-20,-2.4797195982859237
2024-11-21,-2.224527658758947
2024-11-22,-2.271981679908144
2024-11-23,-2.0928158162000523
2024-11-24,-2.134892254643242
2024-11-25,-1.7766807365449475
2024-11-26,-1.8359333171839358
2024-11-27,-1.5413006830505973
2024-11-28,-1.6299648445228678
2024-11-29,-1.69837382155546
2024-11-30,-1.4645069358108118
2024-12-01,-1.4942994024727685
2024-12-02,-1.5042481330436241
2024-12-03,-1.5371341092578827
2024-12-04,-1.3599189780324035
2024-12-05,-1.2722835494042244
2024-12-06,-1.1747285136057126
2024-12-07,-1.1727418066770752
2024-12-08,-1.2355148034113947
2024-12-09,-1.4263359009227476
2024-12-10,-1.5019216929788863
2024-12-11,-1.4478675560616925
2024-12-12,-1.308375364289037
2024-12-13,-1.3378075335797708
2024-12-14,-1.3843035845804696
2024-12-15,-1.4135075554829213
2024-12-16,-1.4442575864517884
2024-12-17,-1.57228256270908
2024-12-18,-1.6234551897285265
2024-12-19,-1.7655489598537628
2024-12-20,-1.689072455235097
2024-12-21,-1.8403552673168067
2024-12-22,-1.807548755444635
2024-12-23,-1.5756584037393668
2024-12-24,-1.6578003492751987
2024-12-25,-1.674541142521229
2024-12-26,-1.7173954303498893
2024-12-27,-1.6281797766002035
2024-12-28,-1.5700350271799937
2024-12-29,-1.5456339720339098
2024-12-30,-1.4800592092057088
2024-12-31,-1.5452029030245136
2025-01-01,-1.5552441699870214
2025-01-02,-1.5309999864641524
2025-01-03,-1.372903438825208
2025-01-04,-1.3002935885958933
2025-01-05,-1.3283275340527476
2025-01-06,-1.4293891423445642
2025-01-07,-1.583615627449127
2025-01-08,-1.5589207385715451
2025-01-09,-1.5734723347466424
2025-01-10,-1.603813559597257
2025-01-11,-1.56844541084035
2025-01-12,-1.5794252429806235
2025-01-13,-1.7516315833632932
2025-01-14,-1.7129877588109665
2025-01-15,-1.5822199095577127
2025-01-16,-1.725711227060257
2025-01-17,-1.7044814414521738
2025-01-18,-1.9024330860142298
2025-01-19,-1.8803211453620845
2025-01-20,-1.8186797341645582
2025-01-21,-1.909129346098255
2025-01-22,-1.9067309940407966
2025-01-23,-1.787938304678221
2025-01-24,-1.8402951898737556
2025-01-25,-1.8133757214621786
2025-01-26,-1.8210215254585325
2025-01-27,-1.8556025998013141
2025-01-28,-1.9395218315549438
2025-01-29,-1.9686190273648236
2025-01-30,-1.8284226834676582
2025-01-31,-1.6644697651876523
2025-02-01,-1.8071033082221868
2025-02-02,-1.99512106739548
2025-02-03,-2.093014006163869
2025-02-04,-2.1369753591419847
2025-02-05,-2.0075084347580825
2025-02-06,-2.116769759444056
2025-02-07,-2.1795681304664383
2025-02-08,-2.145537422463784
2025-02-09,-2.1313759221869963
2025-02-10,-2.1038120777194163
2025-02-11,-2.1009458821134666
2025-02-12,-1.9907002358877643
2025-02-13,-2.006354064490073
2025-02-14,-1.9595022711497432
2025-02-15,-1.9858739270980779
2025-02-16,-1.9598693071691466
2025-02-17,-1.8341735449683485
2025-02-18,-1.904507089709849
2025-02-19,-1.8731839065444904
2025-02-20,-1.8885758520699638
2025-02-21,-1.9000403267111183
2025-02-22,-1.7773613093827083
2025-02-23,-1.6874024005641244
2025-02-24,-1.8901300223483146
2025-02-25,-1.808731627291108
2025-02-26,-1.851017345312318
2025-02-27,-1.8869541048102776
2025-02-28,-1.9537008855781066
2025-03-01,-2.0267719076534236
2025-03-02,-1.900373909919102
2025-03-03,-2.0936718996391837
2025-03-04,-2.081975901103046
2025-03-05,-2.082066797914765
2025-03-06,-2.0969419253469
2025-03-07,-2.0626746412390267
2025-03-08,-1.9473518812183344
2025-03-09,-1.996564911956461
2025-03-10,-2.1295867577697476
2025-03-11,-2.1730295682830314
2025-03-12,-2.196881278009754
2025-03-13,-2.1588195283332796
2025-03-14,-2.1677700559168716
2025-03-15,-2.1242418523695696
2025-03-16,-2.1195805044130154
2025-03-17,-2.0950926163969426
2025-03-18,-2.02921399898423
2025-03-19,-1.976695751682575
2025-03-20,-1.9765600505557783
2025-03-21,-1.9800929190409555
2025-03-22,-1.9388701950292082
2025-03-23,-1.9580487673084934
2025-03-24,-1.8956448117435765
2025-03-25,-1.8923927538346077
2025-03-26,-1.933260361432947
2025-03-27,-1.9341420200003194
2025-03-28,-1.9714318388325174
2025-03-29,-1.9921098834309239
2025-03-30,-1.9953659193516793
2025-03-31,-1.9635885132586994
2025-04-01,-1.918537607531192
2025-04-02,-1.9664357558923784
2025-04-03,-1.9421944134657059
2025-04-04,-1.9467148326908332
2025-04-05,-1.9335321988886403
2025-04-06,-2.0672207140914254
2025-04-07,-2.103262368023102
2025-04-08,-2.1179684495021887
2025-04-09,-2.0102336066000515
2025-04-10,-2.1015441979170717
2025-04-11,-2.116291386951689
2025-04-12,-2.04997259726153
2025-04-13,-2.0509581866128133
2025-04-14,-2.0220834524553806
2025-04-15,-2.025412534202814
2025-04-16,-2.028480094233728
2025-04-17,-2.024791270082065
2025-04-18,-1.9910436950641104
2025-04-19,-1.960503705722628
2025-04-20,-1.9754559876608866
2025-04-21,-2.015152110276483
2025-04-22,-1.9267659408805908
2025-04-23,-1.8773880096040623
2025-04-24,-1.8939522466655696
2025-04-25,-1.8771982083973342
2025-04-26,-1.826797290980709
2025-04-27,-1.8255922410753507
2025-04-28,-1.8298193404400138
2025-04-29,-1.803363990617532
2025-04-30,-1.7941962162785212
2025-05-01,-1.7798193506431716
2025-05-02,-1.7716280934559392
2025-05-03,-1.74900226098963
2025-05-04,-1.731877391801973
2025-05-05,-1.7170625391662793
2025-05-06,-1.7464648854734068
2025-05-07,-1.7413187486334147
2025-05-08,-1.4843554794903913
2025-05-09,-1.3477021362294035
2025-05-10,-1.1686398166213063
2025-05-11,-1.2123054936988475
2025-05-12,-1.190176143446473
2025-05-13,-1.0523886332979948
2025-05-14,-1.0937290946048288
2025-05-15,-1.1473454121633024
2025-05-16,-1.144735977213021
2025-05-17,-1.1849217087611075
2025-05-18,-1.2253452929069408
2025-05-19,-1.175204990281461
2025-05-20,-1.1970971744527976
2025-05-21,-1.2241533900996135
2025-05-22,-1.1652822526882862
2025-05-23,-1.187892958583014
2025-05-24,-1.1886469752819566
2025-05-25,-1.1896710586239712
2025-05-26,-1.1820066473356834
2025-05-27,-1.085249162470405
2025-05-28,-1.0394963776175241
2025-05-29,-1.0311700235200643
2025-05-30,-1.081114681246432
2025-05-31,-1.090899730885999
2025-06-01,-1.1015687805484584
2025-06-02,-1.0394838027215092
2025-06-03,-1.037206094704292
2025-06-04,-1.0032345473070583
2025-06-05,-1.1036997493356255
2025-06-06,-1.1041074995117017
2025-06-07,-1.0808511967444796
2025-06-08,-1.0936263388200538
2025-06-09,-1.0336527092719543
2025-06-10,-0.9141634247559611
2025-06-11,-0.9093908456950971
2025-06-12,-0.9510848847461448
2025-06-13,-1.0152454053932158
2025-06-14,-1.0386671524013549
2025-06-15,-1.0236278296509407
2025-06-16,-1.0520536597022863
2025-06-17,-1.0265299151209257
2025-06-18,-1.0157295123698853
2025-06-19,-1.0096030146886876
2025-06-20,-1.082386595072922
2025-06-21,-1.1573645251475146
2025-06-22,-1.1956405997169797
2025-06-23,-1.1045389394038865
2025-06-24,-1.0863164256821056
2025-06-25,-1.1374227377329789
2025-06-26,-1.1282121273392984
2025-06-27,-1.1202850464408707
2025-06-28,-1.1096020889426912
2025-06-29,-1.068703254968107
2025-06-30,-1.051417163520683
2025-07-01,-1.094087891028668
2025-07-02,-1.0016859272532246
2025-07-03,-0.9973768994426732
2025-07-04,-1.0367673495490293
2025-07-05,-1.0287542785959454
2025-07-06,-0.9951954225330958
2025-07-07,-0.9975158959305619
2025-07-08,-0.9378948866496991
2025-07-09,-0.8395042802712025
2025-07-10,-0.7726669229219152
2025-07-11,-0.8026293767557948
2025-07-12,-0.8114973967322636
2025-07-13,-0.8190709109479345
2025-07-14,-0.7957238697657548
2025-07-15,-0.6227426144834871
2025-07-16,-0.42314897129928497
2025-07-17,-0.3331646275495883
2025-07-18,-0.22150991392039385
2025-07-19,-0.16885439034658564
2025-07-20,0.019385095078251313
2025-07-21,0.025388424250664652
2025-07-22,-0.06306587027674337
2025-07-23,-0.13760556280844038
2025-07-24,-0.040344739600117134
2025-07-25,0.008409233448518273
2025-07-26,0.018374235526431904
2025-07-27,0.11213531706713507
2025-07-28,0.0779956671130256
2025-07-29,0.0909235633026738
2025-07-30,0.11619446952971065
2025-07-31,0.0749039300294586
2025-08-01,-0.06423278421345466
2025-08-02,-0.13896533819072793
2025-08-03,-0.073438763994249
2025-08-04,0.15034259019845975
2025-08-05,0.06817993836009584
2025-08-06,0.12239768221567014
2025-08-07,0.2941061604053063
2025-08-08,0.43577094251227144
2025-08-09,0.7322516646241449
2025-08-10,0.6132221437307553
2025-08-11,0.6105581011230371
2025-08-12,0.9608384552085375
2025-08-13,1.0137114079680118
2025-08-14,1.0020499753298169
2025-08-15,0.9267381433106435
2025-08-16,0.9121688734944167
2025-08-17,0.9727425797702228
2025-08-18,0.8453857139564002
2025-08-19,0.7167590194774084
2025-08-20,0.9699808386140205
2025-08-21,0.9248909782469766
2025-08-22,1.4425862656799238
2025-08-23,1.4527100728694045
2025-08-24,1.5540514335753834
2025-08-25,1.2260605058648801
2025-08-26,1.4251723348354512
2025-08-27,1.335759951946608
2025-08-28,1.278024895318406
2025-08-29,1.3041417035075573
2025-08-30,1.3044325431154267
2025-08-31,1.3563018277239396
2025-09-01,1.21172504067278
2025-09-02,1.1334649461577748
2025-09-03,1.2658541021114098
2025-09-04,1.1289658752241156
2025-09-05,1.1460444109956966
2025-09-06,1.1279313322563302
2025-09-07,1.1242416261275332
2025-09-08,1.0872335734414051
2025-09-09,1.1171163203526202
2025-09-10,1.0541960315548642
2025-09-11,1.1204583562744599
2025-09-12,1.400151015793369
2025-09-13,1.350599721129969
2025-09-14,1.3062642944931724
2025-09-15,1.2036769695460876
2025-09-16,1.1105435142865783
2025-09-17,1.2350543245716665
2025-09-18,1.1993493017751258
2025-09-19,1.1241920475410954
2025-09-20,1.138110175087942
2025-09-21,1.1225519173737393
2025-09-22,0.9381696013261815
2025-09-23,0.9294453325097508
2025-09-24,0.8570729678446612
2025-09-25,0.6940055972658887
2025-09-26,0.8832404686815869
2025-09-27,0.8657802833402187
2025-09-28,0.9112251031625457
2025-09-29,0.9038416343516136
2025-09-30,0.8339375359492137
2025-10-01,0.8829114404508531
2025-10-02,0.9584640319301889
2025-10-03,0.9222082793088662
2025-10-04,0.8868692310547006
2025-10-05,0.8727084691964723
2025-10-06,1.020473800747215
2025-10-07,0.8886140573004295
2025-10-08,0.8984914966087345
2025-10-09,0.7845097195671664
2025-10-10,0.5050850598006488
2025-10-11,0.49401446789191034
2025-10-12,0.831759550996986
2025-10-13,0.9312915273402668
2025-10-14,0.8814844159095662
2025-10-15,0.8141732787032777
2025-10-16,0.8171272856447246
2025-10-17,0.8185980649972666
2025-10-18,0.8633053996995997
2025-10-19,0.920190670913044
2025-10-20,0.8246027834839061
2025-10-21,0.7896150089365469
2025-10-22,0.7368573351366249
2025-10-23,0.6901070231703746
2025-10-24,0.7506692342120402
2025-10-25,0.7479384868162232
2025-10-26,0.8827684540824629
2025-10-27,0.8509669327458094
2025-10-28,0.7266824420794304
2025-10-29,0.7585455455492732
2025-10-30,0.709246570610442
2025-10-31,0.7080408350474109
2025-11-01,0.721098220269118
2025-11-02,0.7436817701869345
2025-11-03,0.5170255804181332
2025-11-04,0.3114521779573665
2025-11-05,0.3950631641019207
2025-11-06,0.3564914597876565
2025-11-07,0.43850338422038193
2025-11-08,0.44345512678234666
2025-11-09,0.5915744353786268
2025-11-10,0.5138354116582605
2025-11-11,0.4407686371461223
2025-11-12,0.504602047528879
2025-11-13,0.33405512385778147
2025-11-14,0.4032804675547398
2025-11-15,0.44299873101356035
2025-11-16,0.3987532853021361
2025-11-17,0.3996127203311785
2025-11-18,0.5143149460660069
2025-11-19,0.4323489374292647
2025-11-20,0.37761013098631224
2025-11-21,0.35065724242517565
2025-11-22,0.38004207981604726
2025-11-23,0.3180902417674349
2025-11-24,0.49534294329082124
2025-11-25,0.5595090829306694
2025-11-26,0.4982981231171707
2025-11-27,0.4368824220278396
2025-11-28,0.48879761086588747
2025-11-29,0.42708948698259586
2025-11-30,0.4561003417524879
2025-12-01,0.3588098606914973
2025-12-02,0.4193047325430863
2025-12-03,0.6204479761859283
2025-12-04,0.6072328144309967
2025-12-05,0.583284633099456
2025-12-06,0.6212653820008693
2025-12-07,0.5958232311778635
2025-12-08,0.6946155671064391
2025-12-09,0.9049516933571515
2025-12-10,0.9536883873727443
2025-12-11,0.7786863881024663
2025-12-12,0.6543004566778896
2025-12-13,0.7114519884447298
2025-12-14,0.7443173064875961
2025-12-15,0.6829861041872403
2025-12-16,0.5988850299127891
2025-12-17,0.4644774522959181
2025-12-18,0.4992980164651511
2025-12-19,0.6128494026714528
2025-12-20,0.5988868543056514
2025-12-21,0.6250718179300406
2025-12-22,0.6411574353583454
2025-12-23,0.6315544010583163
2025-12-24,0.5888349752674045
2025-12-25,0.5372436717337586
2025-12-26,0.5738327629228108
2025-12-27,0.5846990611869087
2025-12-28,0.5850209318153122
2025-12-29,0.6033003600565905
2025-12-30,0.5931792955390524
2025-12-31,0.6421157262882103
2026-01-01,0.6288031093070394
2026-01-02,0.7748533499361512
2026-01-03,0.7392930602261054
2026-01-04,0.7186686936107114
2026-01-05,0.7215398578787112
2026-01-06,0.8489434545168074
2026-01-07,0.7729305092243876
2026-01-08,0.6819203533688573
2026-01-09,0.6757554452896102
2026-01-10,0.6824149221424827
2026-01-11,0.7200487006524194
2026-01-12,0.6525779986485598
2026-01-13,0.800543468111949
2026-01-14,0.7615514440562595
2026-01-15,0.7779689403028308
2026-01-16,0.7428196900581169
2026-01-17,0.7884368809156279
2026-01-18,0.8255915873037887
2026-01-19,0.7273236284020583
2026-01-20,0.5392048279881181
2026-01-21,0.5520312966702255
2026-01-22,0.49453864393537866
2026-01-23,0.4980339280308226
2026-01-24,0.512207122159662
2026-01-25,0.42287526108164764
2026-01-26,0.5209759976555389
2026-01-27,0.639783366465932
2026-01-28,0.6055787922444242
2026-01-29,0.5433973335208572
2026-01-30,0.35319715075714514
2026-01-31,0.1928969852323596
2026-02-01,-0.06380542813292057
2026-02-02,-0.012242606101804686
2026-02-03,-0.06629587908593307
2026-02-04,-0.08215141545098058
2026-02-05,-0.1297868746880655
2026-02-06,-0.1002051784567519
2026-02-07,0.04480833226223654
2026-02-08,-0.02669165642304834
2026-02-09,0.014974881826761443
2026-02-10,-0.0872694954034353
2026-02-11,-0.14915783083098721
2026-02-12,-0.0816725632530401
2026-02-13,-0.027439411410979397
2026-02-14,-0.004747242079183841
2026-02-15,-0.21299868438867856
2026-02-16,-0.1441977253117967
2026-02-17,-0.06649537367739189
2026-02-18,-0.08297729713742383
2026-02-19,-0.13388779883978275
2026-02-20,-0.15679758185753495
2026-02-21,-0.1463577768522443
2026-02-22,-0.16033963816459
2026-02-23,-0.19489391756871688
2026-02-24,-0.1638305811318128
2026-02-25,0.04295161350683191
2026-02-26,0.012608543529726948
2026-02-27,-0.1052215588447403
2026-02-28,-0.1026128056719865
2026-03-01,-0.07807045562947411
2026-03-02,-0.08250768870598936
2026-03-03,-0.15452147823391088
2026-03-05,-0.1231340390583584
