Date,sol_z
2020-04-10,
2020-04-11,
2020-04-12,
2020-04-13,
2020-04-14,
2020-04-15,
2020-04-16,
2020-04-17,
2020-04-18,
2020-04-19,
2020-04-20,
2020-04-21,
2020-04-22,
2020-04-23,
2020-04-24,
2020-04-25,
2020-04-26,
2020-04-27,
2020-04-28,
2020-04-29,
2020-04-30,
2020-05-01,
2020-05-02,
2020-05-03,
2020-05-04,
2020-05-05,
2020-05-06,
2020-05-07,
2020-05-08,
2020-05-09,
2020-05-10,
2020-05-11,
2020-05-12,
2020-05-13,
2020-05-14,
2020-05-15,
2020-05-16,
2020-05-17,
2020-05-18,
2020-05-19,
2020-05-20,
2020-05-21,
2020-05-22,
2020-05-23,
2020-05-24,
2020-05-25,
2020-05-26,
2020-05-27,
2020-05-28,
2020-05-29,
2020-05-30,
2020-05-31,
2020-06-01,
2020-06-02,
2020-06-03,
2020-06-04,
2020-06-05,
2020-06-06,
2020-06-07,
2020-06-08,
2020-06-09,
2020-06-10,
2020-06-11,
2020-06-12,
2020-06-13,
2020-06-14,
2020-06-15,
2020-06-16,
2020-06-17,
2020-06-18,
2020-06-19,
2020-06-20,
2020-06-21,
2020-06-22,
2020-06-23,
2020-06-24,
2020-06-25,
2020-06-26,
2020-06-27,
2020-06-28,
2020-06-29,
2020-06-30,
2020-07-01,
2020-07-02,
2020-07-03,
2020-07-04,
2020-07-05,
2020-07-06,
2020-07-07,
2020-07-08,
2020-07-09,
2020-07-10,
2020-07-11,
2020-07-12,
2020-07-13,
2020-07-14,
2020-07-15,
2020-07-16,
2020-07-17,
2020-07-18,
2020-07-19,
2020-07-20,
2020-07-21,
2020-07-22,
2020-07-23,
2020-07-24,
2020-07-25,
2020-07-26,
2020-07-27,
2020-07-28,
2020-07-29,
2020-07-30,
2020-07-31,
2020-08-01,
2020-08-02,
2020-08-03,
2020-08-04,
2020-08-05,
2020-08-06,
2020-08-07,
2020-08-08,
2020-08-09,
2020-08-10,
2020-08-11,
2020-08-12,
2020-08-13,
2020-08-14,
2020-08-15,
2020-08-16,
2020-08-17,
2020-08-18,
2020-08-19,
2020-08-20,
2020-08-21,
2020-08-22,
2020-08-23,
2020-08-24,
2020-08-25,
2020-08-26,
2020-08-27,
2020-08-28,
2020-08-29,
2020-08-30,
2020-08-31,
2020-09-01,
2020-09-02,
2020-09-03,
2020-09-04,
2020-09-05,
2020-09-06,
2020-09-07,
2020-09-08,
2020-09-09,
2020-09-10,
2020-09-11,
2020-09-12,
2020-09-13,
2020-09-14,
2020-09-15,
2020-09-16,
2020-09-17,
2020-09-18,
2020-09-19,
2020-09-20,
2020-09-21,
2020-09-22,
2020-09-23,
2020-09-24,
2020-09-25,
2020-09-26,
2020-09-27,
2020-09-28,
2020-09-29,
2020-09-30,
2020-10-01,
2020-10-02,
2020-10-03,
2020-10-04,
2020-10-05,
2020-10-06,
2020-10-07,
2020-10-08,
2020-10-09,
2020-10-10,
2020-10-11,
2020-10-12,
2020-10-13,
2020-10-14,
2020-10-15,
2020-10-16,
2020-10-17,
2020-10-18,
2020-10-19,
2020-10-20,
2020-10-21,
2020-10-22,
2020-10-23,
2020-10-24,
2020-10-25,
2020-10-26,
2020-10-27,
2020-10-28,
2020-10-29,
2020-10-30,
2020-10-31,
2020-11-01,
2020-11-02,
2020-11-03,
2020-11-04,
2020-11-05,
2020-11-06,
2020-11-07,
2020-11-08,
2020-11-09,
2020-11-10,
2020-11-11,
2020-11-12,
2020-11-13,
2020-11-14,
2020-11-15,
2020-11-16,
2020-11-17,
2020-11-18,
2020-11-19,
2020-11-20,
2020-11-21,
2020-11-22,
2020-11-23,
2020-11-24,
2020-11-25,
2020-11-26,
2020-11-27,
2020-11-28,
2020-11-29,
2020-11-30,
2020-12-01,
2020-12-02,
2020-12-03,
2020-12-04,
2020-12-05,
2020-12-06,
2020-12-07,
2020-12-08,
2020-12-09,
2020-12-10,
2020-12-11,
2020-12-12,
2020-12-13,
2020-12-14,
2020-12-15,
2020-12-16,
2020-12-17,
2020-12-18,
2020-12-19,
2020-12-20,
2020-12-21,
2020-12-22,
2020-12-23,
2020-12-24,
2020-12-25,
2020-12-26,
2020-12-27,
2020-12-28,
2020-12-29,
2020-12-30,
2020-12-31,
2021-01-01,
2021-01-02,
2021-01-03,
2021-01-04,
2021-01-05,
2021-01-06,
2021-01-07,
2021-01-08,
2021-01-09,
2021-01-10,
2021-01-11,
2021-01-12,
2021-01-13,
2021-01-14,
2021-01-15,
2021-01-16,
2021-01-17,
2021-01-18,
2021-01-19,
2021-01-20,
2021-01-21,
2021-01-22,
2021-01-23,
2021-01-24,
2021-01-25,
2021-01-26,
2021-01-27,
2021-01-28,
2021-01-29,
2021-01-30,
2021-01-31,
2021-02-01,
2021-02-02,
2021-02-03,
2021-02-04,
2021-02-05,
2021-02-06,
2021-02-07,
2021-02-08,
2021-02-09,
2021-02-10,
2021-02-11,
2021-02-12,
2021-02-13,
2021-02-14,
2021-02-15,
2021-02-16,
2021-02-17,
2021-02-18,
2021-02-19,
2021-02-20,
2021-02-21,
2021-02-22,
2021-02-23,
2021-02-24,
2021-02-25,
2021-02-26,
2021-02-27,
2021-02-28,
2021-03-01,
2021-03-02,
2021-03-03,
2021-03-04,
2021-03-05,
2021-03-06,
2021-03-07,
2021-03-08,
2021-03-09,
2021-03-10,
2021-03-11,
2021-03-12,
2021-03-13,
2021-03-14,
2021-03-15,
2021-03-16,
2021-03-17,
2021-03-18,
2021-03-19,
2021-03-20,
2021-03-21,
2021-03-22,
2021-03-23,
2021-03-24,
2021-03-25,
2021-03-26,
2021-03-27,
2021-03-28,
2021-03-29,
2021-03-30,
2021-03-31,
2021-04-01,
2021-04-02,
2021-04-03,
2021-04-04,
2021-04-05,
2021-04-06,
2021-04-07,
2021-04-08,
2021-04-09,3.2597860244566808
2021-04-10,2.9267130516220075
2021-04-11,3.0323397546711517
2021-04-12,3.1032454155259397
2021-04-13,2.6321983803319906
2021-04-14,2.4803397553122517
2021-04-15,2.641255799542227
2021-04-16,2.35560192881203
2021-04-17,2.3418989565909296
2021-04-18,3.7927980921789555
2021-04-19,3.656503209477888
2021-04-20,3.5316089380616504
2021-04-21,3.8108020492743884
2021-04-22,4.9372569800161275
2021-04-23,4.555189723558468
2021-04-24,5.10153787149638
2021-04-25,5.994118642312603
2021-04-26,4.6704299935627365
2021-04-27,4.333270007830857
2021-04-28,4.428108724068989
2021-04-29,4.141800673649902
2021-04-30,3.722528125481423
2021-05-01,4.35049352266795
2021-05-02,4.06013398879982
2021-05-03,3.811481688107726
2021-05-04,3.717535065584504
2021-05-05,3.5298412757989865
2021-05-06,3.394527651070024
2021-05-07,3.2304066013556265
2021-05-08,3.303729913402125
2021-05-09,3.1719790219123176
2021-05-10,3.159359340537703
2021-05-11,3.2069048491619943
2021-05-12,3.5688161770289737
2021-05-13,3.294599357525495
2021-05-14,3.403066424796574
2021-05-15,3.712074314403485
2021-05-16,4.061195193709658
2021-05-17,4.2509149029394075
2021-05-18,5.171808693069862
2021-05-19,3.3990034664642153
2021-05-20,4.0025979139205
2021-05-21,3.660415104406419
2021-05-22,2.684599944333455
2021-05-23,2.10345013936154
2021-05-24,2.5162533085015126
2021-05-25,2.369986580899275
2021-05-26,2.875958428911814
2021-05-27,2.7062895531238236
2021-05-28,2.417885630428136
2021-05-29,2.2969366236132824
2021-05-30,2.319525792644846
2021-05-31,2.616993961373592
2021-06-01,2.444723620244951
2021-06-02,2.6590915765168
2021-06-03,3.0400471747752698
2021-06-04,3.0240319092381815
2021-06-05,3.3650865400644827
2021-06-06,3.557743222259113
2021-06-07,3.340871823284619
2021-06-08,3.65142500048935
2021-06-09,3.1615774565297734
2021-06-10,3.0906598146500595
2021-06-11,2.489705440821485
2021-06-12,2.675061178739343
2021-06-13,2.5239055367673715
2021-06-14,2.392988903965603
2021-06-15,2.5637527367800037
2021-06-16,2.5927132455786643
2021-06-17,2.5501743983355714
2021-06-18,2.494541352064668
2021-06-19,2.3601294789115146
2021-06-20,2.325172819668931
2021-06-21,1.8032118433581898
2021-06-22,1.7292052301420098
2021-06-23,1.943431575245273
2021-06-24,1.9561379613237597
2021-06-25,1.9652961490486105
2021-06-26,2.002286792403468
2021-06-27,1.9800821967205668
2021-06-28,2.0775657445844744
2021-06-29,2.020137862291049
2021-06-30,2.231317811296905
2021-07-01,2.1465605167106236
2021-07-02,2.154722468445007
2021-07-03,2.106038352996939
2021-07-04,2.0168930938775027
2021-07-05,2.0161650942693785
2021-07-06,2.0732945749383216
2021-07-07,2.3043129991485376
2021-07-08,2.0616547873680293
2021-07-09,1.9642847106454036
2021-07-10,1.837457177522562
2021-07-11,1.7970892870879174
2021-07-12,1.7549100819280155
2021-07-13,1.619896298399243
2021-07-14,1.7997878951752764
2021-07-15,1.610541424015866
2021-07-16,1.4293552352526437
2021-07-17,1.4454102133713356
2021-07-18,1.4180116200941115
2021-07-19,1.2637460560145894
2021-07-20,1.240575074931329
2021-07-21,1.3576634943141104
2021-07-22,1.4346178962791551
2021-07-23,1.40105933856805
2021-07-24,1.3561812859368605
2021-07-25,1.2274703196215349
2021-07-26,1.1041899206561099
2021-07-27,0.9601508728062206
2021-07-28,0.9047549820875417
2021-07-29,1.159267543840092
2021-07-30,1.1082424733662228
2021-07-31,1.4539864533963835
2021-08-01,1.3620678042638723
2021-08-02,1.3258498805890497
2021-08-03,1.4474255236696947
2021-08-04,1.4641953280717717
2021-08-05,1.4970506908706942
2021-08-06,1.508901248365906
2021-08-07,1.3906819367502004
2021-08-08,1.3112245429451423
2021-08-09,1.2331080822787046
2021-08-10,1.3883532101422134
2021-08-11,1.4502731411602163
2021-08-12,1.4691559655762476
2021-08-13,1.5015268310798395
2021-08-14,1.4842334875231125
2021-08-15,2.065179222175501
2021-08-16,2.653453097956576
2021-08-17,2.8413599309105053
2021-08-18,3.2996786051993783
2021-08-19,3.0769920188966915
2021-08-20,3.1302965403188767
2021-08-21,2.8512825054815107
2021-08-22,2.728550403857634
2021-08-23,2.827172924397638
2021-08-24,2.6695511300516257
2021-08-25,2.606230422090004
2021-08-26,2.9124305078591317
2021-08-27,3.3395952497036614
2021-08-28,3.714895340599029
2021-08-29,3.536240013277011
2021-08-30,4.40837000565571
2021-08-31,4.175747337069502
2021-09-01,4.0101193965683235
2021-09-02,4.588524972482304
2021-09-03,5.109386080377568
2021-09-04,4.645870105017323
2021-09-05,4.426847905227733
2021-09-06,4.985648041952819
2021-09-07,5.789314164477194
2021-09-08,6.22763856381912
2021-09-09,5.77346038451333
2021-09-10,5.440123131912326
2021-09-11,5.147192989109729
2021-09-12,4.725229294373555
2021-09-13,4.541441309428956
2021-09-14,3.863721299986181
2021-09-15,3.7048062423729045
2021-09-16,3.481139069564958
2021-09-17,3.3268982795311985
2021-09-18,3.751424041460231
2021-09-19,3.3268687597792628
2021-09-20,3.091822669006866
2021-09-21,2.9967805536919387
2021-09-22,3.371959246126948
2021-09-23,3.2414858644624376
2021-09-24,3.091219310797534
2021-09-25,2.966510985166715
2021-09-26,2.8686218966445653
2021-09-27,2.938399897943282
2021-09-28,2.8603448270026233
2021-09-29,2.8772323148480754
2021-09-30,2.7985509340217396
2021-10-01,2.911865998781719
2021-10-02,3.0673835165441883
2021-10-03,3.05875685767076
2021-10-04,2.8175342245978108
2021-10-05,2.5618954352015297
2021-10-06,2.1139829337005276
2021-10-07,2.1816048454730934
2021-10-08,2.241223312062273
2021-10-09,2.124952643443441
2021-10-10,1.9525638141394106
2021-10-11,1.7500414854409208
2021-10-12,1.945702121476447
2021-10-13,1.7843236055384517
2021-10-14,1.802359882818501
2021-10-15,1.8160589814364465
2021-10-16,1.7496668329541478
2021-10-17,1.744842718016515
2021-10-18,1.6722508901528907
2021-10-19,1.5543929782150638
2021-10-20,1.779570476741029
2021-10-21,2.1515109879173075
2021-10-22,2.303611009768388
2021-10-23,2.2648454352777936
2021-10-24,2.3390953696953214
2021-10-25,2.3262797117358733
2021-10-26,2.2811512287493145
2021-10-27,2.101170723659535
2021-10-28,2.14985137581259
2021-10-29,2.1325668122132413
2021-10-30,2.0583221678277495
2021-10-31,2.1726934561188505
2021-11-01,2.185008031480668
2021-11-02,2.297980152261166
2021-11-03,2.6112801127643057
2021-11-04,2.72962392769517
2021-11-05,2.5570358400461983
2021-11-06,2.823558984623783
2021-11-07,2.558665186951723
2021-11-08,2.298978704479827
2021-11-09,2.1856375346806907
2021-11-10,2.1866219148796273
2021-11-11,2.17442438119103
2021-11-12,2.116508615867732
2021-11-13,2.2565560275453547
2021-11-14,2.1437397609310818
2021-11-15,2.2037188438073856
2021-11-16,2.105913429297072
2021-11-17,2.0698587018197427
2021-11-18,1.8962202993507007
2021-11-19,2.1025541394034426
2021-11-20,2.041777503416973
2021-11-21,2.254952667140548
2021-11-22,2.1488695403614955
2021-11-23,2.1459476621123073
2021-11-24,2.0990837827950957
2021-11-25,1.9085171531454368
2021-11-26,1.8728938921603666
2021-11-27,1.817399827953765
2021-11-28,1.7901703534226805
2021-11-29,1.7998410453507965
2021-11-30,1.8847196163761488
2021-12-01,2.1447214490563318
2021-12-02,2.223496259807465
2021-12-03,2.048140714419877
2021-12-04,2.1426107247158526
2021-12-05,2.036888321005866
2021-12-06,1.9183812091881234
2021-12-07,1.8431027761785899
2021-12-08,1.9000068907919403
2021-12-09,1.8456169266917977
2021-12-10,1.648476642197663
2021-12-11,1.5838479233388154
2021-12-12,1.5574427860887765
2021-12-13,1.4425576784909884
2021-12-14,1.4105045460773336
2021-12-15,1.667306521018962
2021-12-16,1.704109928276225
2021-12-17,1.7557882480039835
2021-12-18,1.8196816282355712
2021-12-19,1.7721536623061396
2021-12-20,1.6490477124557152
2021-12-21,1.620200340612255
2021-12-22,1.6041426072014013
2021-12-23,1.6440520437477415
2021-12-24,1.634513408584392
2021-12-25,1.6855874531356294
2021-12-26,1.7227796064144876
2021-12-27,1.6837790010915292
2021-12-28,1.5784954183999484
2021-12-29,1.5297612583823328
2021-12-30,1.5110933878032302
2021-12-31,1.5131898873161782
2022-01-01,1.5508908378793522
2022-01-02,1.5282593637629627
2022-01-03,1.4761447936144922
2022-01-04,1.462461471790068
2022-01-05,1.3831757572119527
2022-01-06,1.322157001739845
2022-01-07,1.1701436847657842
2022-01-08,1.2580267055638237
2022-01-09,1.2122875797395747
2022-01-10,1.127678760043152
2022-01-11,1.1424335582559428
2022-01-12,1.2581572554188043
2022-01-13,1.2343340330806705
2022-01-14,1.2012414722269642
2022-01-15,1.2173221176981106
2022-01-16,1.2151046476245386
2022-01-17,1.124843410893846
2022-01-18,1.1396520206555927
2022-01-19,1.0706886795100614
2022-01-20,0.9752088698411521
2022-01-21,0.9301580094009051
2022-01-22,0.6518272013289577
2022-01-23,0.6880744810372267
2022-01-24,0.5085136395607049
2022-01-25,0.5497571384870629
2022-01-26,0.502456707527118
2022-01-27,0.4341266598889801
2022-01-28,0.4326709963755709
2022-01-29,0.5058192888924905
2022-01-30,0.45664938891028006
2022-01-31,0.548090410204761
2022-02-01,0.7235534383225417
2022-02-02,0.658955507050148
2022-02-03,0.6364287369000992
2022-02-04,0.6119972113498631
2022-02-05,0.6410992787152476
2022-02-06,0.615103286128978
2022-02-07,0.5804272365585156
2022-02-08,0.5013207922956541
2022-02-09,0.4950168787633327
2022-02-10,0.3923832297733363
2022-02-11,0.26646705290496875
2022-02-12,0.26118810870504977
2022-02-13,0.21227523051126043
2022-02-14,0.24934483728893223
2022-02-15,0.3116066512115268
2022-02-16,0.2823394251454908
2022-02-17,0.2677531232731608
2022-02-18,0.22309593669038016
2022-02-19,0.2424167408525559
2022-02-20,0.3027416408727973
2022-02-21,0.20556929242637625
2022-02-22,0.21436052184772278
2022-02-23,0.22446102923680056
2022-02-24,0.25934037492010975
2022-02-25,0.2820027180342455
2022-02-26,0.23521139815206032
2022-02-27,0.20287997171046104
2022-02-28,0.22706603972641756
2022-03-01,0.1617573949597913
2022-03-02,0.2100219035429796
2022-03-03,0.17455227668253656
2022-03-04,0.17405125189658
2022-03-05,0.18622175177382744
2022-03-06,0.12396397851219398
2022-03-07,0.0867186332219677
2022-03-08,0.05585381808332107
2022-03-09,0.03428399122592288
2022-03-10,0.03207173902060058
2022-03-11,0.010984769341588112
2022-03-12,0.018905940891640705
2022-03-13,0.0063472204567818265
2022-03-14,-0.028929823943938088
2022-03-15,0.016989145795220418
2022-03-16,0.03521744635162425
2022-03-17,0.03869956004994775
2022-03-18,0.036952687068298636
2022-03-19,0.06663993767528162
2022-03-20,0.02821783347039843
2022-03-21,0.034127366116051217
2022-03-22,0.010434422135186602
2022-03-23,0.07227081360912781
2022-03-24,0.15717587751947862
2022-03-25,0.06969902934545472
2022-03-26,0.11706885017748991
2022-03-27,0.11317104219090694
2022-03-28,0.08559931678171942
2022-03-29,0.1605284221994061
2022-03-30,0.333794347536589
2022-03-31,0.43829816970257834
2022-04-01,0.6124633340306065
2022-04-02,0.5891641402444598
2022-04-03,0.6378318935826484
2022-04-04,0.5448131983712108
2022-04-05,0.49337457212772523
2022-04-06,0.3417280069635317
2022-04-07,0.43919277600597995
2022-04-08,0.3193978520619233
2022-04-09,0.35350056114934164
2022-04-10,0.35527914670913374
2022-04-11,0.23458990234978286
2022-04-12,0.28369315413983875
2022-04-13,0.25862327329184404
2022-04-14,0.2289760472622628
2022-04-15,0.20391634977707002
2022-04-16,0.22741504359023978
2022-04-17,0.22179513799585396
2022-04-18,0.1946428224637539
2022-04-19,0.2924968635368673
2022-04-20,0.2287317273417571
2022-04-21,0.189948003993264
2022-04-22,0.20454465501196628
2022-04-23,0.21837236884290706
2022-04-24,0.18091350665349273
2022-04-25,0.16674136083278343
2022-04-26,0.1723302409926707
2022-04-27,0.1631713483103942
2022-04-28,0.12410964048653504
2022-04-29,0.08924366745883057
2022-04-30,-0.07946920911275805
2022-05-01,-0.014168462795510092
2022-05-02,-0.07171066080336697
2022-05-03,-0.07488625110554896
2022-05-04,-0.02018342668551957
2022-05-05,-0.046640030949631005
2022-05-06,-0.0923049227404321
2022-05-07,-0.1378114610720952
2022-05-08,-0.15734184738309986
2022-05-09,-0.2754037451654216
2022-05-10,-0.2190823529654058
2022-05-11,-0.6203362907219255
2022-05-12,-0.8118063009348089
2022-05-13,-0.6997384336467869
2022-05-14,-0.6250072754240004
2022-05-15,-0.49668068447385777
2022-05-16,-0.5791382996341456
2022-05-17,-0.5038731095293183
2022-05-18,-0.6460379763627081
2022-05-19,-0.6592005887983643
2022-05-20,-0.6870431674211861
2022-05-21,-0.677262742438771
2022-05-22,-0.6520778712210178
2022-05-23,-0.7094886538033941
2022-05-24,-0.7250483638574815
2022-05-25,-0.7797515078927242
2022-05-26,-0.9180643548555439
2022-05-27,-0.9751579967356163
2022-05-28,-0.8731050524969171
2022-05-29,-0.890949188506907
2022-05-30,-0.9328651360646882
2022-05-31,-0.9835819598900989
2022-06-01,-1.0749633341783427
2022-06-02,-1.0871105167375679
2022-06-03,-1.143211117690736
2022-06-04,-1.12813914380101
2022-06-05,-1.147644697780473
2022-06-06,-1.0825260798985208
2022-06-07,-1.170553811961019
2022-06-08,-1.1509910882433556
2022-06-09,-1.110220513233949
2022-06-10,-1.1637527736725382
2022-06-11,-1.2486938976963777
2022-06-12,-1.2937328968327502
2022-06-13,-1.189856798361441
2022-06-14,-1.107286787039913
2022-06-15,-0.9186024979190023
2022-06-16,-0.978318814226297
2022-06-17,-0.9503716547305064
2022-06-18,-0.7804567449121742
2022-06-19,-0.7905729473191455
2022-06-20,-0.7400747333102036
2022-06-21,-0.7194509061546207
2022-06-22,-0.762016871375282
2022-06-23,-0.6604616542323877
2022-06-24,-0.482015609864441
2022-06-25,-0.50669315389472
2022-06-26,-0.6093067736505756
2022-06-27,-0.6344129985015288
2022-06-28,-0.7559661748366104
2022-06-29,-0.8197450721843821
2022-06-30,-0.8101854172141724
2022-07-01,-0.8092860283261469
2022-07-02,-0.780328200284475
2022-07-03,-0.7881818611328244
2022-07-04,-0.6993153027901267
2022-07-05,-0.7727660590341976
2022-07-06,-0.7226560322643237
2022-07-07,-0.7521183093728037
2022-07-08,-0.7759371841906315
2022-07-09,-0.7788738541752641
2022-07-10,-0.7879065810829141
2022-07-11,-0.8826662193917135
2022-07-12,-0.8663152217154261
2022-07-13,-0.8367235537317015
2022-07-14,-0.758076760673587
2022-07-15,-0.7724412201865332
2022-07-16,-0.6995453246617718
2022-07-17,-0.7139345461416302
2022-07-18,-0.6251873446331893
2022-07-19,-0.6601682856154142
2022-07-20,-0.7866274108093562
2022-07-21,-0.7340360296549664
2022-07-22,-0.825804780801387
2022-07-23,-0.8385822952366849
2022-07-24,-0.8094367054565315
2022-07-25,-0.9242621055403389
2022-07-26,-0.9481366786231994
2022-07-27,-0.8940215029852069
2022-07-28,-0.8569218120409859
2022-07-29,-0.9054138518219397
2022-07-30,-0.8101036203150963
2022-07-31,-0.85499485355139
2022-08-01,-0.8906947171343851
2022-08-02,-0.9710411860040717
2022-08-03,-1.0285313139408063
2022-08-04,-1.0010082046930937
2022-08-05,-0.9768209136825395
2022-08-06,-0.9799183251130882
2022-08-07,-0.9779361336608138
2022-08-08,-0.9622632910774325
2022-08-09,-1.0043255767035095
2022-08-10,-0.9796327442794259
2022-08-11,-0.9643740417239712
2022-08-12,-0.8850089569010003
2022-08-13,-0.8359536435573631
2022-08-14,-0.9131671367763506
2022-08-15,-0.957611059374345
2022-08-16,-0.9717173785418067
2022-08-17,-1.0690278461541067
2022-08-18,-1.1045464953739084
2022-08-19,-1.08637565551391
2022-08-20,-1.153253668821009
2022-08-21,-1.1168425314476207
2022-08-22,-1.1671759527464711
2022-08-23,-1.1707369068810067
2022-08-24,-1.1996436748525643
2022-08-25,-1.1998180805782528
2022-08-26,-1.2865196624693096
2022-08-27,-1.2747026253483107
2022-08-28,-1.3021570944086274
2022-08-29,-1.2364342416928424
2022-08-30,-1.2472527589397078
2022-08-31,-1.2634742480656231
2022-09-01,-1.259100514075994
2022-09-02,-1.2597336675092698
2022-09-03,-1.2466562579447908
2022-09-04,-1.1934065958358446
2022-09-05,-1.1644380638735194
2022-09-06,-1.139619862885368
2022-09-07,-1.0649499314432682
2022-09-08,-1.0074971193002737
2022-09-09,-1.1445084596344341
2022-09-10,-1.145303667559611
2022-09-11,-1.157688559868281
2022-09-12,-1.0686665271660234
2022-09-13,-1.0957276876845532
2022-09-14,-1.0431709625134338
2022-09-15,-1.0460198701034273
2022-09-16,-1.1009828140772266
2022-09-17,-1.0350592340926563
2022-09-18,-1.1264192026904387
2022-09-19,-1.0289157760464687
2022-09-20,-1.0339241173568305
2022-09-21,-1.0307417412638409
2022-09-22,-1.0159458860740085
2022-09-23,-0.9157011339781805
2022-09-24,-0.88322077404191
2022-09-25,-0.9375470029658315
2022-09-26,-0.8789600076664672
2022-09-27,-0.9351970308135683
2022-09-28,-0.933723895558679
2022-09-29,-0.898755250952572
2022-09-30,-0.9257025036287033
2022-10-01,-0.9555458362932784
2022-10-02,-0.9480421288497654
2022-10-03,-0.94711063181987
2022-10-04,-0.9446403313861378
2022-10-05,-0.9240695945975185
2022-10-06,-0.9436620326946179
2022-10-07,-0.9168721697965971
2022-10-08,-0.9252004217419361
2022-10-09,-0.9020235899518191
2022-10-10,-0.9256504715923882
2022-10-11,-0.9901882028762466
2022-10-12,-0.9710940756052139
2022-10-13,-1.030210114830557
2022-10-14,-1.039952614398138
2022-10-15,-1.051008589083034
2022-10-16,-1.027750223025749
2022-10-17,-0.983913842759289
2022-10-18,-1.0252826645408735
2022-10-19,-1.0828590130191853
2022-10-20,-1.121835473748367
2022-10-21,-1.125369596553702
2022-10-22,-1.1286379193598535
2022-10-23,-1.076242273874344
2022-10-24,-1.110527106175416
2022-10-25,-1.0104418188034079
2022-10-26,-1.0462455195861653
2022-10-27,-1.0359026739766228
2022-10-28,-0.9694636253067573
2022-10-29,-0.9405274941638869
2022-10-30,-0.9115446822632591
2022-10-31,-0.914480739239383
2022-11-01,-0.9304064876364166
2022-11-02,-0.9838147809273681
2022-11-03,-0.9808763137244699
2022-11-04,-0.8880289052178431
2022-11-05,-0.7202104192798852
2022-11-06,-0.9270111437690738
2022-11-07,-1.0824751761200668
2022-11-08,-1.2485595522839117
2022-11-09,-1.7828735370971736
2022-11-10,-1.6109808359105242
2022-11-11,-1.6623241068917944
2022-11-12,-1.7713382608452226
2022-11-13,-1.83935232294161
2022-11-14,-1.7815390097026915
2022-11-15,-1.7671455690265059
2022-11-16,-1.7452031775355743
2022-11-17,-1.7864888585049783
2022-11-18,-1.8059698896159426
2022-11-19,-1.8278957278409889
2022-11-20,-1.8397179149103318
2022-11-21,-1.8350551454546316
2022-11-22,-1.8046362342064979
2022-11-23,-1.6749245880230554
2022-11-24,-1.6504219388993302
2022-11-25,-1.6773676738433265
2022-11-26,-1.657894455362546
2022-11-27,-1.651685880624926
2022-11-28,-1.6843565535548726
2022-11-29,-1.6934811658458462
2022-11-30,-1.6743238182421436
2022-12-01,-1.7066260398859188
2022-12-02,-1.6942088129039399
2022-12-03,-1.7109391096651845
2022-12-04,-1.6903015116679463
2022-12-05,-1.6685805622545717
2022-12-06,-1.6358249119538404
2022-12-07,-1.6758479575179237
2022-12-08,-1.6827328882763206
2022-12-09,-1.680601486912152
2022-12-10,-1.6737721935419207
2022-12-11,-1.6767112464860874
2022-12-12,-1.6841712881249526
2022-12-13,-1.6702417578461906
2022-12-14,-1.6403754410703193
2022-12-15,-1.6165545647528932
2022-12-16,-1.7086817598325963
2022-12-17,-1.6946423752240338
2022-12-18,-1.6980265818178397
2022-12-19,-1.7164161485175007
2022-12-20,-1.7116006711950031
2022-12-21,-1.7146911887349556
2022-12-22,-1.7392491618511698
2022-12-23,-1.7349175407170156
2022-12-24,-1.7638614424752965
2022-12-25,-1.766864180058193
2022-12-26,-1.7781827497534197
2022-12-27,-1.7852632063254592
2022-12-28,-1.8902005422945451
2022-12-29,-1.9005462449138346
2022-12-30,-1.8749386758052702
2022-12-31,-1.862148443298665
2023-01-01,-1.8632964556744098
2023-01-02,-1.7501136990263049
2023-01-03,-1.5614320468810174
2023-01-04,-1.5661509673676393
2023-01-05,-1.5642669496098778
2023-01-06,-1.5607935252885683
2023-01-07,-1.5961118950668216
2023-01-08,-1.4913003639977906
2023-01-09,-1.3161513807240115
2023-01-10,-1.3437215083908434
2023-01-11,-1.3663964469641514
2023-01-12,-1.4154541117333448
2023-01-13,-1.353667474199215
2023-01-14,-0.9678505466427655
2023-01-15,-1.06565675479239
2023-01-16,-1.0345892660882203
2023-01-17,-1.0866904732881872
2023-01-18,-1.2088916258245013
2023-01-19,-1.19320800475993
2023-01-20,-1.0026117115396511
2023-01-21,-1.0773117716748952
2023-01-22,-1.0974062863368217
2023-01-23,-1.1002969841672454
2023-01-24,-1.189256290506529
2023-01-25,-1.0870952706648578
2023-01-26,-1.0912384380057305
2023-01-27,-1.0847720505769252
2023-01-28,-1.107168764132712
2023-01-29,-1.001386959784416
2023-01-30,-1.084006677006762
2023-01-31,-1.101793960415146
2023-02-01,-1.0656989468027622
2023-02-02,-1.095756423211289
2023-02-03,-1.0583174689873909
2023-02-04,-1.0717994573081384
2023-02-05,-1.1007062282865854
2023-02-06,-1.141857087419389
2023-02-07,-1.0872185466541349
2023-02-08,-1.1081640418852534
2023-02-09,-1.2344589599448395
2023-02-10,-1.2417063789921043
2023-02-11,-1.1943908430404706
2023-02-12,-1.1273299850701792
2023-02-13,-1.1800288579988418
2023-02-14,-1.1220564310650998
2023-02-15,-1.115491629492355
2023-02-16,-1.179589116170843
2023-02-17,-1.1738394345106222
2023-02-18,-1.1499892998345291
2023-02-19,-1.021621118759792
2023-02-20,-0.9564457068952008
2023-02-21,-1.0113542776852131
2023-02-22,-1.044086376121998
2023-02-23,-1.0414503723517528
2023-02-24,-1.0437212087745242
2023-02-25,-1.0777121172122084
2023-02-26,-1.0446893048055133
2023-02-27,-1.0794084980148901
2023-02-28,-1.1060076191707622
2023-03-01,-1.0910917649891545
2023-03-02,-1.1129570547015606
2023-03-03,-1.070126942948808
2023-03-04,-1.098714098452833
2023-03-05,-1.0982029422844148
2023-03-06,-1.1195792273239868
2023-03-07,-1.1295325362741055
2023-03-08,-1.2371336551272683
2023-03-09,-1.2269415469076406
2023-03-10,-1.1229509786508614
2023-03-11,-1.153551960571241
2023-03-12,-1.087526723805416
2023-03-13,-1.2114501110703744
2023-03-14,-1.202358106504653
2023-03-15,-1.2935708515820477
2023-03-16,-1.2931862824631792
2023-03-17,-1.2838877415159538
2023-03-18,-1.2815206203117426
2023-03-19,-1.2832100401960749
2023-03-20,-1.244636811245381
2023-03-21,-1.2304389869295287
2023-03-22,-1.252698327403468
2023-03-23,-1.2505333672866537
2023-03-24,-1.3018732821995
2023-03-25,-1.3101883946402588
2023-03-26,-1.2933273848434792
2023-03-27,-1.314217063111585
2023-03-28,-1.277266272099108
2023-03-29,-1.2820089602800684
2023-03-30,-1.2984350718886974
2023-03-31,-1.2762043852523053
2023-04-01,-1.2846452464347864
2023-04-02,-1.302201166423959
2023-04-03,-1.288599203906401
2023-04-04,-1.2739382675493278
2023-04-05,-1.270098543853057
2023-04-06,-1.2841923630015233
2023-04-07,-1.2859679633703618
2023-04-08,-1.3137137731181192
2023-04-09,-1.3119256432955535
2023-04-10,-1.3333260547068322
2023-04-11,-1.2175315220783502
2023-04-12,-1.146598335832418
2023-04-13,-1.1279701149285908
2023-04-14,-1.1071375656510576
2023-04-15,-1.1408499700585482
2023-04-16,-1.0524049765068844
2023-04-17,-1.0548391660332168
2023-04-18,-1.085669258447543
2023-04-19,-1.1449957540723954
2023-04-20,-1.1485436903531174
2023-04-21,-1.157060451570015
2023-04-22,-1.1462446969351974
2023-04-23,-1.1568008737990763
2023-04-24,-1.1578184911077858
2023-04-25,-1.1613828232543844
2023-04-26,-1.2156528417725265
2023-04-27,-1.1942229029138067
2023-04-28,-1.107992659652553
2023-04-29,-1.1142441869705464
2023-04-30,-1.1384003059493213
2023-05-01,-1.1296168947427732
2023-05-02,-1.1404930933491177
2023-05-03,-1.1605002561726196
2023-05-04,-1.1867616126309986
2023-05-05,-1.1391979078604635
2023-05-06,-1.1651521710684658
2023-05-07,-1.1444555706386146
2023-05-08,-1.1914822502289406
2023-05-09,-1.182362954733913
2023-05-10,-1.153122179451028
2023-05-11,-1.16830093526265
2023-05-12,-1.0899496954978014
2023-05-13,-1.0862901511457213
2023-05-14,-1.0829827906945855
2023-05-15,-1.0904739618220192
2023-05-16,-1.1026913290268223
2023-05-17,-1.0875913240373107
2023-05-18,-1.1065805680802636
2023-05-19,-1.1043190046842963
2023-05-20,-1.1195654614563166
2023-05-21,-1.1481610657009966
2023-05-22,-1.1541217472174565
2023-05-23,-1.128058848612598
2023-05-24,-1.1364690382393257
2023-05-25,-1.136045090422981
2023-05-26,-1.1360057246811017
2023-05-27,-1.0470337212789769
2023-05-28,-1.0873658972926483
2023-05-29,-1.0780865111586053
2023-05-30,-1.0131912517317965
2023-05-31,-1.0129796907514688
2023-06-01,-1.0094129012302926
2023-06-02,-0.967944049187028
2023-06-03,-0.9605841090538672
2023-06-04,-0.9021471665841121
2023-06-05,-0.9568109742552953
2023-06-06,-1.022757428575397
2023-06-07,-1.1143404110179735
2023-06-08,-1.094861225902702
2023-06-09,-1.2208455804462435
2023-06-10,-1.3310816147456521
2023-06-11,-1.3375090903374125
2023-06-12,-1.3607473698600996
2023-06-13,-1.369710005843446
2023-06-14,-1.3681793832004714
2023-06-15,-1.3588625067685152
2023-06-16,-1.3407982548075192
2023-06-17,-1.312705214735598
2023-06-18,-1.314667221588289
2023-06-19,-1.2791603083255598
2023-06-20,-1.2978552979886893
2023-06-21,-1.3192060794228913
2023-06-22,-1.3533389508040974
2023-06-23,-1.3411026938807384
2023-06-24,-1.366454321958836
2023-06-25,-1.3342297940634231
2023-06-26,-1.3719095742249554
2023-06-27,-1.355933258994929
2023-06-28,-1.3718876365317778
2023-06-29,-1.2299604450856567
2023-06-30,-1.1553655414888755
2023-07-01,-1.1704378436985854
2023-07-02,-1.108294420474756
2023-07-03,-1.1432496671388137
2023-07-04,-1.127594925792647
2023-07-05,-1.1208888270022277
2023-07-06,-1.0298068357184857
2023-07-07,-0.9128391694720068
2023-07-08,-0.8767317455152308
2023-07-09,-0.9045714789986479
2023-07-10,-0.9156764175469654
2023-07-11,-0.8624728149344756
2023-07-12,-0.8538871806701352
2023-07-13,-0.6065536632541216
2023-07-14,-0.474138476676791
2023-07-15,-0.416218940277999
2023-07-16,-0.40911306965887567
2023-07-17,-0.43775496264485886
2023-07-18,-0.5192042201005329
2023-07-19,-0.4522736471839991
2023-07-20,-0.5202023574807426
2023-07-21,-0.510295253996447
2023-07-22,-0.5791530854743119
2023-07-23,-0.5770551028358322
2023-07-24,-0.6266204766314564
2023-07-25,-0.6344206382515687
2023-07-26,-0.4788053542489652
2023-07-27,-0.470640093441442
2023-07-28,-0.4957745062337987
2023-07-29,-0.46674894980864023
2023-07-30,-0.5345260830391638
2023-07-31,-0.5738292686103972
2023-08-01,-0.5768267329698621
2023-08-02,-0.6102213237035966
2023-08-03,-0.6525943843778944
2023-08-04,-0.6272817569325754
2023-08-05,-0.6352227749458218
2023-08-06,-0.5816327091383885
2023-08-07,-0.5977700599845989
2023-08-08,-0.5337792728654794
2023-08-09,-0.49994651019787634
2023-08-10,-0.464824308205404
2023-08-11,-0.460792273520072
2023-08-12,-0.42834053642115766
2023-08-13,-0.4746575769688123
2023-08-14,-0.39679683985780395
2023-08-15,-0.4899900513216439
2023-08-16,-0.5529169269627995
2023-08-17,-0.4950712633511774
2023-08-18,-0.47730638893518834
2023-08-19,-0.41882144064287957
2023-08-20,-0.43418642914963285
2023-08-21,-0.4850022611587117
2023-08-22,-0.5446665307789131
2023-08-23,-0.44967413554901836
2023-08-24,-0.4945699393504574
2023-08-25,-0.5508473385499242
2023-08-26,-0.5556957174350088
2023-08-27,-0.5022448954094039
2023-08-28,-0.5251011667469009
2023-08-29,-0.5264446033820391
2023-08-30,-0.5875601209067561
2023-08-31,-0.5898683242458129
2023-09-01,-0.6209333816706903
2023-09-02,-0.6035510134071287
2023-09-03,-0.5983171478400763
2023-09-04,-0.5896274595101665
2023-09-05,-0.49234471995974677
2023-09-06,-0.5623097057376842
2023-09-07,-0.5699731838770464
2023-09-08,-0.5706218803540657
2023-09-09,-0.5838653871029269
2023-09-10,-0.7180401897969214
2023-09-11,-0.7187024926357364
2023-09-12,-0.7495190627235168
2023-09-13,-0.7219684745476322
2023-09-14,-0.6925948962936728
2023-09-15,-0.6551999392765738
2023-09-16,-0.651374736975423
2023-09-17,-0.6827705826336099
2023-09-18,-0.5970091161234472
2023-09-19,-0.5880947467492581
2023-09-20,-0.5442333214841331
2023-09-21,-0.5914032743561707
2023-09-22,-0.5941664703654651
2023-09-23,-0.5864824080486292
2023-09-24,-0.5655483677143432
2023-09-25,-0.5623960873323324
2023-09-26,-0.6029114007894005
2023-09-27,-0.5988987317087824
2023-09-28,-0.5500927015419935
2023-09-29,-0.48912090130040464
2023-09-30,-0.34006912440117065
2023-10-01,-0.11438093065256894
2023-10-02,-0.11808988284620488
2023-10-03,-0.07313546876015702
2023-10-04,-0.1677552250957256
2023-10-05,-0.17988892382154298
2023-10-06,-0.13100198880338815
2023-10-07,-0.14630491958494116
2023-10-08,-0.14081794789727672
2023-10-09,-0.26156831564499533
2023-10-10,-0.2333990094110837
2023-10-11,-0.17507835553755105
2023-10-12,-0.26957229528944365
2023-10-13,-0.18820250256410573
2023-10-14,-0.15130160113894398
2023-10-15,-0.20115891572589054
2023-10-16,-0.03538977259116335
2023-10-17,-0.015333525786489888
2023-10-18,-0.08399236361197962
2023-10-19,0.12755458607244083
2023-10-20,0.3503081819981844
2023-10-21,0.7255805505233727
2023-10-22,0.6692959259800139
2023-10-23,0.659008081874554
2023-10-24,0.2874683394812172
2023-10-25,0.581227339949394
2023-10-26,0.7032037476801823
2023-10-27,0.5930641032097917
2023-10-28,0.5739385739120578
2023-10-29,0.7277744442953851
2023-10-30,1.1407352967854212
2023-10-31,1.7892359954336552
2023-11-01,2.216695047807477
2023-11-02,2.148074092031501
2023-11-03,2.120090485262131
2023-11-04,2.6661717498990454
2023-11-05,2.586960977203026
2023-11-06,2.865025623590107
2023-11-07,3.0215992006401406
2023-11-08,3.00862034134315
2023-11-09,3.1647590981173432
2023-11-10,5.079791922229217
2023-11-11,4.856370594603141
2023-11-12,4.725798315708834
2023-11-13,3.9870671990702857
2023-11-14,4.976912249698758
2023-11-15,5.550614157580882
2023-11-16,4.601376963902347
2023-11-17,4.436667824740869
2023-11-18,4.326273396781943
2023-11-19,4.43090185463619
2023-11-20,3.6178645700258114
2023-11-21,3.2543456436769986
2023-11-22,3.63673964021888
2023-11-23,3.4608851821748337
2023-11-24,3.3465639301587324
2023-11-25,3.5247622910135563
2023-11-26,3.3674702255991535
2023-11-27,3.0266644194514982
2023-11-28,3.2596828149085764
2023-11-29,3.3257934698947276
2023-11-30,3.2932846183927844
2023-12-01,3.1252410468062233
2023-12-02,3.3854585791434344
2023-12-03,3.1520426093169944
2023-12-04,2.626458792154574
2023-12-05,2.2448352953817916
2023-12-06,2.3562188203142065
2023-12-07,2.967468321237294
2023-12-08,3.45921939921801
2023-12-09,3.211481813548973
2023-12-10,3.370796817360155
2023-12-11,3.3089955283592167
2023-12-12,3.0493036717045414
2023-12-13,2.98879287710045
2023-12-14,3.3477787200539932
2023-12-15,3.1715264280321063
2023-12-16,3.1690530312360186
2023-12-17,3.0349887356519085
2023-12-18,3.0879443621774656
2023-12-19,2.978360405070679
2023-12-20,3.4739812354151995
2023-12-21,4.26406372432859
2023-12-22,4.433037490447773
2023-12-23,5.02088039778948
2023-12-24,5.296140439738534
2023-12-25,5.542308941606583
2023-12-26,4.968949026659742
2023-12-27,4.304090189054451
2023-12-28,4.010763575698618
2023-12-29,4.25170535519623
2023-12-30,3.865786062599496
2023-12-31,3.7451876685546726
2024-01-01,3.8570760962406023
2024-01-02,3.5114334551973587
2024-01-03,3.276163124578111
2024-01-04,3.4018994124415234
2024-01-05,3.073835314881208
2024-01-06,2.7250799387711977
2024-01-07,2.454831089492524
2024-01-08,2.5428556427571065
2024-01-09,2.677814507401007
2024-01-10,2.719757736376889
2024-01-11,2.610438218674611
2024-01-12,2.547328669539637
2024-01-13,2.7226380427587045
2024-01-14,2.72738630635852
2024-01-15,2.6302936579463
2024-01-16,2.6828817898764066
2024-01-17,2.9118310843340023
2024-01-18,2.656976486529282
2024-01-19,2.5417212507996143
2024-01-20,2.4682557414516135
2024-01-21,2.370699124281729
2024-01-22,2.2054931073382282
2024-01-23,2.181854055284133
2024-01-24,2.3581557862559346
2024-01-25,2.2588906428648277
2024-01-26,2.30524500287121
2024-01-27,2.330788185323559
2024-01-28,2.397069698175524
2024-01-29,2.494028087731611
2024-01-30,2.49667964731766
2024-01-31,2.3115961982295787
2024-02-01,2.275267635362571
2024-02-02,2.353333983127783
2024-02-03,2.239032018262416
2024-02-04,2.154366955648021
2024-02-05,2.130558900279457
2024-02-06,2.126290611572231
2024-02-07,2.1616414780673847
2024-02-08,2.1246286355914603
2024-02-09,2.1037903659334796
2024-02-10,2.1137416890428233
2024-02-11,1.9918871386805788
2024-02-12,2.0029753813269866
2024-02-13,2.023406762117571
2024-02-14,1.9955008508256549
2024-02-15,1.8619692460974773
2024-02-16,1.724623225553434
2024-02-17,1.6987764308727034
2024-02-18,1.7594221543279263
2024-02-19,1.7484123153148134
2024-02-20,1.603073056615301
2024-02-21,1.5142367920898598
2024-02-22,1.4270229644021455
2024-02-23,1.3994264612443665
2024-02-24,1.4733108928380136
2024-02-25,1.431784124856345
2024-02-26,1.4503760717882948
2024-02-27,1.2465442006361547
2024-02-28,1.2231180238602481
2024-02-29,1.4905345132622168
2024-03-01,1.5268047913367195
2024-03-02,1.5320569124654682
2024-03-03,1.4800248378416156
2024-03-04,1.2812110132648455
2024-03-05,1.3083514252825772
2024-03-06,1.3130221413814238
2024-03-07,1.5874055528145246
2024-03-08,1.5366403092554966
2024-03-09,1.5018270425098714
2024-03-10,1.464464489715713
2024-03-11,1.4049429466967163
2024-03-12,1.4768820643445095
2024-03-13,1.6736837705770302
2024-03-14,2.0307910582681634
2024-03-15,2.2668289391997547
2024-03-16,2.4748168052506085
2024-03-17,2.709086685794733
2024-03-18,2.5930227210408314
2024-03-19,2.327556157141647
2024-03-20,2.4155047686572746
2024-03-21,2.264381830000299
2024-03-22,2.2381340221663066
2024-03-23,2.1649822638783336
2024-03-24,2.191079423138963
2024-03-25,2.130237393497055
2024-03-26,2.142924775881781
2024-03-27,2.06325325222619
2024-03-28,2.0412314547750596
2024-03-29,2.1239617817972616
2024-03-30,2.1628450079052137
2024-03-31,2.2178130567211096
2024-04-01,2.0824262532267337
2024-04-02,2.071881899696046
2024-04-03,2.108717558033564
2024-04-04,1.9199167433231448
2024-04-05,1.7481337730532127
2024-04-06,1.769451125603706
2024-04-07,1.7470532392052414
2024-04-08,1.6433794267189046
2024-04-09,1.5908504325109527
2024-04-10,1.5299402250738665
2024-04-11,1.52851280054212
2024-04-12,1.2767770223668167
2024-04-13,1.1283396523554021
2024-04-14,1.2834113518262675
2024-04-15,1.1155322209533962
2024-04-16,1.0436881691050484
2024-04-17,1.060320101844746
2024-04-18,1.1705055021064537
2024-04-19,1.1609281191064362
2024-04-20,1.277421909272481
2024-04-21,1.2205662310149714
2024-04-22,1.2957130412877331
2024-04-23,1.2612933959015447
2024-04-24,1.212103447097918
2024-04-25,1.1355638912721573
2024-04-26,1.0411384832971036
2024-04-27,1.097651034086851
2024-04-28,1.0327284355116455
2024-04-29,0.991765126109584
2024-04-30,0.8994994163986599
2024-05-01,1.1878229505599323
2024-05-02,1.2079686987704066
2024-05-03,1.1407639565760799
2024-05-04,1.135956537985801
2024-05-05,1.114078904566697
2024-05-06,1.3007634852147374
2024-05-07,1.2358487601163601
2024-05-08,1.1605904204330193
2024-05-09,1.286400489237676
2024-05-10,1.2534413209471844
2024-05-11,1.2263788375370137
2024-05-12,1.1463799724540378
2024-05-13,1.1478224603086198
2024-05-14,1.0959995120608115
2024-05-15,1.1962941299827885
2024-05-16,1.25911966421904
2024-05-17,1.3705168915793924
2024-05-18,1.4276698748291072
2024-05-19,1.4042432272635907
2024-05-20,1.454474891573757
2024-05-21,1.3517307185276817
2024-05-22,1.3690976338008467
2024-05-23,1.4033898069513815
2024-05-24,1.207567104488381
2024-05-25,1.178515781159642
2024-05-26,1.1089544409032697
2024-05-27,1.189594986274437
2024-05-28,1.208993638127501
2024-05-29,1.2255627903918132
2024-05-30,1.1598045367722596
2024-05-31,1.1689265738513042
2024-06-01,1.159802125477109
2024-06-02,1.0971581371062167
2024-06-03,1.0745779865505418
2024-06-04,1.1182590028619286
2024-06-05,1.1200697084421158
2024-06-06,1.0642104012039206
2024-06-07,0.9802288378397236
2024-06-08,0.8900392088058423
2024-06-09,0.9485470528274589
2024-06-10,0.8893141624852903
2024-06-11,0.7954113706350591
2024-06-12,0.863609371354523
2024-06-13,0.769256712320981
2024-06-14,0.712631454874746
2024-06-15,0.7472758095502756
2024-06-16,0.8380315187153871
2024-06-17,0.682683602651802
2024-06-18,0.6179374572536108
2024-06-19,0.5822490063725593
2024-06-20,0.5391664803052375
2024-06-21,0.5906405807915811
2024-06-22,0.5600248203425444
2024-06-23,0.4942102912276859
2024-06-24,0.7073720239579526
2024-06-25,0.7245325731652545
2024-06-26,0.7709916449808105
2024-06-27,1.0140339274331887
2024-06-28,0.8571732994817145
2024-06-29,0.8296071212103733
2024-06-30,0.8773671204061424
2024-07-01,0.8659338468704565
2024-07-02,1.0638490879437719
2024-07-03,0.8644822118442372
2024-07-04,0.7196876786794458
2024-07-05,0.9016036506116812
2024-07-06,1.0166611044926468
2024-07-07,0.8745273950937645
2024-07-08,1.0106232625175808
2024-07-09,0.9732814031769169
2024-07-10,0.9994347725723115
2024-07-11,0.8680436073954656
2024-07-12,0.9203171378998884
2024-07-13,0.8957847902366104
2024-07-14,0.9368672031994973
2024-07-15,0.984296350131688
2024-07-16,0.9802744903207385
2024-07-17,0.9182945009162894
2024-07-18,0.9988599682916928
2024-07-19,1.0643461129451475
2024-07-20,1.1343031374875625
2024-07-21,1.2976612292524579
2024-07-22,1.2059091552364742
2024-07-23,1.160038047811844
2024-07-24,1.3013624965863837
2024-07-25,1.1384496877316843
2024-07-26,1.250475059754924
2024-07-27,1.2696117108234275
2024-07-28,1.2545454629047665
2024-07-29,1.2863772340706783
2024-07-30,1.2368768669362298
2024-07-31,1.1638768060817188
2024-08-01,1.0232577769544504
2024-08-02,0.9023922136477134
2024-08-03,0.7091221394714872
2024-08-04,0.7340946619620133
2024-08-05,0.7732061199034732
2024-08-06,1.0116209336754542
2024-08-07,1.0897617358445932
2024-08-08,1.1018126988339654
2024-08-09,0.9931775725403831
2024-08-10,0.9237991437107829
2024-08-11,0.7478925054917804
2024-08-12,0.8282455307675622
2024-08-13,0.754209833113989
2024-08-14,0.7940184919423973
2024-08-15,0.8339014676552764
2024-08-16,0.6584722664339129
2024-08-17,0.6816278049306076
2024-08-18,0.7588201555381233
2024-08-19,0.7365825618659426
2024-08-20,0.7320480018411522
2024-08-21,0.5857911864651214
2024-08-22,0.6423222305296756
2024-08-23,0.6630416013720416
2024-08-24,0.8369063099849864
2024-08-25,0.7796015308602273
2024-08-26,0.8226376272542941
2024-08-27,0.7688161634376589
2024-08-28,0.7162116549129883
2024-08-29,0.5873678262213392
2024-08-30,0.5479377828394505
2024-08-31,0.47977864727402564
2024-09-01,0.39450462537307124
2024-09-02,0.45244313841250444
2024-09-03,0.3474090587714538
2024-09-04,0.47778889726310464
2024-09-05,0.47053330817005773
2024-09-06,0.48910944174772847
2024-09-07,0.5544774710985564
2024-09-08,0.5688247595681464
2024-09-09,0.5610762399501827
2024-09-10,0.5313915095583275
2024-09-11,0.4559892466060153
2024-09-12,0.5052763899253047
2024-09-13,0.4228309742550388
2024-09-14,0.40048561627969115
2024-09-15,0.2842572398648512
2024-09-16,0.3445735337656692
2024-09-17,0.20171651506185237
2024-09-18,0.18263357405839015
2024-09-19,0.34898814736972744
2024-09-20,0.43436966091818413
2024-09-21,0.5014693034399235
2024-09-22,0.34390986312372634
2024-09-23,0.360539218675905
2024-09-24,0.5256382027971054
2024-09-25,0.45871953583575303
2024-09-26,0.5353533583843328
2024-09-27,0.5524764235215731
2024-09-28,0.517346458572524
2024-09-29,0.5822863889020647
2024-09-30,0.5649555195498212
2024-10-01,0.5180896128826453
2024-10-02,0.36833044336379817
2024-10-03,0.23403995069562808
2024-10-04,0.34150822289532506
2024-10-05,0.319527036497597
2024-10-06,0.38245679884673717
2024-10-07,0.3408283818903749
2024-10-08,0.32366003131604487
2024-10-09,0.30068032113196613
2024-10-10,0.30543511982514776
2024-10-11,0.3526807892104572
2024-10-12,0.32582335601606455
2024-10-13,0.38763643699381545
2024-10-14,0.46524892945659724
2024-10-15,0.2852879307446289
2024-10-16,0.21695370850510698
2024-10-17,0.08914482376924594
2024-10-18,0.16572123231972738
2024-10-19,0.33055677743858713
2024-10-20,0.5341527194829468
2024-10-21,0.6513484481519993
2024-10-22,0.6894333911462793
2024-10-23,0.9208888429080079
2024-10-24,0.9903136875552646
2024-10-25,0.6559293144935479
2024-10-26,0.857401044061247
2024-10-27,1.000954372195519
2024-10-28,0.8618808482584357
2024-10-29,0.6334525059696957
2024-10-30,0.4928620528397258
2024-10-31,0.4330941644666779
2024-11-01,0.41171020549224613
2024-11-02,0.41672158512015395
2024-11-03,0.31767783727108445
2024-11-04,0.1938461058781702
2024-11-05,0.4298229189377892
2024-11-06,0.641774640580889
2024-11-07,1.0107289084349211
2024-11-08,1.0961405205472992
2024-11-09,1.07879057532252
2024-11-10,1.1090110200768626
2024-11-11,0.7495717869652839
2024-11-12,0.419502480708826
2024-11-13,0.287423919899877
2024-11-14,0.35952020773230003
2024-11-15,0.344358581593293
2024-11-16,0.2998676385944098
2024-11-17,1.207689961991982
2024-11-18,1.2191352411790288
2024-11-19,0.9707675010265744
2024-11-20,0.6731975098530337
2024-11-21,1.0847866276681235
2024-11-22,1.016942129272817
2024-11-23,1.0859770171061027
2024-11-24,0.9759159570590289
2024-11-25,0.740079503433339
2024-11-26,0.7119372685374813
2024-11-27,0.7643706923371371
2024-11-28,0.6086029191101425
2024-11-29,0.6585883041317412
2024-11-30,0.5198385849637785
2024-12-01,0.40212982018348625
2024-12-02,0.05811731051406457
2024-12-03,0.4056099768571772
2024-12-04,-0.1142624639858652
2024-12-05,0.3257425826258807
2024-12-06,0.09570783411400008
2024-12-07,0.15623066958840523
2024-12-08,-0.07888606972519115
2024-12-09,-0.5877231830556415
2024-12-10,-0.691037777374439
2024-12-11,-0.5348223140031126
2024-12-12,-0.4482089436026176
2024-12-13,-0.7226838840420208
2024-12-14,-0.9749930416374915
2024-12-15,-1.1149898689225848
2024-12-16,-1.6649729271300584
2024-12-17,-1.3840039302876677
2024-12-18,-1.5955528581556506
2024-12-19,-1.9716347474457383
2024-12-20,-1.994913568276591
2024-12-21,-2.6058171652252295
2024-12-22,-2.4246067200022683
2024-12-23,-1.8464712707712962
2024-12-24,-1.8777639138356204
2024-12-25,-1.9038041649619553
2024-12-26,-2.0093529078635357
2024-12-27,-2.0555700151046135
2024-12-28,-1.5520153572719897
2024-12-29,-1.6448823395188306
2024-12-30,-1.4677272896176434
2024-12-31,-1.6388150039686393
2025-01-01,-1.4914037844691157
2025-01-02,-1.0315507795761751
2025-01-03,-0.6536847699062458
2025-01-04,-0.7242956812740743
2025-01-05,-0.8981679470076833
2025-01-06,-1.0407643000542524
2025-01-07,-1.322376883678777
2025-01-08,-1.3592130718385784
2025-01-09,-1.7411114167932482
2025-01-10,-1.8317204358588097
2025-01-11,-1.7884669769363384
2025-01-12,-1.7409147443298465
2025-01-13,-2.0276114827679477
2025-01-14,-1.975479741119949
2025-01-15,-1.44852297832132
2025-01-16,-1.1085644646883857
2025-01-17,-1.1771051642916042
2025-01-18,0.7893654915897814
2025-01-19,0.6437619106094665
2025-01-20,0.13544450879291953
2025-01-21,0.05714552866958108
2025-01-22,0.6494490025891178
2025-01-23,0.4336601743763346
2025-01-24,0.32894528176453425
2025-01-25,0.46409725982874356
2025-01-26,-0.023007141852731863
2025-01-27,-0.23431857882952326
2025-01-28,-0.5280844104050522
2025-01-29,-0.7405743941283391
2025-01-30,-0.33051042353887744
2025-01-31,-0.42878529171952906
2025-02-01,-1.097404164355877
2025-02-02,-1.309335430276082
2025-02-03,-1.0526727150506765
2025-02-04,-1.1251113490256492
2025-02-05,-1.5411175090269014
2025-02-06,-1.837227355568582
2025-02-07,-1.6996507948769526
2025-02-08,-1.3223082382386435
2025-02-09,-1.2742364136016737
2025-02-10,-1.3713194066030776
2025-02-11,-1.311620141064622
2025-02-12,-1.5764164488298191
2025-02-13,-1.5573959307350778
2025-02-14,-1.374246186073168
2025-02-15,-1.6394130577280945
2025-02-16,-1.788645604887593
2025-02-17,-2.2610975280838583
2025-02-18,-2.6320336773949498
2025-02-19,-2.7022076329297753
2025-02-20,-2.495035661667779
2025-02-21,-2.6283292020789486
2025-02-22,-2.49773841991453
2025-02-23,-2.6438013558730393
2025-02-24,-3.4515733844368337
2025-02-25,-3.1008458017079987
2025-02-26,-3.179396914809762
2025-02-27,-3.0391986456746856
2025-02-28,-2.4624199676713037
2025-03-01,-2.7919286187362298
2025-03-02,-1.8371405983975522
2025-03-03,-2.8326428588649635
2025-03-04,-2.762273424763165
2025-03-05,-2.92868532408547
2025-03-06,-2.979992502285338
2025-03-07,-2.895761266617107
2025-03-08,-2.91935230604625
2025-03-09,-2.9628234421194817
2025-03-10,-3.1610996796419584
2025-03-11,-3.09674213842728
2025-03-12,-3.052269286796101
2025-03-13,-2.974581475995185
2025-03-14,-2.6890946438238887
2025-03-15,-2.571898386050035
2025-03-16,-2.8548491910523905
2025-03-17,-2.8356028796309665
2025-03-18,-2.843022946233603
2025-03-19,-2.6481094791721653
2025-03-20,-2.7852711124047405
2025-03-21,-2.707426705451596
2025-03-22,-2.6626604561838274
2025-03-23,-2.6053562358191895
2025-03-24,-2.34182763956976
2025-03-25,-2.203746724353821
2025-03-26,-2.406072275013181
2025-03-27,-2.359215082965897
2025-03-28,-2.515251305838537
2025-03-29,-2.5786383607132914
2025-03-30,-2.536650790783537
2025-03-31,-2.5268781156089144
2025-04-01,-2.580073805166434
2025-04-02,-2.7518778214466195
2025-04-03,-2.786015341201793
2025-04-04,-2.572762868398625
2025-04-05,-2.6222256920163938
2025-04-06,-2.8742805431954324
2025-04-07,-2.8440453082977455
2025-04-08,-2.6996058367210582
2025-04-09,-2.4847247451324055
2025-04-10,-2.5346196483747603
2025-04-11,-2.381759885576592
2025-04-12,-2.0709096515830017
2025-04-13,-2.0969574690008828
2025-04-14,-2.09922645956336
2025-04-15,-2.1426296937374802
2025-04-16,-1.9594534773353725
2025-04-17,-1.8777812499665865
2025-04-18,-1.8606121538616454
2025-04-19,-1.6831200653588374
2025-04-20,-1.7460165678077622
2025-04-21,-1.8962839647784988
2025-04-22,-1.794309144988134
2025-04-23,-1.7187055142649104
2025-04-24,-1.6831805518465282
2025-04-25,-1.7524070798413718
2025-04-26,-1.786162683453455
2025-04-27,-1.762196631824123
2025-04-28,-1.821032084055607
2025-04-29,-1.8171804116378136
2025-04-30,-1.7649783650968836
2025-05-01,-1.7630169794409063
2025-05-02,-1.8495743941627334
2025-05-03,-1.8265920997967766
2025-05-04,-1.8244944627987782
2025-05-05,-1.750880307882346
2025-05-06,-1.8264158038588347
2025-05-07,-1.809619948858863
2025-05-08,-1.6022061085512136
2025-05-09,-1.3449077473209736
2025-05-10,-1.2874436418338262
2025-05-11,-1.3740670850509487
2025-05-12,-1.276769067637926
2025-05-13,-1.07494536389441
2025-05-14,-1.2315428966010975
2025-05-15,-1.4344627342188248
2025-05-16,-1.458411914206004
2025-05-17,-1.4735136040434922
2025-05-18,-1.3955985597238323
2025-05-19,-1.5314594242177486
2025-05-20,-1.5286171117885874
2025-05-21,-1.503357441835177
2025-05-22,-1.425902888366488
2025-05-23,-1.3879411411559253
2025-05-24,-1.3448180751204424
2025-05-25,-1.3942857308164565
2025-05-26,-1.4215525076009343
2025-05-27,-1.3489927411946547
2025-05-28,-1.4072551048470743
2025-05-29,-1.452678797307587
2025-05-30,-1.6406362305588709
2025-05-31,-1.6434829578460446
2025-06-01,-1.6415513380640674
2025-06-02,-1.6581699046900356
2025-06-03,-1.671117852300963
2025-06-04,-1.683150760773929
2025-06-05,-1.7783667456915826
2025-06-06,-1.780897304323193
2025-06-07,-1.7558189055279594
2025-06-08,-1.6934815145142645
2025-06-09,-1.6311193724707904
2025-06-10,-1.527687812458352
2025-06-11,-1.555891261087216
2025-06-12,-1.645578182694037
2025-06-13,-1.7387425478292908
2025-06-14,-1.7976024829466075
2025-06-15,-1.5963061398353602
2025-06-16,-1.6730154352710709
2025-06-17,-1.662063827706661
2025-06-18,-1.693352256287599
2025-06-19,-1.6586039188525834
2025-06-20,-1.7658979872211114
2025-06-21,-1.8387243501185535
2025-06-22,-1.8699673661383747
2025-06-23,-1.6903951222547613
2025-06-24,-1.667988840097032
2025-06-25,-1.7516433539430103
2025-06-26,-1.8260518322847756
2025-06-27,-1.746486951925985
2025-06-28,-1.5496428221280294
2025-06-29,-1.516736045834775
2025-06-30,-1.4373135021286796
2025-07-01,-1.5564883018397848
2025-07-02,-1.526930455744347
2025-07-03,-1.5369325979585642
2025-07-04,-1.578906098213448
2025-07-05,-1.5768785956625013
2025-07-06,-1.5054674898191773
2025-07-07,-1.5324612688102637
2025-07-08,-1.479172365663255
2025-07-09,-1.4249402166351268
2025-07-10,-1.4124204741075834
2025-07-11,-1.4696155497810122
2025-07-12,-1.501458678364744
2025-07-13,-1.5265717922365907
2025-07-14,-1.5151808118657744
2025-07-15,-1.4183701240723912
2025-07-16,-1.2470162606522308
2025-07-17,-1.2153115309615603
2025-07-18,-1.1407012791261424
2025-07-19,-1.1388094029054492
2025-07-20,-1.0261567698444216
2025-07-21,-0.7409814630507718
2025-07-22,-0.6313514941189109
2025-07-23,-0.9019004442808048
2025-07-24,-1.0217660704252582
2025-07-25,-0.911369973046697
2025-07-26,-0.9536269224297198
2025-07-27,-0.9202349145168284
2025-07-28,-0.991255475341757
2025-07-29,-1.0108180345448514
2025-07-30,-1.0764568600635118
2025-07-31,-1.11525007607251
2025-08-01,-1.2333799604562816
2025-08-02,-1.295238530160317
2025-08-03,-1.2651460011796734
2025-08-04,-1.1291647256646398
2025-08-05,-1.205108924996738
2025-08-06,-1.141243706278412
2025-08-07,-1.0609916469207974
2025-08-08,-1.0052222590395956
2025-08-09,-0.9241530436430816
2025-08-10,-0.951722727610919
2025-08-11,-1.0885033116659317
2025-08-12,-0.7884806767819813
2025-08-13,-0.692941185136548
2025-08-14,-0.7060919924002069
2025-08-15,-0.8101808840711168
2025-08-16,-0.7259415742360495
2025-08-17,-0.6915847957536589
2025-08-18,-0.8150599635741559
2025-08-19,-0.8441018086289966
2025-08-20,-0.6436902570943609
2025-08-21,-0.7316663421021916
2025-08-22,-0.4521930903206883
2025-08-23,-0.3245387694128601
2025-08-24,-0.2062276678185276
2025-08-25,-0.4811949695782028
2025-08-26,-0.3502061624420903
2025-08-27,-0.16814976468477313
2025-08-28,0.03479967541452583
2025-08-29,0.008016763171508963
2025-08-30,-0.059902604756541876
2025-08-31,-0.07842141845098917
2025-09-01,-0.20415911198266717
2025-09-02,-0.00284419933139635
2025-09-03,0.005717713623046308
2025-09-04,-0.133465248590042
2025-09-05,-0.1062102075089587
2025-09-06,-0.15917296740490683
2025-09-07,-0.05397538269578166
2025-09-08,0.08496835542630887
2025-09-09,0.18089302573442848
2025-09-10,0.22864653413609684
2025-09-11,0.2690218773469905
2025-09-12,0.5417951210163775
2025-09-13,0.5571776579621036
2025-09-14,0.539305923383721
2025-09-15,0.4025831769751003
2025-09-16,0.4001393982931311
2025-09-17,0.5898419753231476
2025-09-18,0.620360031042591
2025-09-19,0.48949001887589455
2025-09-20,0.5134265192006356
2025-09-21,0.46860682656313346
2025-09-22,0.2249133530725313
2025-09-23,0.10528321564131382
2025-09-24,0.007515845186717462
2025-09-25,-0.25783951293978397
2025-09-26,0.02363542841731433
2025-09-27,-0.012952704702113047
2025-09-28,0.05149909629949146
2025-09-29,0.010775636673976631
2025-09-30,-0.06923339312752451
2025-10-01,0.034449552559510425
2025-10-02,0.24163283153743545
2025-10-03,0.13808932619919675
2025-10-04,0.027315490950404617
2025-10-05,3.8933366277928704e-05
2025-10-06,0.03786937326662223
2025-10-07,-0.08697720788852882
2025-10-08,0.02747657106671732
2025-10-09,-0.0794784528150836
2025-10-10,-0.4737811489202322
2025-10-11,-0.6286533419368685
2025-10-12,-0.3358585399839123
2025-10-13,-0.08361913223413694
2025-10-14,-0.12752101891741596
2025-10-15,-0.22751004133533156
2025-10-16,-0.3433512227232968
2025-10-17,-0.33287411007591894
2025-10-18,-0.21880984198121833
2025-10-19,-0.27576041304666127
2025-10-20,-0.3052670437959641
2025-10-21,-0.31248159189631314
2025-10-22,-0.4143198487702134
2025-10-23,-0.22777731309920057
2025-10-24,-0.21025885123224808
2025-10-25,-0.2201142912309649
2025-10-26,-0.18892489350216643
2025-10-27,-0.20018169427161195
2025-10-28,-0.25232509440847
2025-10-29,-0.11882463411271227
2025-10-30,-0.2916235443193737
2025-10-31,-0.27535474175370306
2025-11-01,-0.31559293778348124
2025-11-02,-0.298876788428464
2025-11-03,-0.6988000417816759
2025-11-04,-0.7794588600187212
2025-11-05,-0.6725786157500814
2025-11-06,-0.768604242298105
2025-11-07,-0.6658219963357401
2025-11-08,-0.7178394741731887
2025-11-09,-0.64040647919037
2025-11-10,-0.6110072728349306
2025-11-11,-0.8459841307696286
2025-11-12,-0.8209543653864001
2025-11-13,-0.9767239654150823
2025-11-14,-0.9306374526145506
2025-11-15,-0.9534827056395266
2025-11-16,-0.9580376399867683
2025-11-17,-1.0718042413074667
2025-11-18,-0.776387186198216
2025-11-19,-0.8332906747987432
2025-11-20,-0.6823163850002842
2025-11-21,-0.7806500902621734
2025-11-22,-0.7894012346170255
2025-11-23,-0.7912854917630664
2025-11-24,-0.581887823574132
2025-11-25,-0.501739896965472
2025-11-26,-0.5328861945840827
2025-11-27,-0.6568741342953976
2025-11-28,-0.7643620718294031
2025-11-29,-0.8085337916164845
2025-11-30,-0.8777382215924148
2025-12-01,-0.9098625988775857
2025-12-02,-0.72649289350711
2025-12-03,-0.610548660351755
2025-12-04,-0.7544262235355115
2025-12-05,-0.8148344723354857
2025-12-06,-0.8451232123531565
2025-12-07,-0.922278291414501
2025-12-08,-0.8844545754774011
2025-12-09,-0.8150875613190445
2025-12-10,-0.8288899102089294
2025-12-11,-0.859009705065134
2025-12-12,-0.8869761168999034
2025-12-13,-0.845468650951799
2025-12-14,-0.8688965378480943
2025-12-15,-0.8262568932660829
2025-12-16,-0.8485791682267965
2025-12-17,-1.0076704461407815
2025-12-18,-1.119597144008885
2025-12-19,-0.9843809733691526
2025-12-20,-1.011120061166123
2025-12-21,-1.0150455560886593
2025-12-22,-1.0096600204817836
2025-12-23,-1.0226828074194014
2025-12-24,-1.0917540241161336
2025-12-25,-1.1743520330828259
2025-12-26,-1.0718022555732123
2025-12-27,-0.9883313304163572
2025-12-28,-0.9608515553411601
2025-12-29,-1.0041708810444294
2025-12-30,-0.9999665069471634
2025-12-31,-0.9564571634255127
2026-01-01,-0.9277732804475579
2026-01-02,-0.7638534235601587
2026-01-03,-0.7515832575048947
2026-01-04,-0.7737109108519584
2026-01-05,-0.7495700017854832
2026-01-06,-0.6019900086955782
2026-01-07,-0.6484073305606034
2026-01-08,-0.5369670562346127
2026-01-09,-0.6119779581040098
2026-01-10,-0.6005758550221632
2026-01-11,-0.456578251386231
2026-01-12,-0.49378895077729296
2026-01-13,-0.4931956154915929
2026-01-14,-0.5343665173309307
2026-01-15,-0.6311072621937452
2026-01-16,-0.5154061396105191
2026-01-17,-0.5326590526618145
2026-01-18,-0.6903328843516416
2026-01-19,-0.833565042382232
2026-01-20,-0.9090035927434648
2026-01-21,-0.8027078408012176
2026-01-22,-0.8670004606561527
2026-01-23,-0.920841972794998
2026-01-24,-0.9113296387020948
2026-01-25,-1.173565116258286
2026-01-26,-1.01160907500923
2026-01-27,-0.9179774503430891
2026-01-28,-1.0330016527279295
2026-01-29,-1.0941765786112552
2026-01-30,-1.0760160609373388
2026-01-31,-1.3581173791266812
2026-02-01,-1.5184287296440813
2026-02-02,-1.4245214311640502
2026-02-03,-1.6232010995633688
2026-02-04,-1.7793072670039285
2026-02-05,-1.844553386670023
2026-02-06,-1.8744016167323154
2026-02-07,-1.7318689272528354
2026-02-08,-1.868836607420539
2026-02-09,-1.878375912517024
2026-02-10,-2.0421119909252647
2026-02-11,-2.1573327830175084
2026-02-12,-2.1474617424620885
2026-02-13,-1.9140910465391692
2026-02-14,-1.6972532248579617
2026-02-15,-1.7654078625869878
2026-02-16,-1.7302307153972865
2026-02-17,-1.6825431424917157
2026-02-18,-1.8593558162442616
2026-02-19,-1.831354033038343
2026-02-20,-1.7423240140981366
2026-02-21,-1.6840163299922066
2026-02-22,-1.8323293641758471
2026-02-23,-1.928510101461892
2026-02-24,-1.7519529348932457
2026-02-25,-1.4159845927327992
2026-02-26,-1.515083488941296
2026-02-27,-1.6638294181728042
2026-02-28,-1.5710128297164585
2026-03-01,-1.4963076561636932
2026-03-02,-1.5518874915087426
2026-03-03,-1.464568832333318
2026-03-05,-1.577275538521047
