Date,sol_btc
2020-04-10,0.00013852668035428786
2020-04-11,0.0001132540588621832
2020-04-12,0.00012659523815066332
2020-04-13,0.00011363443378480287
2020-04-14,9.673832790492323e-05
2020-04-15,9.73562682486769e-05
2020-04-16,9.706828597007402e-05
2020-04-17,9.311031459312628e-05
2020-04-18,9.384506086942076e-05
2020-04-19,8.44252517271275e-05
2020-04-20,7.829340760829096e-05
2020-04-21,8.541153964207721e-05
2020-04-22,9.717308037970925e-05
2020-04-23,8.445225841549917e-05
2020-04-24,8.39955401834805e-05
2020-04-25,8.498473716648802e-05
2020-04-26,8.274960474930154e-05
2020-04-27,7.342243578674725e-05
2020-04-28,8.470450449988416e-05
2020-04-29,8.47445501024375e-05
2020-04-30,7.981067154149395e-05
2020-05-01,8.221242717914808e-05
2020-05-02,7.964268603306702e-05
2020-05-03,7.637396554093205e-05
2020-05-04,7.489250637783228e-05
2020-05-05,7.129090172224097e-05
2020-05-06,6.71701360138792e-05
2020-05-07,6.15964265351894e-05
2020-05-08,6.1459161129025e-05
2020-05-09,6.301162385867988e-05
2020-05-10,6.133023782491815e-05
2020-05-11,5.990295294748332e-05
2020-05-12,6.117069462666729e-05
2020-05-13,5.938864480398641e-05
2020-05-14,5.846869693288504e-05
2020-05-15,6.000644835417418e-05
2020-05-16,6.38924120014209e-05
2020-05-17,6.338595138230653e-05
2020-05-18,6.710173033361628e-05
2020-05-19,6.418455924809799e-05
2020-05-20,6.0816665963972663e-05
2020-05-21,6.704811139169964e-05
2020-05-22,6.957469534988933e-05
2020-05-23,6.656661068555143e-05
2020-05-24,6.246075284644173e-05
2020-05-25,6.745946258852527e-05
2020-05-26,6.489004593241142e-05
2020-05-27,6.437031571986259e-05
2020-05-28,6.037896866874474e-05
2020-05-29,6.138440621059505e-05
2020-05-30,6.0609062676538224e-05
2020-05-31,6.0249281971250316e-05
2020-06-01,5.679942216520649e-05
2020-06-02,5.925295317208866e-05
2020-06-03,6.0747450658156706e-05
2020-06-04,5.992457491791056e-05
2020-06-05,6.840336394624313e-05
2020-06-06,6.44772812536702e-05
2020-06-07,6.31814017513333e-05
2020-06-08,6.839418319923886e-05
2020-06-09,6.717253548076115e-05
2020-06-10,6.533544214409079e-05
2020-06-11,6.154853424032468e-05
2020-06-12,6.26388311558211e-05
2020-06-13,6.426650782273235e-05
2020-06-14,6.254290777889463e-05
2020-06-15,6.0380594508358756e-05
2020-06-16,6.139384556052156e-05
2020-06-17,6.134455136707799e-05
2020-06-18,6.597604183081653e-05
2020-06-19,7.367901012480403e-05
2020-06-20,6.896351077618671e-05
2020-06-21,7.23533715502809e-05
2020-06-22,7.53310463955589e-05
2020-06-23,7.355370245712302e-05
2020-06-24,7.913086335717154e-05
2020-06-25,7.697877722482993e-05
2020-06-26,8.088515077965101e-05
2020-06-27,7.888526147838174e-05
2020-06-28,8.732846623033903e-05
2020-06-29,9.275024508292638e-05
2020-06-30,9.412285557538669e-05
2020-07-01,9.022677475843086e-05
2020-07-02,8.551835389367323e-05
2020-07-03,8.452375031738967e-05
2020-07-04,8.545009854375043e-05
2020-07-05,7.622530001889048e-05
2020-07-06,7.550636146058452e-05
2020-07-07,8.139055658859709e-05
2020-07-08,8.450199986734968e-05
2020-07-09,9.19870602441353e-05
2020-07-10,9.845661327730038e-05
2020-07-11,0.0001000637809243923
2020-07-12,0.00010960125084007641
2020-07-13,0.0001271941916147824
2020-07-14,0.00012420733751774686
2020-07-15,0.00014028291812247137
2020-07-16,9.553430310995312e-05
2020-07-17,0.00010685117240589171
2020-07-18,0.00010553322285000988
2020-07-19,0.0001001923904568925
2020-07-20,9.527138426108179e-05
2020-07-21,0.00010423228829897767
2020-07-22,0.00010961125801894477
2020-07-23,0.00010957479470561821
2020-07-24,0.00010436795859631909
2020-07-25,0.0001294004708261297
2020-07-26,0.00015800944793963327
2020-07-27,0.00016182845267277875
2020-07-28,0.0001634835454701046
2020-07-29,0.0001493891058948547
2020-07-30,0.00015181122931862083
2020-07-31,0.00013583984433954737
2020-08-01,0.0001298182723020063
2020-08-02,0.00015766879232991568
2020-08-03,0.00016028411106925786
2020-08-04,0.0001670227516676385
2020-08-05,0.0001493612518404556
2020-08-06,0.0001872996924820775
2020-08-07,0.00017979639232975332
2020-08-08,0.00021044880767529724
2020-08-09,0.00022827059008116206
2020-08-10,0.00026366085782849165
2020-08-11,0.0002895063110655099
2020-08-12,0.0003254011534592762
2020-08-13,0.00031873108173108603
2020-08-14,0.0002896954209268832
2020-08-15,0.00026831922658887824
2020-08-16,0.00028468081213160187
2020-08-17,0.0002528567228370894
2020-08-18,0.0002777008812356244
2020-08-19,0.0002465530798452981
2020-08-20,0.0002700931537170715
2020-08-21,0.0002539288864691022
2020-08-22,0.00025859708511805405
2020-08-23,0.0002848242159179632
2020-08-24,0.00028408499503947273
2020-08-25,0.00028724363809879685
2020-08-26,0.00030973732242189445
2020-08-27,0.00030424261151383304
2020-08-28,0.000347532429735408
2020-08-29,0.00034490791441033205
2020-08-30,0.0003787576949520754
2020-08-31,0.0004093929803970727
2020-09-01,0.00036293585045954523
2020-09-02,0.0003648554084873884
2020-09-03,0.0003442886993260246
2020-09-04,0.00033731515671089267
2020-09-05,0.000255459823416221
2020-09-06,0.00030018845778280874
2020-09-07,0.00028241575231869193
2020-09-08,0.00024369273343603215
2020-09-09,0.0003550336477430058
2020-09-10,0.00033482490779739103
2020-09-11,0.0003295313916375179
2020-09-12,0.0003191539376444958
2020-09-13,0.0003124675693181027
2020-09-14,0.0003060745911931076
2020-09-15,0.00027221768081858456
2020-09-16,0.0002319290132496539
2020-09-17,0.00026412244536091594
2020-09-18,0.00028397053815654123
2020-09-19,0.0002730121181559909
2020-09-20,0.0002624640482948078
2020-09-21,0.00026595679622279123
2020-09-22,0.00027665512891889065
2020-09-23,0.0002768597797988033
2020-09-24,0.00029114271869005434
2020-09-25,0.00029820409955913334
2020-09-26,0.0002915806440550854
2020-09-27,0.0002926095667362267
2020-09-28,0.00027607599376381687
2020-09-29,0.00027169485547814335
2020-09-30,0.0002687077181079461
2020-10-01,0.00026941389405195164
2020-10-02,0.00024830646764775765
2020-10-03,0.00024146587302620006
2020-10-04,0.00023581006153591003
2020-10-05,0.00024622999663731927
2020-10-06,0.00020522129477324708
2020-10-07,0.0002148095118386582
2020-10-08,0.0002166808543291522
2020-10-09,0.00022955114969747367
2020-10-10,0.0002129969068130713
2020-10-11,0.00021315348977145595
2020-10-12,0.00022388494698364071
2020-10-13,0.00021047884288440265
2020-10-14,0.00020251399046352622
2020-10-15,0.00019716112837122568
2020-10-16,0.0001898394780032809
2020-10-17,0.00019385660633373746
2020-10-18,0.00019282397625539375
2020-10-19,0.0001752745233890325
2020-10-20,0.0001584943693174517
2020-10-21,0.00014741295828022295
2020-10-22,0.00015083058013214771
2020-10-23,0.00015157012301441293
2020-10-24,0.00014585130648230124
2020-10-25,0.00013716792051291686
2020-10-26,0.0001289050919003034
2020-10-27,0.00012525301159573398
2020-10-28,0.00011227647060005077
2020-10-29,0.00010633639425025102
2020-10-30,0.00010639896991162598
2020-10-31,0.00011179889011641301
2020-11-01,0.00011646118563245995
2020-11-02,0.00010878367204880316
2020-11-03,0.00010123322578146155
2020-11-04,9.850600026855766e-05
2020-11-05,9.019458650072178e-05
2020-11-06,0.0001229445385173406
2020-11-07,0.0001369824574741171
2020-11-08,0.00013931901569290842
2020-11-09,0.0001323121717686236
2020-11-10,0.0001470146745692537
2020-11-11,0.00012751300492311093
2020-11-12,0.00011668087151239972
2020-11-13,0.00012383966853369557
2020-11-14,0.00011930541978165618
2020-11-15,0.00012805758859434318
2020-11-16,0.00013492102541169172
2020-11-17,0.00012480194956380428
2020-11-18,0.00011879512472131036
2020-11-19,0.00011656051194405088
2020-11-20,0.00011252653479586276
2020-11-21,0.00012778539369915503
2020-11-22,0.00011675801746364152
2020-11-23,0.00012395784971361791
2020-11-24,0.00011869533735891499
2020-11-25,0.00012118403801802912
2020-11-26,0.00011096022265881987
2020-11-27,0.00010859862780566036
2020-11-28,0.00010661459755010669
2020-11-29,0.00010535864114248389
2020-11-30,0.00010021947888499947
2020-12-01,0.0001051060040127625
2020-12-02,0.00011017087215483632
2020-12-03,0.0001080137746054683
2020-12-04,9.925006630312541e-05
2020-12-05,0.00010330741058790187
2020-12-06,9.585098958870746e-05
2020-12-07,9.541518157226941e-05
2020-12-08,9.089781394631292e-05
2020-12-09,8.959316418000078e-05
2020-12-10,8.618405214543895e-05
2020-12-11,7.999294652421684e-05
2020-12-12,7.928840757242659e-05
2020-12-13,8.177958032114717e-05
2020-12-14,8.269732178277296e-05
2020-12-15,9.067642336926156e-05
2020-12-16,8.369535077979835e-05
2020-12-17,7.360763494937701e-05
2020-12-18,7.342047003859101e-05
2020-12-19,6.99062725946093e-05
2020-12-20,6.6599494884337e-05
2020-12-21,6.761871298698026e-05
2020-12-22,6.26617397649253e-05
2020-12-23,5.187703277779955e-05
2020-12-24,5.739850677123198e-05
2020-12-25,5.860187418312666e-05
2020-12-26,5.009025547064885e-05
2020-12-27,4.9597572577924425e-05
2020-12-28,5.5960704209015475e-05
2020-12-29,6.119136924404093e-05
2020-12-30,5.32387750287825e-05
2020-12-31,5.209683968436536e-05
2021-01-01,6.271105387558434e-05
2021-01-02,5.600460842962029e-05
2021-01-03,6.594321395905832e-05
2021-01-04,7.772749941087515e-05
2021-01-05,6.346168972293578e-05
2021-01-06,5.2389690113568094e-05
2021-01-07,6.02662479366416e-05
2021-01-08,7.89234238851461e-05
2021-01-09,8.409936764508611e-05
2021-01-10,9.036581126066451e-05
2021-01-11,8.738774603976562e-05
2021-01-12,0.00010651776776682674
2021-01-13,9.416197301223319e-05
2021-01-14,8.36536724181705e-05
2021-01-15,8.825875152832496e-05
2021-01-16,9.528005148536164e-05
2021-01-17,0.00010667792153832272
2021-01-18,0.00010361745482027928
2021-01-19,0.00010096716631144703
2021-01-20,0.00010474862617821963
2021-01-21,9.701437600103306e-05
2021-01-22,0.00010138317984900689
2021-01-23,0.00010927251657794456
2021-01-24,0.00011255747926044473
2021-01-25,0.00011431551926173076
2021-01-26,0.0001242667675273689
2021-01-27,0.00012127105427360677
2021-01-28,0.00011420728130218594
2021-01-29,0.00011174474919886479
2021-01-30,0.00012326626232578219
2021-01-31,0.00012877023817667077
2021-02-01,0.00013750716099675476
2021-02-02,0.0001483375148162452
2021-02-03,0.00015253993279698796
2021-02-04,0.00017402516957564355
2021-02-05,0.0001751695082779157
2021-02-06,0.00015562586253362978
2021-02-07,0.00017223316436651526
2021-02-08,0.0001706461795978263
2021-02-09,0.00016817140827665253
2021-02-10,0.00020197197216695198
2021-02-11,0.00019234983389874256
2021-02-12,0.00019465405814816242
2021-02-13,0.0001853807380672542
2021-02-14,0.00017937977539601692
2021-02-15,0.00018483112584589823
2021-02-16,0.0001686562715881417
2021-02-17,0.0001576746603616264
2021-02-18,0.00017377103098109467
2021-02-19,0.00020515363177297285
2021-02-20,0.0001783021262204177
2021-02-21,0.00019265769292486584
2021-02-22,0.0002666574415347302
2021-02-23,0.0003113510879584237
2021-02-24,0.00034810566522804515
2021-02-25,0.00029337193352130497
2021-02-26,0.0002932242347772111
2021-02-27,0.0002858110018228227
2021-02-28,0.0002899843498207398
2021-03-01,0.0003013341532790802
2021-03-02,0.0002885327272936194
2021-03-03,0.00027930514474216615
2021-03-04,0.0002697213413136875
2021-03-05,0.0002577383568495672
2021-03-06,0.0002665267416109262
2021-03-07,0.0002710140392945338
2021-03-08,0.00026034628173151475
2021-03-09,0.00027079889977552686
2021-03-10,0.0002540877003855316
2021-03-11,0.00027665851658363697
2021-03-12,0.0002538219378171839
2021-03-13,0.0002499678513962912
2021-03-14,0.0002446492367951676
2021-03-15,0.00025375375476720355
2021-03-16,0.00023981685749645596
2021-03-17,0.00024154896087250378
2021-03-18,0.0002459434920371626
2021-03-19,0.0002434551986584358
2021-03-20,0.00024371621657236697
2021-03-21,0.0002491542628243533
2021-03-22,0.00027360219075278945
2021-03-23,0.00025950136675556817
2021-03-24,0.00025886286879348193
2021-03-25,0.0002519156178121245
2021-03-26,0.00026804753772975665
2021-03-27,0.0002949309638643774
2021-03-28,0.0003220016657870158
2021-03-29,0.0003264890695173806
2021-03-30,0.00032645414996152275
2021-03-31,0.0003303736405382179
2021-04-01,0.0003229484842299088
2021-04-02,0.0003335935332371226
2021-04-03,0.0003915061355515537
2021-04-04,0.0004094948096300306
2021-04-05,0.00038918233896871693
2021-04-06,0.00042887323969957125
2021-04-07,0.0004724100389862291
2021-04-08,0.00046351431267611096
2021-04-09,0.00047692115500316845
2021-04-10,0.0004489036969106363
2021-04-11,0.00046394662898919647
2021-04-12,0.00047604740785949065
2021-04-13,0.00043203242594406924
2021-04-14,0.0004195094093957155
2021-04-15,0.00043937057285527544
2021-04-16,0.00041247710160227663
2021-04-17,0.0004136172437266568
2021-04-18,0.0005746195386351364
2021-04-19,0.0005684398948221755
2021-04-20,0.000562570366072308
2021-04-21,0.000603142289566766
2021-04-22,0.000751121582577562
2021-04-23,0.0007237380488829299
2021-04-24,0.0008139182879485807
2021-04-25,0.0009666023337648302
2021-04-26,0.0008140519983847653
2021-04-27,0.0007856905884590585
2021-04-28,0.0008176238520185144
2021-04-29,0.0007928382794285793
2021-04-30,0.0007438245979449467
2021-05-01,0.0008561246944951835
2021-05-02,0.0008280080293145618
2021-05-03,0.0008030324100354941
2021-05-04,0.0008011761039761493
2021-05-05,0.0007823134968507293
2021-05-06,0.0007705383311519204
2021-05-07,0.0007524010588067456
2021-05-08,0.0007748061965569814
2021-05-09,0.0007612645197101816
2021-05-10,0.0007681666607649047
2021-05-11,0.0007861353248170634
2021-05-12,0.0008638219215300142
2021-05-13,0.0008246378325811472
2021-05-14,0.0008564035020157929
2021-05-15,0.0009294510960982516
2021-05-16,0.001016031707834041
2021-05-17,0.0010763868467906132
2021-05-18,0.0013030002306538022
2021-05-19,0.0009487801403056175
2021-05-20,0.0010971001493803242
2021-05-21,0.0010404281469446966
2021-05-22,0.0008342672192206405
2021-05-23,0.0007100469984602757
2021-05-24,0.0008082361140171481
2021-05-25,0.0007811286917011944
2021-05-26,0.0009044545636929552
2021-05-27,0.0008737575309412305
2021-05-28,0.0008134796645805309
2021-05-29,0.000790858806816611
2021-05-30,0.0008016860777823281
2021-05-31,0.0008790178415413241
2021-06-01,0.0008446319394109957
2021-06-02,0.0009036901003272502
2021-06-03,0.0010066857416900657
2021-06-04,0.00101411225665349
2021-06-05,0.0011134520553366491
2021-06-06,0.0011797426049971957
2021-06-07,0.0011400931714767467
2021-06-08,0.0012403510315067323
2021-06-09,0.001125495786255651
2021-06-10,0.001119775639835981
2021-06-11,0.0009654925984145506
2021-06-12,0.0010250101264837755
2021-06-13,0.0009916255251059241
2021-06-14,0.0009625688978254028
2021-06-15,0.0010184966059446996
2021-06-16,0.0010353757108760879
2021-06-17,0.001031825907905214
2021-06-18,0.001024074218662593
2021-06-19,0.0009926314991229113
2021-06-20,0.0009894593565251274
2021-06-21,0.0008415461749367248
2021-06-22,0.0008236059867510754
2021-06-23,0.000891049517782296
2021-06-24,0.0008995626487068247
2021-06-25,0.0009071073480381846
2021-06-26,0.0009231528725127848
2021-06-27,0.0009214926240344334
2021-06-28,0.0009562484437374577
2021-06-29,0.0009442124581906244
2021-06-30,0.0010147133526491525
2021-07-01,0.000994993359350184
2021-07-02,0.0010036414450814645
2021-07-03,0.00099452731925569
2021-07-04,0.0009723082343342773
2021-07-05,0.0009774368756277508
2021-07-06,0.0010009914657524751
2021-07-07,0.0010808156841311445
2021-07-08,0.001009926481879812
2021-07-09,0.0009842190929546869
2021-07-10,0.0009483338932445237
2021-07-11,0.0009397682529198603
2021-07-12,0.0009303965813395827
2021-07-13,0.000890501085776176
2021-07-14,0.000953039693105944
2021-07-15,0.000895262642932677
2021-07-16,0.0008392335084597809
2021-07-17,0.0008474173188244038
2021-07-18,0.0008413393920922874
2021-07-19,0.0007932931978484643
2021-07-20,0.0007880458076906897
2021-07-21,0.0008291032212219086
2021-07-22,0.0008573017442439425
2021-07-23,0.0008490935979026163
2021-07-24,0.0008369954166595947
2021-07-25,0.000796849342061426
2021-07-26,0.0007581283128061637
2021-07-27,0.0007121924637932601
2021-07-28,0.0006954564409704724
2021-07-29,0.0007818638176772791
2021-07-30,0.0007669829369676202
2021-07-31,0.0008847148338446268
2021-08-01,0.0008568968248858439
2021-08-02,0.0008474686517195914
2021-08-03,0.0008910559665265646
2021-08-04,0.0008997703650268526
2021-08-05,0.0009140089036194711
2021-08-06,0.0009212827331130284
2021-08-07,0.0008843623548333223
2021-08-08,0.0008601699508912876
2021-08-09,0.0008361360445279989
2021-08-10,0.0008915162740114028
2021-08-11,0.000915568858426953
2021-08-12,0.000925071891961915
2021-08-13,0.0009393467630806151
2021-08-14,0.0009366393063607245
2021-08-15,0.0011423715579480312
2021-08-16,0.0013570951929533365
2021-08-17,0.0014366303239543884
2021-08-18,0.0016192274383966699
2021-08-19,0.0015573925153327425
2021-08-20,0.0015955803022212557
2021-08-21,0.0015081375736772599
2021-08-22,0.0014761045802711838
2021-08-23,0.001528030749465421
2021-08-24,0.0014813803812441014
2021-08-25,0.0014695753475636834
2021-08-26,0.0016044449941076163
2021-08-27,0.0017955437107090133
2021-08-28,0.0019774728058677142
2021-08-29,0.0019346712701423959
2021-08-30,0.002349268816096213
2021-08-31,0.002300008290339067
2021-09-01,0.002273075984324948
2021-09-02,0.0025969653488225317
2021-09-03,0.0029301740084680464
2021-09-04,0.0027853461233706953
2021-09-05,0.0027451500615373096
2021-09-06,0.0031231214077140843
2021-09-07,0.003698883787400649
2021-09-08,0.004144839079580853
2021-09-09,0.004056693957092687
2021-09-10,0.004007343249481888
2021-09-11,0.003957126294000825
2021-09-12,0.0037890846644183435
2021-09-13,0.0037646346351958774
2021-09-14,0.0033571130082853907
2021-09-15,0.0033028113089767453
2021-09-16,0.0031909447567716924
2021-09-17,0.003122504942467182
2021-09-18,0.0035043486949786077
2021-09-19,0.0032271685817204217
2021-09-20,0.003084097536627646
2021-09-21,0.0030459375147887015
2021-09-22,0.0033947429999119684
2021-09-23,0.003335633028426945
2021-09-24,0.0032538855885387184
2021-09-25,0.0031879630983111073
2021-09-26,0.0031405683756538286
2021-09-27,0.0032372690741889806
2021-09-28,0.003205524094339154
2021-09-29,0.0032564303889994783
2021-09-30,0.003221424168895164
2021-10-01,0.003360196394899568
2021-10-02,0.0035440734227646462
2021-10-03,0.003580691388991723
2021-10-04,0.0033948699909440165
2021-10-05,0.003185798831506442
2021-10-06,0.0027836652487300963
2021-10-07,0.002867361144990552
2021-10-08,0.0029452574151862267
2021-10-09,0.00285302723288633
2021-10-10,0.002703020638127496
2021-10-11,0.002519938602898756
2021-10-12,0.0027254503290033375
2021-10-13,0.002581414758595304
2021-10-14,0.0026125754592549837
2021-10-15,0.0026398081098450276
2021-10-16,0.0025871765334705976
2021-10-17,0.0025951976866776336
2021-10-18,0.0025349221201597665
2021-10-19,0.0024278274528647683
2021-10-20,0.0026661510510492203
2021-10-21,0.003059281624415948
2021-10-22,0.0032365167421359808
2021-10-23,0.003220267292902369
2021-10-24,0.0033211752495978086
2021-10-25,0.0033328819746415257
2021-10-26,0.00331005129316512
2021-10-27,0.0031423922223244166
2021-10-28,0.003214403082793794
2021-10-29,0.0032169259434925482
2021-10-30,0.003157533515945078
2021-10-31,0.0033011164949308027
2021-11-01,0.003336563737503464
2021-11-02,0.0034833484959093243
2021-11-03,0.003857370782205354
2021-11-04,0.004025692309610278
2021-11-05,0.0038686580016401915
2021-11-06,0.00420843376324159
2021-11-07,0.003944976590685165
2021-11-08,0.0036773544835500827
2021-11-09,0.0035718471701137395
2021-11-10,0.003596872017697333
2021-11-11,0.003606480277936319
2021-11-12,0.003561666861174625
2021-11-13,0.0037509973692906877
2021-11-14,0.0036419280725881564
2021-11-15,0.0037375953605427877
2021-11-16,0.0036441902913550237
2021-11-17,0.003623032037190381
2021-11-18,0.003433088794412118
2021-11-19,0.003704087692706148
2021-11-20,0.0036520187071870922
2021-11-21,0.003938034166041347
2021-11-22,0.0038326523173952526
2021-11-23,0.0038534039640932697
2021-11-24,0.0038187617865933494
2021-11-25,0.003601119933764907
2021-11-26,0.0035749969601920964
2021-11-27,0.0035227927095611237
2021-11-28,0.0035053634876383473
2021-11-29,0.0035345355927071153
2021-11-30,0.0036605461169780377
2021-12-01,0.004015375332080026
2021-12-02,0.004143096473650018
2021-12-03,0.00394088260616766
2021-12-04,0.004087844672510873
2021-12-05,0.003973523142223022
2021-12-06,0.0038392475430051327
2021-12-07,0.003759301489237953
2021-12-08,0.0038535290931523522
2021-12-09,0.003800503966896107
2021-12-10,0.0035551034182588373
2021-12-11,0.0034834027084146763
2021-12-12,0.003461824986740921
2021-12-13,0.0033209547651046256
2021-12-14,0.003289697162991625
2021-12-15,0.003647295362690863
2021-12-16,0.0037124322973593037
2021-12-17,0.003798596313634995
2021-12-18,0.003902665963780405
2021-12-19,0.003855910093346188
2021-12-20,0.003704580972800479
2021-12-21,0.0036801186776173225
2021-12-22,0.003672683285586139
2021-12-23,0.0037420112385797783
2021-12-24,0.0037438995342370866
2021-12-25,0.003829495626138067
2021-12-26,0.0038969222592716854
2021-12-27,0.0038591605723935773
2021-12-28,0.003728302076493914
2021-12-29,0.003674424036905104
2021-12-30,0.0036616798608581176
2021-12-31,0.003677653750279431
2022-01-01,0.0037435495261071918
2022-01-02,0.0037254626269432566
2022-01-03,0.00366561873490639
2022-01-04,0.0036589930223368456
2022-01-05,0.003559864067102607
2022-01-06,0.003485359370087313
2022-01-07,0.0032822353651104073
2022-01-08,0.003414809468022365
2022-01-09,0.0033603823110070767
2022-01-10,0.003250856985382267
2022-01-11,0.003280239780198657
2022-01-12,0.0034517909205828475
2022-01-13,0.0034281440954608646
2022-01-14,0.0033911843875704976
2022-01-15,0.003423114484131328
2022-01-16,0.0034294414085996633
2022-01-17,0.0033118150543479416
2022-01-18,0.003341240692432506
2022-01-19,0.003252954233911643
2022-01-20,0.0031269414246522555
2022-01-21,0.0030711546504431073
2022-01-22,0.002688486882472894
2022-01-23,0.0027449557655346876
2022-01-24,0.0025003912615889495
2022-01-25,0.0025631959235906123
2022-01-26,0.0025029236310203265
2022-01-27,0.002413482858672645
2022-01-28,0.0024166868069281774
2022-01-29,0.002523022562755969
2022-01-30,0.002460537382161216
2022-01-31,0.0025917551705013763
2022-02-01,0.002838660011407726
2022-02-02,0.0027558694495296173
2022-02-03,0.0027307260342999866
2022-02-04,0.002702936931852623
2022-02-05,0.0027483374307824215
2022-02-06,0.00271853673890865
2022-02-07,0.002676879219584619
2022-02-08,0.002574784334940601
2022-02-09,0.002571548772140863
2022-02-10,0.0024377947528748498
2022-02-11,0.002272732120345801
2022-02-12,0.002270550633004007
2022-02-13,0.002209705976689886
2022-02-14,0.0022643872323935667
2022-02-15,0.0023527275014389305
2022-02-16,0.002318666701642386
2022-02-17,0.002304267508897176
2022-02-18,0.002249894155453833
2022-02-19,0.0022804519808379137
2022-02-20,0.002365291476676215
2022-02-21,0.002242010269737818
2022-02-22,0.002258405779755751
2022-02-23,0.0022764234229448043
2022-02-24,0.002326863455921586
2022-02-25,0.0023613583669154004
2022-02-26,0.0023051073072794122
2022-02-27,0.0022678212099007584
2022-02-28,0.0023040725945917273
2022-03-01,0.002224199410070396
2022-03-02,0.002291443556743457
2022-03-03,0.002250534122094199
2022-03-04,0.002254761839723264
2022-03-05,0.002275292112392245
2022-03-06,0.002200474162019054
2022-03-07,0.002157794693634426
2022-03-08,0.0021234011002203242
2022-03-09,0.002100903233227068
2022-03-10,0.0021030534152668536
2022-03-11,0.002081326254116568
2022-03-12,0.002096282983323237
2022-03-13,0.002085515823149128
2022-03-14,0.002046382218106335
2022-03-15,0.0021087353212587688
2022-03-16,0.0021364907571040153
2022-03-17,0.0021458824747917046
2022-03-18,0.00214879311485945
2022-03-19,0.0021904888102342725
2022-03-20,0.0021483523607140073
2022-03-21,0.002160699415469828
2022-03-22,0.002136815764550522
2022-03-23,0.0022172097846205447
2022-03-24,0.0023253303670099845
2022-03-25,0.0022245981542220196
2022-03-26,0.0022867930178419255
2022-03-27,0.0022871229216770072
2022-03-28,0.002259065670362192
2022-03-29,0.0023534940005441427
2022-03-30,0.0025646547679178907
2022-03-31,0.002693566705050506
2022-04-01,0.0029046275274408955
2022-04-02,0.0028820993297097855
2022-04-03,0.0029443450776998168
2022-04-04,0.0028400907059710164
2022-04-05,0.002784754099983331
2022-04-06,0.0026126337972976945
2022-04-07,0.00273071286377103
2022-04-08,0.0025965227180637417
2022-04-09,0.0026406533717982655
2022-04-10,0.002647443801234761
2022-04-11,0.0025135202965360292
2022-04-12,0.0025744739501496173
2022-04-13,0.0025506505933307797
2022-04-14,0.0025217603990520068
2022-04-15,0.002498178064352643
2022-04-16,0.0025295886433766165
2022-04-17,0.0025281319584186538
2022-04-18,0.002502277803121003
2022-04-19,0.0026162611212510014
2022-04-20,0.0025498147509837995
2022-04-21,0.00251129434696658
2022-04-22,0.002531737341981961
2022-04-23,0.0025513491994764263
2022-04-24,0.0025142531472745967
2022-04-25,0.002502517737563949
2022-04-26,0.0025128155945540456
2022-04-27,0.0025070351040173597
2022-04-28,0.002468601455004371
2022-04-29,0.002434907353554162
2022-04-30,0.002256296275854976
2022-05-01,0.0023310013324413835
2022-05-02,0.0022731000202336734
2022-05-03,0.0022739429491016043
2022-05-04,0.002336893141438226
2022-05-05,0.002312937752637016
2022-05-06,0.002268646374642388
2022-05-07,0.0022247627066485118
2022-05-08,0.0022085086964106224
2022-05-09,0.00208831736509189
2022-05-10,0.002152156567478995
2022-05-11,0.00173521678693049
2022-05-12,0.001538280484059821
2022-05-13,0.0016594399432359839
2022-05-14,0.001741362822980411
2022-05-15,0.0018786470981599452
2022-05-16,0.0017964239644282134
2022-05-17,0.0018775354402758909
2022-05-18,0.0017324422004234134
2022-05-19,0.001722418768646987
2022-05-20,0.0016964812868195695
2022-05-21,0.0017096219891186053
2022-05-22,0.001739732979255876
2022-05-23,0.0016858655588794602
2022-05-24,0.0016743333170329156
2022-05-25,0.0016230917806977691
2022-05-26,0.0014860039350491987
2022-05-27,0.0014315340104342415
2022-05-28,0.001538896957320326
2022-05-29,0.001525153844221372
2022-05-30,0.0014870725106119758
2022-05-31,0.0014395883958050366
2022-06-01,0.0013513728770661898
2022-06-02,0.0013421305228809475
2022-06-03,0.0012879988216654762
2022-06-04,0.0013049830128521141
2022-06-05,0.0012866876771176288
2022-06-06,0.001352637021633151
2022-06-07,0.0012658310627284841
2022-06-08,0.0012855931535739103
2022-06-09,0.001327464441141058
2022-06-10,0.001275272195456449
2022-06-11,0.0011925299999879482
2022-06-12,0.0011487379862953238
2022-06-13,0.001253696560460364
2022-06-14,0.0013380868964139282
2022-06-15,0.0015278512575586465
2022-06-16,0.0014714089244140499
2022-06-17,0.0015017437080679784
2022-06-18,0.0016725488232336792
2022-06-19,0.0016660971824954685
2022-06-20,0.0017193160249068856
2022-06-21,0.0017440905955194855
2022-06-22,0.0017071889438990658
2022-06-23,0.0018104645122637903
2022-06-24,0.0019881655524120636
2022-06-25,0.0019687539782079475
2022-06-26,0.001874139723178811
2022-06-27,0.0018543701296629372
2022-06-28,0.0017418803361956762
2022-06-29,0.0016849314502888298
2022-06-30,0.0016976942768006807
2022-07-01,0.0017023428817962772
2022-07-02,0.0017336537657575313
2022-07-03,0.0017301031837674162
2022-07-04,0.00181822720087193
2022-07-05,0.0017531130049522417
2022-07-06,0.0018042202946628467
2022-07-07,0.00178015714722373
2022-07-08,0.0017618385629019518
2022-07-09,0.0017632269083988454
2022-07-10,0.0017591955265646435
2022-07-11,0.001675646841541625
2022-07-12,0.001695184265273942
2022-07-13,0.001727231845930679
2022-07-14,0.001803984777731231
2022-07-15,0.001795706405778388
2022-07-16,0.001867556983287712
2022-07-17,0.0018597662394830578
2022-07-18,0.0019455111079003985
2022-07-19,0.0019196649401919269
2022-07-20,0.0018119040425810871
2022-07-21,0.0018645061785483323
2022-07-22,0.0017881814654861464
2022-07-23,0.0017823336124435712
2022-07-24,0.0018137151844324394
2022-07-25,0.0017185896240405783
2022-07-26,0.0017039205481682617
2022-07-27,0.001757823163595388
2022-07-28,0.0017969078932009728
2022-07-29,0.0017612957304853503
2022-07-30,0.0018496578861850641
2022-07-31,0.001816874138908001
2022-08-01,0.0017923190658438938
2022-08-02,0.0017301028118655861
2022-08-03,0.0016871032829740458
2022-08-04,0.0017158210836666797
2022-08-05,0.0017416155131225936
2022-08-06,0.0017445459513829966
2022-08-07,0.0017520617212661055
2022-08-08,0.0017711659428046873
2022-08-09,0.0017428798386059144
2022-08-10,0.001769103888891562
2022-08-11,0.0017874042125632476
2022-08-12,0.0018577673320724593
2022-08-13,0.0019032598117487529
2022-08-14,0.0018469489659939742
2022-08-15,0.0018156056162522162
2022-08-16,0.0018070711368434308
2022-08-17,0.0017313617014594288
2022-08-18,0.0017036004277625888
2022-08-19,0.0017190836131846527
2022-08-20,0.0016663343351421326
2022-08-21,0.0016965261387383032
2022-08-22,0.0016577659082617842
2022-08-23,0.0016558020321902319
2022-08-24,0.001633927756350275
2022-08-25,0.0016349530086834472
2022-08-26,0.001565959113684828
2022-08-27,0.001573837176316369
2022-08-28,0.0015492977401240407
2022-08-29,0.0015994337900609406
2022-08-30,0.0015867232246290091
2022-08-31,0.0015697419789483277
2022-09-01,0.0015693077665166826
2022-09-02,0.001563760010644262
2022-09-03,0.0015686439012595394
2022-09-04,0.0016064150547233675
2022-09-05,0.0016249770706562169
2022-09-06,0.0016398920905467415
2022-09-07,0.00169571636306242
2022-09-08,0.001738692966529839
2022-09-09,0.0016247845115509515
2022-09-10,0.0016201962486541068
2022-09-11,0.001606208392338805
2022-09-12,0.0016729294314071384
2022-09-13,0.0016471054441943996
2022-09-14,0.0016842755044826822
2022-09-15,0.0016774442860725963
2022-09-16,0.0016289655674464614
2022-09-17,0.001676842651595744
2022-09-18,0.0015994152854539175
2022-09-19,0.0016723847295093616
2022-09-20,0.0016639347628572083
2022-09-21,0.0016620322643292856
2022-09-22,0.001669396051988493
2022-09-23,0.00174511691895594
2022-09-24,0.0017670501975736792
2022-09-25,0.0017197741481767223
2022-09-26,0.0017625309540492144
2022-09-27,0.0017137201731547533
2022-09-28,0.0017108105793270001
2022-09-29,0.0017346529254963527
2022-09-30,0.001709180981668549
2022-10-01,0.0016812983522334053
2022-10-02,0.0016832344874275723
2022-10-03,0.0016800003219779138
2022-10-04,0.0016778646320529896
2022-10-05,0.0016901126780334628
2022-10-06,0.0016708633636146623
2022-10-07,0.0016883265335976155
2022-10-08,0.0016778420193600766
2022-10-09,0.0016925415281693397
2022-10-10,0.0016702380079682646
2022-10-11,0.0016154634196086433
2022-10-12,0.001626808004600957
2022-10-13,0.001575848436158404
2022-10-14,0.0015640547963446914
2022-10-15,0.0015510758551820416
2022-10-16,0.0015657407940692211
2022-10-17,0.0015971184699472168
2022-10-18,0.0015601366708867799
2022-10-19,0.0015100052619705286
2022-10-20,0.001473993872792723
2022-10-21,0.0014660958521786815
2022-10-22,0.0014584332728614189
2022-10-23,0.0014958889632049146
2022-10-24,0.0014633872767930384
2022-10-25,0.001539619588704198
2022-10-26,0.00150621360242724
2022-10-27,0.001509951320985249
2022-10-28,0.0015591510141353764
2022-10-29,0.001578267652998951
2022-10-30,0.0015975268624326565
2022-10-31,0.0015911103968558305
2022-11-01,0.0015742247536220761
2022-11-02,0.0015272239110612088
2022-11-03,0.0015261700932465518
2022-11-04,0.001597412640932037
2022-11-05,0.0017274959086379796
2022-11-06,0.00156182847867689
2022-11-07,0.0014367620658540692
2022-11-08,0.0013026580704445668
2022-11-09,0.0008778445827949333
2022-11-10,0.0010053811152419805
2022-11-11,0.0009584633783680049
2022-11-12,0.0008654587107378136
2022-11-13,0.000805004270256785
2022-11-14,0.0008425314885550574
2022-11-15,0.0008470015918376708
2022-11-16,0.0008569879146802784
2022-11-17,0.0008173016000524462
2022-11-18,0.0007933688617472186
2022-11-19,0.0007689901020768353
2022-11-20,0.0007520844397911423
2022-11-21,0.000750363928181483
2022-11-22,0.0007681162509627028
2022-11-23,0.0008639916367353595
2022-11-24,0.0008782186519178824
2022-11-25,0.0008511846427907104
2022-11-26,0.0008599946622397953
2022-11-27,0.0008583816808678724
2022-11-28,0.00082655557482842
2022-11-29,0.0008129977562420789
2022-11-30,0.0008221679552630192
2022-12-01,0.0007945342695384643
2022-12-02,0.0008026164686198553
2022-12-03,0.0007867442559530032
2022-12-04,0.0008008073174713701
2022-12-05,0.0008148014431246189
2022-12-06,0.0008361187473542331
2022-12-07,0.0008024425123295304
2022-12-08,0.0007943390782244517
2022-12-09,0.000792626337820448
2022-12-10,0.0007926448792444436
2022-12-11,0.0007850595133684608
2022-12-12,0.0007740442719660816
2022-12-13,0.0007780067823292089
2022-12-14,0.0007937137015953209
2022-12-15,0.0008074644339953914
2022-12-16,0.0007368444417519738
2022-12-17,0.0007445272832816437
2022-12-18,0.000740729062573863
2022-12-19,0.0007258447586144708
2022-12-20,0.0007263866908882746
2022-12-21,0.0007212106466422753
2022-12-22,0.0007008074768143646
2022-12-23,0.0007016847700526684
2022-12-24,0.0006792759790408439
2022-12-25,0.0006761615281971778
2022-12-26,0.0006682471381864875
2022-12-27,0.0006631162814502489
2022-12-28,0.000589389126262977
2022-12-29,0.0005799534168511253
2022-12-30,0.0005950986539918009
2022-12-31,0.0006019665170514729
2023-01-01,0.0006004285644998362
2023-01-02,0.0006754943301336228
2023-01-03,0.0008000095745145805
2023-01-04,0.0007967101412617972
2023-01-05,0.000797026774175535
2023-01-06,0.0007978920863071825
2023-01-07,0.0007721738521987674
2023-01-08,0.0008378568744438994
2023-01-09,0.0009480075414957529
2023-01-10,0.0009283762439963629
2023-01-11,0.000912155532571583
2023-01-12,0.0008807316538416075
2023-01-13,0.0009185753707289069
2023-01-14,0.0011560408493263184
2023-01-15,0.0010954229511375441
2023-01-16,0.0011137446005005883
2023-01-17,0.0010813998345869907
2023-01-18,0.001007823195057264
2023-01-19,0.0010161225309912399
2023-01-20,0.0011266382275323104
2023-01-21,0.0010812294141626102
2023-01-22,0.0010665645372259496
2023-01-23,0.0010620628207013217
2023-01-24,0.0010070331031805182
2023-01-25,0.0010628771923260256
2023-01-26,0.0010572192923285616
2023-01-27,0.0010575911007563784
2023-01-28,0.0010412795117119623
2023-01-29,0.001099174080179441
2023-01-30,0.0010484315279974154
2023-01-31,0.0010351464590800039
2023-02-01,0.0010535154870366696
2023-02-02,0.0010337931058217705
2023-02-03,0.0010525206860760152
2023-02-04,0.0010422554427328493
2023-02-05,0.001023426578201307
2023-02-06,0.0009976396905390858
2023-02-07,0.0010256644708924712
2023-02-08,0.0010110409340215966
2023-02-09,0.0009373523461817231
2023-02-10,0.0009297463900679416
2023-02-11,0.0009524125253853672
2023-02-12,0.000986312577819939
2023-02-13,0.0009533200328361342
2023-02-14,0.0009821855412599416
2023-02-15,0.0009825595293754066
2023-02-16,0.0009433816143851963
2023-02-17,0.0009430567993491678
2023-02-18,0.0009528155375800926
2023-02-19,0.0010210916067258239
2023-02-20,0.0010544617353082284
2023-02-21,0.0010209607907096505
2023-02-22,0.0009996901485073745
2023-02-23,0.0009980502558606817
2023-02-24,0.0009937455632804237
2023-02-25,0.0009718677412135659
2023-02-26,0.0009870497060059896
2023-02-27,0.0009647031910225338
2023-02-28,0.0009468204450754739
2023-03-01,0.0009517849680400666
2023-03-02,0.0009365044252481335
2023-03-03,0.000956922574860529
2023-03-04,0.0009379730198411257
2023-03-05,0.0009350614653342832
2023-03-06,0.0009199837040359767
2023-03-07,0.000911113496231537
2023-03-08,0.0008481962498652164
2023-03-09,0.0008499793335532671
2023-03-10,0.0009037213143072442
2023-03-11,0.000883359883384464
2023-03-12,0.0009163769243357078
2023-03-13,0.000844454343097102
2023-03-14,0.0008457112689364791
2023-03-15,0.000791393674373975
2023-03-16,0.0007875587459493735
2023-03-17,0.0007886945070737934
2023-03-18,0.0007860267393626422
2023-03-19,0.0007811853348344801
2023-03-20,0.000798655790542192
2023-03-21,0.0008027546294739822
2023-03-22,0.0007866166833170521
2023-03-23,0.0007841038766801034
2023-03-24,0.0007521420513581371
2023-03-25,0.0007436575233718634
2023-03-26,0.000749277411595868
2023-03-27,0.0007340367150819722
2023-03-28,0.0007507187606119365
2023-03-29,0.0007447135120732152
2023-03-30,0.0007330872189883095
2023-03-31,0.0007433856278363999
2023-04-01,0.0007382920451596438
2023-04-02,0.000728279411260014
2023-04-03,0.0007356202961793201
2023-04-04,0.000742848371712554
2023-04-05,0.0007440563155137322
2023-04-06,0.0007349174531073711
2023-04-07,0.0007330102150364666
2023-04-08,0.0007169241612221196
2023-04-09,0.0007164588570489191
2023-04-10,0.0007042245438256629
2023-04-11,0.0007613290170078518
2023-04-12,0.0007958214877396079
2023-04-13,0.0008037190310554485
2023-04-14,0.0008126014124362421
2023-04-15,0.0007942141342893191
2023-04-16,0.0008366033200110273
2023-04-17,0.0008340569893909224
2023-04-18,0.000817588506555575
2023-04-19,0.0007880195581446888
2023-04-20,0.0007852952473296125
2023-04-21,0.0007800786517899325
2023-04-22,0.0007842648690351314
2023-04-23,0.0007785089063542678
2023-04-24,0.0007771409738684326
2023-04-25,0.0007746066617667657
2023-04-26,0.0007488032985125569
2023-04-27,0.0007579655274906947
2023-04-28,0.0007963898705277397
2023-04-29,0.0007926220503074545
2023-04-30,0.0007800801161524485
2023-05-01,0.0007826773151113028
2023-05-02,0.0007763096738357657
2023-05-03,0.0007659713833466993
2023-05-04,0.0007532780896937027
2023-05-05,0.0007728656283509588
2023-05-06,0.0007602334824402617
2023-05-07,0.0007676768665459329
2023-05-08,0.0007459109956558313
2023-05-09,0.0007478149323785266
2023-05-10,0.0007585944449986315
2023-05-11,0.0007494181151724514
2023-05-12,0.0007801455803426512
2023-05-13,0.0007791480059619215
2023-05-14,0.0007780505321894635
2023-05-15,0.0007725306397335811
2023-05-16,0.0007648662157632525
2023-05-17,0.0007689532872503411
2023-05-18,0.0007583682643070642
2023-05-19,0.0007567784726027411
2023-05-20,0.0007477241345933162
2023-05-21,0.0007329582623632105
2023-05-22,0.0007277883038145444
2023-05-23,0.0007361853990208594
2023-05-24,0.0007299713659591141
2023-05-25,0.0007274705948674585
2023-05-26,0.0007248304866880619
2023-05-27,0.0007601967061012619
2023-05-28,0.0007405411968672346
2023-05-29,0.0007419662367406258
2023-05-30,0.000767230358908981
2023-05-31,0.0007650538000714313
2023-06-01,0.0007644384470199011
2023-06-02,0.0007801069735048334
2023-06-03,0.0007813652645974028
2023-06-04,0.000804562189632748
2023-06-05,0.0007793083768017624
2023-06-06,0.0007488764503264209
2023-06-07,0.0007072908391111864
2023-06-08,0.0007133439216766663
2023-06-09,0.0006563237758918161
2023-06-10,0.0006056228283387486
2023-06-11,0.0005997947245576057
2023-06-12,0.0005866888418309006
2023-06-13,0.0005794340272471478
2023-06-14,0.0005765874310878079
2023-06-15,0.0005770740214752044
2023-06-16,0.0005814557333359496
2023-06-17,0.0005903478812656435
2023-06-18,0.0005861979984371085
2023-06-19,0.0005986005876416879
2023-06-20,0.0005872469473079718
2023-06-21,0.0005747119302043271
2023-06-22,0.0005563808372746536
2023-06-23,0.0005586992127450039
2023-06-24,0.000545125164216557
2023-06-25,0.000556799032448093
2023-06-26,0.0005374766881431417
2023-06-27,0.000541565466517877
2023-06-28,0.0005313671589109253
2023-06-29,0.000590252900845489
2023-06-30,0.0006200467722652454
2023-07-01,0.0006107830998054543
2023-07-02,0.0006353071626077301
2023-07-03,0.0006175460990136594
2023-07-04,0.0006219861102619018
2023-07-05,0.0006224277799052157
2023-07-06,0.0006596396566224451
2023-07-07,0.0007080771483092633
2023-07-08,0.0007216056314721657
2023-07-09,0.0007075946737921092
2023-07-10,0.0007007774760994089
2023-07-11,0.0007214973019870549
2023-07-12,0.0007231461453167416
2023-07-13,0.0008268412577097777
2023-07-14,0.0008813759320607122
2023-07-15,0.0009041302593275755
2023-07-16,0.0009052848874686877
2023-07-17,0.0008914239280602889
2023-07-18,0.0008555741862663999
2023-07-19,0.0008816079345399159
2023-07-20,0.000851743909042062
2023-07-21,0.0008540735623774389
2023-07-22,0.0008241037155887528
2023-07-23,0.0008232406397882426
2023-07-24,0.0008013695037157478
2023-07-25,0.0007964899080186782
2023-07-26,0.0008576759292663696
2023-07-27,0.0008592517702953548
2023-07-28,0.0008474589350446999
2023-07-29,0.0008573438788609038
2023-07-30,0.0008287194881433721
2023-07-31,0.0008115246820679753
2023-08-01,0.0008086995883647959
2023-08-02,0.0007939679610537536
2023-08-03,0.0007757735961002736
2023-08-04,0.000783983875236087
2023-08-05,0.0007792887928737208
2023-08-06,0.0007983544878233396
2023-08-07,0.0007905517157575378
2023-08-08,0.0008134172023577599
2023-08-09,0.0008246716682063707
2023-08-10,0.0008363368591057935
2023-08-11,0.0008362167289979558
2023-08-12,0.000846707928301981
2023-08-13,0.0008278850095949056
2023-08-14,0.0008549525032106067
2023-08-15,0.0008192081131867308
2023-08-16,0.0007947930768741471
2023-08-17,0.0008141886382052409
2023-08-18,0.000819034787505568
2023-08-19,0.000838399215194536
2023-08-20,0.0008313715631510753
2023-08-21,0.0008118261146636104
2023-08-22,0.0007892905859184144
2023-08-23,0.0008211228744088526
2023-08-24,0.0008039420363717872
2023-08-25,0.0007829000006167329
2023-08-26,0.000779762502817968
2023-08-27,0.0007967452221520516
2023-08-28,0.0007874428051790732
2023-08-29,0.0007855323418792056
2023-08-30,0.0007632597346292269
2023-08-31,0.0007610478750935647
2023-09-01,0.0007491202248144603
2023-09-02,0.0007535620044054941
2023-09-03,0.0007539111931781176
2023-09-04,0.0007554274931149519
2023-09-05,0.0007863614610672903
2023-09-06,0.0007618471402771208
2023-09-07,0.0007580164277784559
2023-09-08,0.0007565547109987074
2023-09-09,0.0007509388950628751
2023-09-10,0.0007064366190477542
2023-09-11,0.0007049799297989277
2023-09-12,0.0006940575292910038
2023-09-13,0.0007016460420591348
2023-09-14,0.0007098168029118112
2023-09-15,0.0007203978024824256
2023-09-16,0.0007204218155919741
2023-09-17,0.0007097119065521973
2023-09-18,0.0007347327125817042
2023-09-19,0.0007363236131596389
2023-09-20,0.0007483757745829707
2023-09-21,0.0007331880412878673
2023-09-22,0.0007313190500695913
2023-09-23,0.0007326693049798187
2023-09-24,0.0007378763274542819
2023-09-25,0.0007378426481891108
2023-09-26,0.0007256019155120391
2023-09-27,0.0007259221960454074
2023-09-28,0.0007385815807789604
2023-09-29,0.0007543425256577114
2023-09-30,0.000793355604905185
2023-10-01,0.0008517974473187564
2023-10-02,0.00084892966743302
2023-10-03,0.0008586479317605858
2023-10-04,0.0008325644218149846
2023-10-05,0.0008277726196889537
2023-10-06,0.000838186244475198
2023-10-07,0.0008326159450055189
2023-10-08,0.0008321586133671627
2023-10-09,0.0008018653992418524
2023-10-10,0.0008070205588836712
2023-10-11,0.0008189319120326561
2023-10-12,0.0007960693769849749
2023-10-13,0.0008128438780443444
2023-10-14,0.0008194460137768725
2023-10-15,0.0008071542047162964
2023-10-16,0.00084093289719546
2023-10-17,0.0008431704180895443
2023-10-18,0.0008271623736754703
2023-10-19,0.0008683178103791203
2023-10-20,0.0009107475824213514
2023-10-21,0.0009822121726905796
2023-10-22,0.0009680863619714298
2023-10-23,0.0009626657483098439
2023-10-24,0.0008893857977489318
2023-10-25,0.0009408815223523394
2023-10-26,0.0009595641001428735
2023-10-27,0.0009360036826752533
2023-10-28,0.0009285336977820439
2023-10-29,0.0009503200054632226
2023-10-30,0.0010133316726421593
2023-10-31,0.0011111041607605315
2023-11-01,0.0011699987856438488
2023-11-02,0.001150818318406977
2023-11-03,0.00113783805203861
2023-11-04,0.001207068012333647
2023-11-05,0.001176586591480652
2023-11-06,0.0012023901427251171
2023-11-07,0.001215807371385539
2023-11-08,0.001211318245658213
2023-11-09,0.0012385107028482112
2023-11-10,0.0015180334371129236
2023-11-11,0.0015106517426902012
2023-11-12,0.0015154453281571907
2023-11-13,0.0014220192209476422
2023-11-14,0.0015993851615339963
2023-11-15,0.00173002624104028
2023-11-16,0.0016006574925186005
2023-11-17,0.0015962084478696786
2023-11-18,0.0015993330955034945
2023-11-19,0.0016421296865812049
2023-11-20,0.0015084958072478598
2023-11-21,0.001451966975659487
2023-11-22,0.001538470703071396
2023-11-23,0.0015178317019305598
2023-11-24,0.0015075826037043649
2023-11-25,0.0015569175141735012
2023-11-26,0.0015379949826231376
2023-11-27,0.0014780794733590527
2023-11-28,0.0015382685647966114
2023-11-29,0.0015650419833484561
2023-11-30,0.001570864735692705
2023-12-01,0.0015457722733299712
2023-12-02,0.0016169906309627673
2023-12-03,0.0015768510337139654
2023-12-04,0.0014656139117785539
2023-12-05,0.0013837099327539827
2023-12-06,0.0014150397243492552
2023-12-07,0.0015669590000723635
2023-12-08,0.0016981708151287075
2023-12-09,0.0016525095441341372
2023-12-10,0.0017064047532063724
2023-12-11,0.0017061259532793777
2023-12-12,0.0016535660254482574
2023-12-13,0.0016499547573526666
2023-12-14,0.0017576324579492702
2023-12-15,0.0017259576924037205
2023-12-16,0.0017394246987206697
2023-12-17,0.001716453412786087
2023-12-18,0.0017442746889304124
2023-12-19,0.0017267295576506607
2023-12-20,0.001882863558554846
2023-12-21,0.002139426170960464
2023-12-22,0.0022274628426887893
2023-12-23,0.002459884656973368
2023-12-24,0.0026149550816754186
2023-12-25,0.002777751378385546
2023-12-26,0.002649945172517366
2023-12-27,0.002463553441106766
2023-12-28,0.00239525463710688
2023-12-29,0.002525250000939462
2023-12-30,0.002415857889974738
2023-12-31,0.0024016413325512243
2024-01-01,0.0024794045104081716
2024-01-02,0.0023713531611340107
2024-01-03,0.002301018301195728
2024-01-04,0.002378400256884137
2024-01-05,0.002263874485445285
2024-01-06,0.002133653929211932
2024-01-07,0.0020316352069144287
2024-01-08,0.0020819543178756048
2024-01-09,0.0021545246646861842
2024-01-10,0.002188245415759835
2024-01-11,0.0021546794465887214
2024-01-12,0.002140353058274207
2024-01-13,0.002234470700480504
2024-01-14,0.0022521900068996326
2024-01-15,0.0022226735087540607
2024-01-16,0.0022622416566879374
2024-01-17,0.0023878630135534076
2024-01-18,0.0022842038639485788
2024-01-19,0.0022438670253884063
2024-01-20,0.0022217337736806925
2024-01-21,0.002186706403707845
2024-01-22,0.0021166383972614482
2024-01-23,0.0021150292557855963
2024-01-24,0.0022140341234336454
2024-01-25,0.0021758308716792584
2024-01-26,0.002210647643781447
2024-01-27,0.0022355910108813777
2024-01-28,0.0022823034503195398
2024-01-29,0.0023462873831720885
2024-01-30,0.002362440330426848
2024-01-31,0.002278599638127529
2024-02-01,0.0022715017546523666
2024-02-02,0.002325773359470964
2024-02-03,0.002276688984517649
2024-02-04,0.002242107278773537
2024-02-05,0.002239841627223695
2024-02-06,0.0022481562964202216
2024-02-07,0.002278504698793747
2024-02-08,0.0022689201512395107
2024-02-09,0.0022680739497259374
2024-02-10,0.0022844578540632296
2024-02-11,0.0022258555436263767
2024-02-12,0.0022417281104211684
2024-02-13,0.0022632445126026133
2024-02-14,0.0022570670439902847
2024-02-15,0.002189113851337631
2024-02-16,0.0021174364478122984
2024-02-17,0.0021095179269256807
2024-02-18,0.002152133418514825
2024-02-19,0.0021530932904276208
2024-02-20,0.0020743980071278676
2024-02-21,0.0020279105858959086
2024-02-22,0.0019816752043996556
2024-02-23,0.0019702514528720538
2024-02-24,0.0020192223721940475
2024-02-25,0.001999748994031808
2024-02-26,0.0020160251309578525
2024-02-27,0.0018987015821201867
2024-02-28,0.0018886904841697752
2024-02-29,0.0020541640408887948
2024-03-01,0.0020818239080315163
2024-03-02,0.0020909317845252294
2024-03-03,0.0020651621943488796
2024-03-04,0.0019492722516842279
2024-03-05,0.001970287586357574
2024-03-06,0.001977739209622426
2024-03-07,0.0021513159126398972
2024-03-08,0.0021264983404322515
2024-03-09,0.0021110892337346514
2024-03-10,0.0020938224306112163
2024-03-11,0.0020624362855237188
2024-03-12,0.0021126569466660035
2024-03-13,0.002241816733358718
2024-03-14,0.00247462433787545
2024-03-15,0.00263623549700614
2024-03-16,0.0027846591785795666
2024-03-17,0.0029554279650731087
2024-03-18,0.002901507510290624
2024-03-19,0.002746061461768605
2024-03-20,0.002820486895990429
2024-03-21,0.0027365543347151544
2024-03-22,0.0027338835655825134
2024-03-23,0.002698974492961065
2024-03-24,0.0027303594391233344
2024-03-25,0.00270278375394261
2024-03-26,0.0027247571962281843
2024-03-27,0.002683183976813902
2024-03-28,0.0026803555509122006
2024-03-29,0.0027503244067619377
2024-03-30,0.002791078949190536
2024-03-31,0.0028440173002895613
2024-04-01,0.0027627243870402803
2024-04-02,0.0027682297456492837
2024-04-03,0.0028076133716934044
2024-04-04,0.0026851732499721752
2024-04-05,0.0025723405031838425
2024-04-06,0.0025968860340784845
2024-04-07,0.0025900121092246615
2024-04-08,0.0025238216384229194
2024-04-09,0.002493723962317654
2024-04-10,0.0024570415737158987
2024-04-11,0.002463243922352164
2024-04-12,0.0022863826892895083
2024-04-13,0.0021833042119536695
2024-04-14,0.002301306254892563
2024-04-15,0.002183775747731585
2024-04-16,0.0021356425025849607
2024-04-17,0.0021519794459149274
2024-04-18,0.002237068757413081
2024-04-19,0.002234845192983901
2024-04-20,0.0023253305499773206
2024-04-21,0.002288880243816023
2024-04-22,0.0023494415158728183
2024-04-23,0.002329583812075955
2024-04-24,0.0022985730689656556
2024-04-25,0.0022470267465330676
2024-04-26,0.0021818467685172354
2024-04-27,0.002227863195860255
2024-04-28,0.0021842712498004735
2024-04-29,0.0021581177577093087
2024-04-30,0.0020938207718400425
2024-05-01,0.002311050715508662
2024-05-02,0.002330962112071019
2024-05-03,0.0022861015670817735
2024-05-04,0.002287238804593385
2024-05-05,0.0022756590669852374
2024-05-06,0.002419216008556625
2024-05-07,0.0023764299256885998
2024-05-08,0.002325535644756904
2024-05-09,0.0024242670859047173
2024-05-10,0.00240516900321475
2024-05-11,0.0023902863403164774
2024-05-12,0.0023356316154898526
2024-05-13,0.002341477584432518
2024-05-14,0.002307456699705296
2024-05-15,0.0023870954429013377
2024-05-16,0.002439254884266003
2024-05-17,0.0025283491042674515
2024-05-18,0.002577488268917746
2024-05-19,0.0025663178136077582
2024-05-20,0.0026105696825218312
2024-05-21,0.002539563145309439
2024-05-22,0.002558663222384588
2024-05-23,0.002590709734198476
2024-05-24,0.0024486570365209836
2024-05-25,0.002431752523829407
2024-05-26,0.002384055034690312
2024-05-27,0.00244970430737541
2024-05-28,0.002469402427768695
2024-05-29,0.0024870881714136052
2024-05-30,0.0024424274272491207
2024-05-31,0.002454204180962949
2024-06-01,0.0024521958354122224
2024-06-02,0.0024095357848724747
2024-06-03,0.002396976764082983
2024-06-04,0.0024345666061207348
2024-06-05,0.0024405743806108215
2024-06-06,0.002402812808362382
2024-06-07,0.0023435389286897675
2024-06-08,0.0022793036532569267
2024-06-09,0.0023271827056970526
2024-06-10,0.002286330148199419
2024-06-11,0.0022192852765852526
2024-06-12,0.002273957593840528
2024-06-13,0.0022067461105671165
2024-06-14,0.002167733156906036
2024-06-15,0.0021968578233675794
2024-06-16,0.002267822104711624
2024-06-17,0.0021557171651896342
2024-06-18,0.002110875389803485
2024-06-19,0.0020875767261775762
2024-06-20,0.002058857442780657
2024-06-21,0.0020997860130984756
2024-06-22,0.0020803872188524778
2024-06-23,0.0020352770136532784
2024-06-24,0.002193879682792153
2024-06-25,0.002209529943392701
2024-06-26,0.0022464442795034354
2024-06-27,0.00242592099351594
2024-06-28,0.0023160325433211016
2024-06-29,0.002299493747469473
2024-06-30,0.002337212545798258
2024-07-01,0.0023323857285411464
2024-07-02,0.002477880451282628
2024-07-03,0.0023387442667816287
2024-07-04,0.00223860935771922
2024-07-05,0.0023714032281431517
2024-07-06,0.0024568179346089224
2024-07-07,0.002359466338901303
2024-07-08,0.0024594561177948824
2024-07-09,0.002436654616567596
2024-07-10,0.0024587574504912335
2024-07-11,0.0023695776113502602
2024-07-12,0.002409832552222289
2024-07-13,0.0023960880073407116
2024-07-14,0.0024284861687446885
2024-07-15,0.0024654478129206305
2024-07-16,0.0024663427467480994
2024-07-17,0.0024264977433549094
2024-07-18,0.002486514100928715
2024-07-19,0.002536133578754289
2024-07-20,0.0025890759170086775
2024-07-21,0.0027076942425839764
2024-07-22,0.002648185613623743
2024-07-23,0.0026204105718601184
2024-07-24,0.0027233669026384163
2024-07-25,0.0026143253937146987
2024-07-26,0.0026966743757782354
2024-07-27,0.002714589997637702
2024-07-28,0.0027087206638657774
2024-07-29,0.0027354209659878714
2024-07-30,0.0027055052147194917
2024-07-31,0.0026590552600999073
2024-08-01,0.0025654610280476608
2024-08-02,0.0024853547883583126
2024-08-03,0.0023553357985758305
2024-08-04,0.0023754691381794235
2024-08-05,0.0024052750329316423
2024-08-06,0.0025714664118353815
2024-08-07,0.0026283621463324774
2024-08-08,0.0026402589431784628
2024-08-09,0.0025699231805413674
2024-08-10,0.0025261648202732343
2024-08-11,0.002410219656646125
2024-08-12,0.0024674489775452792
2024-08-13,0.0024206193998710626
2024-08-14,0.002450292004763532
2024-08-15,0.0024799440046866777
2024-08-16,0.00236578118127935
2024-08-17,0.0023840107076148302
2024-08-18,0.002438050907216488
2024-08-19,0.0024262113120508797
2024-08-20,0.002426045822707934
2024-08-21,0.0023328020183484306
2024-08-22,0.0023725305299535445
2024-08-23,0.0023887764384539273
2024-08-24,0.0025044293313098583
2024-08-25,0.0024700818782751295
2024-08-26,0.0025005602207529903
2024-08-27,0.0024686872622686792
2024-08-28,0.002437695705010207
2024-08-29,0.002358281262517781
2024-08-30,0.0023359474554672326
2024-08-31,0.002295650084302147
2024-09-01,0.002244909823121464
2024-09-02,0.0022838216911515684
2024-09-03,0.002221405360324566
2024-09-04,0.002304646633746867
2024-09-05,0.0023028458785282276
2024-09-06,0.002316829678307633
2024-09-07,0.002359111608218685
2024-09-08,0.00237027360321896
2024-09-09,0.00236805893167713
2024-09-10,0.002352788487078595
2024-09-11,0.0023106044959615396
2024-09-12,0.0023421452903343736
2024-09-13,0.0022964760268808977
2024-09-14,0.0022861345257250503
2024-09-15,0.0022219176821351946
2024-09-16,0.00225927013900925
2024-09-17,0.0021810688984043383
2024-09-18,0.0021734395456041375
2024-09-19,0.002269387289679848
2024-09-20,0.0023193527342956553
2024-09-21,0.002358662612647335
2024-09-22,0.002275044502386451
2024-09-23,0.002286679973664033
2024-09-24,0.0023777211468180163
2024-09-25,0.002344251673559797
2024-09-26,0.00238683126928486
2024-09-27,0.0023977556878736475
2024-09-28,0.0023815151023095778
2024-09-29,0.002416826834348868
2024-09-30,0.002409911166806642
2024-10-01,0.0023881826489953882
2024-10-02,0.0023153407635862224
2024-10-03,0.0022512595827343337
2024-10-04,0.00230671971309073
2024-10-05,0.002298467755433822
2024-10-06,0.0023311812799922545
2024-10-07,0.002313616932688575
2024-10-08,0.002307900865260713
2024-10-09,0.0022996154459134677
2024-10-10,0.0023042648628455805
2024-10-11,0.002328143808516645
2024-10-12,0.0023182984758101633
2024-10-13,0.002347958711669867
2024-10-14,0.002383866266106168
2024-10-15,0.0023078470549407534
2024-10-16,0.0022811421469737803
2024-10-17,0.002230213511493734
2024-10-18,0.002265107860182664
2024-10-19,0.002335181001462214
2024-10-20,0.002419357954593059
2024-10-21,0.002467302568120922
2024-10-22,0.0024830263559814944
2024-10-23,0.002573036978728664
2024-10-24,0.0025990932425814777
2024-10-25,0.0024722528331302712
2024-10-26,0.0025472914908996756
2024-10-27,0.0025990140110063887
2024-10-28,0.002547713011372799
2024-10-29,0.002466440241198562
2024-10-30,0.0024181101345288887
2024-10-31,0.0023987686805761396
2024-11-01,0.002392864469676816
2024-11-02,0.0023959025289640003
2024-11-03,0.002364688074612595
2024-11-04,0.002326258564641441
2024-11-05,0.0024037406067921197
2024-11-06,0.0024716693122442497
2024-11-07,0.0025865879515907146
2024-11-08,0.0026120290786466704
2024-11-09,0.0026074221085157817
2024-11-10,0.0026171587473919236
2024-11-11,0.0025100107334753417
2024-11-12,0.002412936740518854
2024-11-13,0.002375520680471709
2024-11-14,0.002397914499492078
2024-11-15,0.0023949101855547947
2024-11-16,0.002383529840277152
2024-11-17,0.00264425710118172
2024-11-18,0.002648412381536738
2024-11-19,0.0025783818473955806
2024-11-20,0.0024954942497508376
2024-11-21,0.002609680737381336
2024-11-22,0.0025911588842729163
2024-11-23,0.0026097934950839326
2024-11-24,0.0025804475770875427
2024-11-25,0.0025181613919991737
2024-11-26,0.002511033221450247
2024-11-27,0.0025249669055199277
2024-11-28,0.0024857069626690567
2024-11-29,0.0024989297409033612
2024-11-30,0.002464967071650278
2024-12-01,0.0024369905950141556
2024-12-02,0.002354931179786841
2024-12-03,0.0024395316467068573
2024-12-04,0.002319760052247316
2024-12-05,0.0024225080639000704
2024-12-06,0.0023723917588543445
2024-12-07,0.0023873097924115576
2024-12-08,0.002337827415495659
2024-12-09,0.0022306825055278534
2024-12-10,0.002211778278821168
2024-12-11,0.0022480974976116105
2024-12-12,0.002269291386100461
2024-12-13,0.002216035287265093
2024-12-14,0.002168632940202254
2024-12-15,0.0021443956551638462
2024-12-16,0.002040323821357868
2024-12-17,0.0020992600701755636
2024-12-18,0.002062960509392309
2024-12-19,0.001992846609384909
2024-12-20,0.0019866638911829916
2024-12-21,0.00186476690700869
2024-12-22,0.0018944223037307803
2024-12-23,0.0020040260152176938
2024-12-24,0.001996319690458603
2024-12-25,0.001988727900349221
2024-12-26,0.0019647903965322945
2024-12-27,0.0019521982740936731
2024-12-28,0.0020492379327575615
2024-12-29,0.0020286945693274794
2024-12-30,0.002061975656080944
2024-12-31,0.0020257529151522483
2025-01-01,0.0020533174201262496
2025-01-02,0.002144429202277221
2025-01-03,0.0022194784880768064
2025-01-04,0.0022051226149944524
2025-01-05,0.0021705102554747716
2025-01-06,0.00214270406095173
2025-01-07,0.0020865106791970018
2025-01-08,0.0020786166628553645
2025-01-09,0.0020006185466060573
2025-01-10,0.001980742339917979
2025-01-11,0.0019879696038646376
2025-01-12,0.0019955920958934295
2025-01-13,0.0019344274526444819
2025-01-14,0.0019423053550649794
2025-01-15,0.0020487775417182457
2025-01-16,0.0021174257720956665
2025-01-17,0.0021024059507150504
2025-01-18,0.0025081370644316064
2025-01-19,0.0024788538238042206
2025-01-20,0.002374614295694109
2025-01-21,0.002359138933125297
2025-01-22,0.002481714868137725
2025-01-23,0.002438002896917705
2025-01-24,0.002417119515748205
2025-01-25,0.0024454417954112647
2025-01-26,0.002345905615554166
2025-01-27,0.002302671883245822
2025-01-28,0.002242163341317956
2025-01-29,0.002198050850784665
2025-01-30,0.0022821640543862843
2025-01-31,0.0022619779885790516
2025-02-01,0.0021239192699722817
2025-02-02,0.002079248202342431
2025-02-03,0.00213153870781803
2025-02-04,0.0021159510400361827
2025-02-05,0.002028538431789867
2025-02-06,0.001964654873522538
2025-02-07,0.001991157887927724
2025-02-08,0.0020687689090304958
2025-02-09,0.0020776928892232292
2025-02-10,0.0020562539197781075
2025-02-11,0.002067756403341767
2025-02-12,0.0020102372801070125
2025-02-13,0.002012556094256037
2025-02-14,0.0020504336319864167
2025-02-15,0.001993045557507295
2025-02-16,0.0019598268071157536
2025-02-17,0.0018553144707216165
2025-02-18,0.0017697832476849002
2025-02-19,0.0017489495261193023
2025-02-20,0.0017903166865473707
2025-02-21,0.0017569900777750778
2025-02-22,0.001782634645441946
2025-02-23,0.0017454167565049985
2025-02-24,0.001553186678120016
2025-02-25,0.0016240024166397405
2025-02-26,0.0015985309718203786
2025-02-27,0.0016247218045425714
2025-02-28,0.0017544712210218853
2025-03-01,0.0016700279950958425
2025-03-02,0.001893884568780588
2025-03-03,0.0016501478993012784
2025-03-04,0.0016614644894110686
2025-03-05,0.0016140096397865276
2025-03-06,0.0015935134872025873
2025-03-07,0.0016048518445857549
2025-03-08,0.0015894924655334324
2025-03-09,0.0015686575992654504
2025-03-10,0.001506287221092994
2025-03-11,0.0015117137850411116
2025-03-12,0.0015119407201217624
2025-03-13,0.0015207988399526895
2025-03-14,0.0015876611891976634
2025-03-15,0.001611424307548464
2025-03-16,0.0015256549108874477
2025-03-17,0.0015243849364639636
2025-03-18,0.0015149295304467297
2025-03-19,0.0015609201201978063
2025-03-20,0.0015148085222519332
2025-03-21,0.0015281456279830836
2025-03-22,0.0015326396003823846
2025-03-23,0.0015408783046533987
2025-03-24,0.0016099545858761105
2025-03-25,0.0016441554525490297
2025-03-26,0.0015798294536888426
2025-03-27,0.0015869692741804602
2025-03-28,0.0015343014355199212
2025-03-29,0.0015083691014728695
2025-03-30,0.001513856233410736
2025-03-31,0.001510548398606896
2025-04-01,0.0014874205993478144
2025-04-02,0.0014276124683432385
2025-04-03,0.0014086338264790459
2025-04-04,0.0014644717156003532
2025-04-05,0.0014401447528358214
2025-04-06,0.0013515656861942831
2025-04-07,0.0013491806068672704
2025-04-08,0.001383368164173532
2025-04-09,0.0014418292498764836
2025-04-10,0.0014166694966643923
2025-04-11,0.0014571382796251977
2025-04-12,0.0015507684578743674
2025-04-13,0.0015364860046540797
2025-04-14,0.0015295330315639546
2025-04-15,0.001509079132984367
2025-04-16,0.0015642466088007672
2025-04-17,0.001586637089931346
2025-04-18,0.0015875929434069557
2025-04-19,0.0016428950206105427
2025-04-20,0.0016175605738544792
2025-04-21,0.0015619983993971837
2025-04-22,0.0015917851127104229
2025-04-23,0.0016131714188956404
2025-04-24,0.0016212207693309148
2025-04-25,0.0015932665953507623
2025-04-26,0.0015773292189054271
2025-04-27,0.0015812072040340417
2025-04-28,0.001556242175470171
2025-04-29,0.0015530381216320767
2025-04-30,0.0015672159603889726
2025-05-01,0.0015633012370274873
2025-05-02,0.0015277053570586423
2025-05-03,0.0015308509779699614
2025-05-04,0.0015266031057710348
2025-05-05,0.00154828128660252
2025-05-06,0.0015161430617271785
2025-05-07,0.0015171619584389447
2025-05-08,0.0015881292595362193
2025-05-09,0.00167841942613235
2025-05-10,0.001696542888314269
2025-05-11,0.0016620162282015673
2025-05-12,0.0016948048761449227
2025-05-13,0.0017664067131110137
2025-05-14,0.0017066856145134949
2025-05-15,0.0016290961488579154
2025-05-16,0.00161692050813456
2025-05-17,0.0016079957915132266
2025-05-18,0.0016336799822922257
2025-05-19,0.0015800612027505492
2025-05-20,0.0015776943073048072
2025-05-21,0.001583559223018017
2025-05-22,0.0016090773591944413
2025-05-23,0.001620178895059783
2025-05-24,0.0016331804045826319
2025-05-25,0.0016116370851583452
2025-05-26,0.001598202769637603
2025-05-27,0.001622237428675177
2025-05-28,0.0015972712550035518
2025-05-29,0.001576916022522684
2025-05-30,0.0015022774853913632
2025-05-31,0.0014969590989247462
2025-06-01,0.001493434996227669
2025-06-02,0.0014827709826286542
2025-06-03,0.001473390237445385
2025-06-04,0.001464305776056801
2025-06-05,0.001423003664197327
2025-06-06,0.0014169235046116724
2025-06-07,0.0014215137553813947
2025-06-08,0.0014408246784054926
2025-06-09,0.0014605373386460702
2025-06-10,0.0014967559150207406
2025-06-11,0.0014818370008890956
2025-06-12,0.001442377384583535
2025-06-13,0.001400952019618482
2025-06-14,0.001372527216510198
2025-06-15,0.0014477637388006018
2025-06-16,0.001412683289337918
2025-06-17,0.0014125069177884318
2025-06-18,0.0013953897298344753
2025-06-19,0.0014049049144343158
2025-06-20,0.001356781869645995
2025-06-21,0.0013217723360960713
2025-06-22,0.0013032916005356189
2025-06-23,0.0013719433622041068
2025-06-24,0.0013763370064155016
2025-06-25,0.001336656535859035
2025-06-26,0.0013001108847185134
2025-06-27,0.0013277950097772583
2025-06-28,0.0014052994337272107
2025-06-29,0.0014148847299207336
2025-06-30,0.0014442975740179824
2025-07-01,0.0013900570000251304
2025-07-02,0.0013983885824221385
2025-07-03,0.0013899188950990246
2025-07-04,0.001367747022973382
2025-07-05,0.0013641304603802726
2025-07-06,0.00139036950987916
2025-07-07,0.0013746311081949054
2025-07-08,0.0013933915858797394
2025-07-09,0.0014127941877022266
2025-07-10,0.0014144903078781186
2025-07-11,0.0013860410655789472
2025-07-12,0.0013682848807311265
2025-07-13,0.0013532510906915738
2025-07-14,0.0013539893595653854
2025-07-15,0.0013920390097031737
2025-07-16,0.0014629498385583895
2025-07-17,0.001473663134410345
2025-07-18,0.001503195958566877
2025-07-19,0.0015013580174886366
2025-07-20,0.0015476966286208915
2025-07-21,0.0016688950268359498
2025-07-22,0.001714236730392952
2025-07-23,0.001596084380274245
2025-07-24,0.0015426978899936929
2025-07-25,0.00158777796893526
2025-07-26,0.001567766062133249
2025-07-27,0.0015800407902510545
2025-07-28,0.0015479531498675694
2025-07-29,0.0015377544786317906
2025-07-30,0.0015080389095028825
2025-07-31,0.0014895216258465755
2025-08-01,0.0014373188045756866
2025-08-02,0.001408400988227122
2025-08-03,0.0014179502055576857
2025-08-04,0.0014723465503152548
2025-08-05,0.0014376586444792834
2025-08-06,0.0014620417243943458
2025-08-07,0.0014935324267286178
2025-08-08,0.0015148274868746357
2025-08-09,0.0015466247786353395
2025-08-10,0.001533048240437187
2025-08-11,0.0014737276486457588
2025-08-12,0.0015965065069084702
2025-08-13,0.0016343747684164724
2025-08-14,0.0016271260493628853
2025-08-15,0.0015821453558909906
2025-08-16,0.0016151571649090128
2025-08-17,0.0016275848527955849
2025-08-18,0.0015747632546674476
2025-08-19,0.0015608475835995578
2025-08-20,0.001641537754713541
2025-08-21,0.001603648620567956
2025-08-22,0.0017167830154069385
2025-08-23,0.0017676093146093618
2025-08-24,0.0018143417971040329
2025-08-25,0.0017006088092743452
2025-08-26,0.0017522400352811944
2025-08-27,0.001824488467486638
2025-08-28,0.0019050691877228062
2025-08-29,0.0018929842155171153
2025-08-30,0.0018643850346470882
2025-08-31,0.0018557801591495176
2025-09-01,0.0018041855026746133
2025-09-02,0.0018838168441214235
2025-09-03,0.0018863251924521056
2025-09-04,0.0018294218920409994
2025-09-05,0.0018391026618235714
2025-09-06,0.0018167100104502444
2025-09-07,0.001857269145893149
2025-09-08,0.001911159712733432
2025-09-09,0.001947902998171395
2025-09-10,0.0019655671237181283
2025-09-11,0.0019804437153300666
2025-09-12,0.00208699388591025
2025-09-13,0.00209223664532416
2025-09-14,0.002084417111463914
2025-09-15,0.002030038658746017
2025-09-16,0.0020282703965695073
2025-09-17,0.002102349012548255
2025-09-18,0.0021140775443737117
2025-09-19,0.0020620196719561778
2025-09-20,0.002070414997978722
2025-09-21,0.0020517168435593984
2025-09-22,0.001955648451408621
2025-09-23,0.0019079431717772166
2025-09-24,0.001868515050859761
2025-09-25,0.001764163429914755
2025-09-26,0.0018717278355756452
2025-09-27,0.0018561243390334795
2025-09-28,0.0018795289338324288
2025-09-29,0.0018623487135607678
2025-09-30,0.0018301795697295718
2025-10-01,0.0018683343658184603
2025-10-02,0.0019460923495136753
2025-10-03,0.0019056888749658467
2025-10-04,0.0018623843504384525
2025-10-05,0.0018508198672019913
2025-10-06,0.0018638181899600108
2025-10-07,0.0018153989414215193
2025-10-08,0.0018572531167304217
2025-10-09,0.0018157841475072883
2025-10-10,0.00166643040828278
2025-10-11,0.001606872761953773
2025-10-12,0.001714933983324888
2025-10-13,0.0018076285717183096
2025-10-14,0.0017898049281713914
2025-10-15,0.0017513659903707587
2025-10-16,0.0017071421708882836
2025-10-17,0.001709763973141231
2025-10-18,0.0017505907626861532
2025-10-19,0.0017282036135487819
2025-10-20,0.001715819765350044
2025-10-21,0.0017115744556714344
2025-10-22,0.0016728618985560142
2025-10-23,0.0017387912291924334
2025-10-24,0.001743253081327131
2025-10-25,0.00173806318417362
2025-10-26,0.0017473954098055665
2025-10-27,0.0017415254518485103
2025-10-28,0.0017214004779076701
2025-10-29,0.001766483441803301
2025-10-30,0.001704662646494906
2025-10-31,0.0017087990827193444
2025-11-01,0.0016933786178963037
2025-11-02,0.0016976374740129694
2025-11-03,0.001558841471708304
2025-11-04,0.0015297015678731568
2025-11-05,0.0015647627081538755
2025-11-06,0.0015307398297081764
2025-11-07,0.0015643263180707828
2025-11-08,0.0015457492755560963
2025-11-09,0.001570420230451263
2025-11-10,0.0015789847435029604
2025-11-11,0.001500700267038571
2025-11-12,0.001507547057626639
2025-11-13,0.0014554877113512681
2025-11-14,0.001469066241930653
2025-11-15,0.001460350032503315
2025-11-16,0.0014575280370169527
2025-11-17,0.0014208139966046874
2025-11-18,0.0015138901464523172
2025-11-19,0.0014952765420647718
2025-11-20,0.0015412007965545313
2025-11-21,0.0015101594230278027
2025-11-22,0.0015068360663865403
2025-11-23,0.0015057318253865683
2025-11-24,0.0015675820934007764
2025-11-25,0.0015902007937422997
2025-11-26,0.0015799245635554284
2025-11-27,0.0015429240996084738
2025-11-28,0.0015111230475681292
2025-11-29,0.001497843455008051
2025-11-30,0.0014775799012347983
2025-12-01,0.0014678720748853692
2025-12-02,0.0015180503693568177
2025-12-03,0.001549255849843784
2025-12-04,0.0015087049568225815
2025-12-05,0.0014915129466222172
2025-12-06,0.001482524125823148
2025-12-07,0.0014611208546428155
2025-12-08,0.001470409643455503
2025-12-09,0.0014877448040754048
2025-12-10,0.0014830213294892696
2025-12-11,0.0014741065555965228
2025-12-12,0.0014658656041206227
2025-12-13,0.0014756297809527146
2025-12-14,0.00146845285509191
2025-12-15,0.0014783318862554707
2025-12-16,0.0014713723012901069
2025-12-17,0.0014292365170591474
2025-12-18,0.001399094823487337
2025-12-19,0.0014323258085560528
2025-12-20,0.0014240812760898623
2025-12-21,0.00142167696817646
2025-12-22,0.0014216432271567626
2025-12-23,0.0014169036525195926
2025-12-24,0.0013977384091726024
2025-12-25,0.0013749925506593783
2025-12-26,0.0013997016292464784
2025-12-27,0.0014196429567470846
2025-12-28,0.0014253790009830128
2025-12-29,0.0014129889391570425
2025-12-30,0.0014127686594718092
2025-12-31,0.0014225360940146217
2026-01-01,0.001428584343628645
2026-01-02,0.001469054584409986
2026-01-03,0.001471233858884397
2026-01-04,0.0014647685940289176
2026-01-05,0.0014698148706637042
2026-01-06,0.001505386509470118
2026-01-07,0.001492891500813994
2026-01-08,0.0015192551287725705
2026-01-09,0.0014998535139012592
2026-01-10,0.00150162670428846
2026-01-11,0.001535774112994547
2026-01-12,0.0015257332976453698
2026-01-13,0.0015249491612005324
2026-01-14,0.0015140186201222313
2026-01-15,0.0014895936613797153
2026-01-16,0.0015164647571012696
2026-01-17,0.0015113122561672386
2026-01-18,0.00147376795932686
2026-01-19,0.0014406647428622436
2026-01-20,0.0014234450982495172
2026-01-21,0.001447566271437139
2026-01-22,0.001433990918599842
2026-01-23,0.0014229728030771798
2026-01-24,0.001425797000104943
2026-01-25,0.001371951179962286
2026-01-26,0.0014064092690942466
2026-01-27,0.0014259385993683194
2026-01-28,0.0014029158397207775
2026-01-29,0.001390770584450839
2026-01-30,0.0013950423356414302
2026-01-31,0.0013411365058469203
2026-02-01,0.001310181898588706
2026-02-02,0.0013276501725436405
2026-02-03,0.0012899554211022021
2026-02-04,0.0012603352323530077
2026-02-05,0.00124696651307114
2026-02-06,0.0012396611273874471
2026-02-07,0.0012649731686928823
2026-02-08,0.0012388023093260032
2026-02-09,0.00123646343752855
2026-02-10,0.0012052726785525892
2026-02-11,0.0011830410577798388
2026-02-12,0.0011831208199731937
2026-02-13,0.0012245887424147395
2026-02-14,0.0012636353217715707
2026-02-15,0.001250288742315632
2026-02-16,0.0012554448682972072
2026-02-17,0.0012622949124476517
2026-02-18,0.0012279496365734852
2026-02-19,0.0012305301224085278
2026-02-20,0.0012445347240595131
2026-02-21,0.0012530355500333047
2026-02-22,0.0012236435580227684
2026-02-23,0.0012032999630559032
2026-02-24,0.0012334030729374656
2026-02-25,0.0012936351079062217
2026-02-26,0.00127359989329498
2026-02-27,0.0012439169629156503
2026-02-28,0.0012592745463222423
2026-03-01,0.0012713731857235452
2026-03-02,0.0012596648317127117
2026-03-03,0.0012741997900738732
2026-03-05,0.0012511678701422383
